*----------------------------------------------------------------------------
* Output table number  :  0 (=first output table)
* Output table format  : Spreadsheet output
* Simulation results
* LINGRA-new-JRC
 
TIME	SLA	YEAR	DAVTMP	DTR	DAYL	LAI	TILLER	YIELD	WLVG	WLVD1	WRE	WRT	WRTMIN	RRATIO	SLAINT	PARCU	LUEYCU	RUNNR	GRASS	TADRW	VP	NEWBIO	TRANRF	TRAN	PTRAN	EVAP	PEVAP	WC	WA	RAIN	RAINCU	WN	TRAMCU	TRACU	EVAMCU	EVACU	IRRCU	GTW	GTWSI	LENGTH
 
   1.00000    	 2.50000E-03	       -    	       -    	       -    	       -    	       -    	       -    	       -    	       -    	       -    	       -    	       -    	       -    	       -    	       -    	       -    	       -    	       -    	       -    	       -    	       -    	       -    	       -    	       -    	       -    	       -    	       -    	       -    	       -    	       -    	       -    	       -    	       -    	       -    	       -    	       -    	       -    	       -    	       -    	       -    
   1.00000    	       -    	  1989.0    	  6.4500    	 0.90000    	 0.31733    	 0.10000    	  7000.0    	  0.0000    	  40.000    	  0.0000    	  200.00    	  4.0000    	 -4.0000    	  0.0000    	 2.50000E-03	  0.0000    	  0.0000    	  0.0000    	  0.0000    	  40.000    	 0.90000    	  0.0000    	  1.0000    	 1.60141E-03	 1.60141E-03	 4.90198E-02	 4.90198E-02	 0.29000    	  116.00    	  0.0000    	  0.0000    	 0.80000    	  0.0000    	  0.0000    	  0.0000    	  0.0000    	  0.0000    	  65.871    	  65.871    	  0.0000    
   2.00000    	       -    	  1989.0    	  5.8500    	  1.7300    	 0.31817    	 0.23651    	  7042.5    	  0.0000    	  94.604    	 0.39801    	  134.44    	  14.869    	 -14.869    	  0.0000    	 2.50000E-03	 2.62060E-02	  0.0000    	  0.0000    	  0.0000    	  94.604    	 0.81000    	-8.35390E-02	  1.0000    	 1.45585E-02	 1.45585E-02	 0.14732    	 0.14732    	 0.29000    	  116.00    	  0.0000    	  0.0000    	  1.5000    	 1.60141E-03	 1.60141E-03	 4.90198E-02	 4.90198E-02	 5.06212E-02	  58.068    	  58.068    	 0.65479    
   3.00000    	       -    	  1989.0    	  2.7000    	  2.4000    	 0.31907    	 0.35537    	  7088.4    	  0.0000    	  142.15    	  1.3393    	  77.848    	  24.450    	 -24.450    	  1.0000    	 2.50000E-03	 0.14064    	  0.0000    	  0.0000    	  0.0000    	  142.15    	 0.66000    	 0.44793    	  1.0000    	 5.17162E-02	 5.17162E-02	 0.30287    	 0.30287    	 0.29000    	  116.00    	  0.0000    	  0.0000    	  2.8000    	 1.61599E-02	 1.61599E-02	 0.19634    	 0.19634    	 0.21250    	  0.0000    	  0.0000    	  1.2285    
   4.00000    	       -    	  1989.0    	  2.9500    	 0.66000    	 0.32004    	 0.35184    	  7135.7    	  0.0000    	  140.74    	  2.7537    	  80.911    	  24.450    	 -24.450    	  1.0000    	 2.50000E-03	 0.37107    	  0.0000    	  0.0000    	  0.0000    	  140.74    	 0.68000    	  2.0966    	  1.0000    	  0.0000    	  0.0000    	 0.12676    	 0.12676    	 0.29000    	  116.00    	  1.8000    	  0.0000    	  3.8000    	 6.78762E-02	 6.78762E-02	 0.49921    	 0.49921    	 0.56709    	  0.0000    	  0.0000    	  1.2285    
   5.00000    	       -    	  1989.0    	  3.9500    	  1.9600    	 0.32108    	 0.34834    	  7175.4    	  0.0000    	  139.34    	  4.1541    	  81.651    	  24.450    	 -24.450    	  1.0000    	 2.50000E-03	 0.43388    	  0.0000    	  0.0000    	  0.0000    	  139.34    	 0.77000    	  1.4363    	  1.0000    	 5.82847E-03	 5.82847E-03	 0.29107    	 0.29107    	 0.29000    	  116.00    	  5.4000    	  1.8000    	  3.9000    	 6.78762E-02	 6.78762E-02	 0.62597    	 0.62597    	 0.56709    	  25.551    	  25.551    	  1.2285    
   6.00000    	       -    	  1989.0    	  6.9500    	  1.4100    	 0.32218    	 0.39821    	  7209.5    	  0.0000    	  159.28    	  5.5405    	  58.055    	  28.666    	 -28.666    	  1.0000    	 2.50000E-03	 0.61871    	  0.0000    	  0.0000    	  0.0000    	  159.28    	 0.97000    	  2.0046    	  1.0000    	  0.0000    	  0.0000    	 0.19333    	 0.19333    	 0.29000    	  116.00    	  5.5000    	  7.2000    	  2.3000    	 7.37046E-02	 7.37046E-02	 0.91704    	 0.91704    	 0.56708    	  59.566    	  74.263    	  1.4763    
   7.00000    	       -    	  1989.0    	  4.9500    	  1.9100    	 0.32335    	 0.51859    	  7241.1    	  0.0000    	  207.44    	  7.1254    	  0.0000    	  38.494    	 -38.494    	  1.0000    	 2.50000E-03	 0.76854    	  0.0000    	  0.0000    	  0.0000    	  207.44    	 0.86971    	  1.9312    	  1.0000    	 6.48435E-02	 6.48435E-02	 0.24826    	 0.24826    	 0.29000    	  116.00    	  0.0000    	  12.700    	  2.4000    	 7.37046E-02	 7.37046E-02	  1.1104    	  1.1104    	 0.56709    	  2.9237    	  45.277    	  2.1931    
   8.00000    	       -    	  1989.0    	  9.1500    	 0.60000    	 0.32457    	 0.51954    	  7278.2    	  0.0000    	  207.81    	  9.1894    	  0.0000    	  38.977    	 -38.977    	  1.0000    	 2.50000E-03	  1.0239    	  0.0000    	  0.0000    	  0.0000    	  207.81    	  1.1000    	  2.7909    	  1.0000    	  0.0000    	  0.0000    	 9.45953E-02	 9.45953E-02	 0.29000    	  116.00    	 0.20000    	  12.700    	  3.4000    	 0.13855    	 0.13855    	  1.3586    	  1.3586    	 0.88019    	 0.92188    	  98.846    	  2.6282    
   9.00000    	       -    	  1989.0    	  8.0500    	 0.54000    	 0.32586    	 0.51629    	  7315.6    	  0.0000    	  206.52    	  11.257    	  0.0000    	  39.129    	 -39.129    	  1.0000    	 2.50000E-03	  1.1043    	  0.0000    	  0.0000    	  0.0000    	  206.52    	  1.0200    	  1.6449    	  1.0000    	  0.0000    	  0.0000    	 7.83652E-02	 7.83652E-02	 0.29000    	  116.00    	 0.30000    	  12.900    	  3.2000    	 0.13855    	 0.13855    	  1.4532    	  1.4532    	 0.90467    	  1.0081    	  88.177    	  3.5732    
   10.0000    	       -    	  1989.0    	  4.5500    	 0.73000    	 0.32721    	 0.51326    	  7366.3    	  0.0000    	  205.30    	  13.312    	  0.0000    	  39.295    	 -39.295    	  1.0000    	 2.50000E-03	  1.1762    	  0.0000    	  0.0000    	  0.0000    	  205.30    	 0.84570    	 0.59821    	  1.0000    	  0.0000    	  0.0000    	 9.39060E-02	 9.39060E-02	 0.29000    	  116.00    	  3.7000    	  13.200    	  2.7000    	 0.13855    	 0.13855    	  1.5316    	  1.5316    	 0.90467    	  1.5136    	  38.657    	  4.4119    
   11.0000    	       -    	  1989.0    	  2.6500    	  2.1100    	 0.32862    	 0.51131    	  7426.8    	  0.0000    	  204.52    	  15.355    	  0.0000    	  39.545    	 -39.545    	  1.0000    	 2.50000E-03	  1.2729    	  0.0000    	  0.0000    	  0.0000    	  204.52    	 0.68000    	 6.89735E-02	  1.0000    	 6.33563E-02	 6.33563E-02	 0.24745    	 0.24745    	 0.29000    	  116.00    	  0.0000    	  16.900    	  2.8000    	 0.13855    	 0.13855    	  1.6255    	  1.6255    	 0.90467    	  0.0000    	  0.0000    	  4.7770    
   12.0000    	       -    	  1989.0    	  5.6000    	 0.91000    	 0.33009    	 0.50622    	  7484.0    	  0.0000    	  202.49    	  17.390    	  4.1838    	  39.545    	 -39.545    	  1.0000    	 2.50000E-03	  1.5516    	  0.0000    	  0.0000    	  0.0000    	  202.49    	 0.82000    	  2.2177    	  1.0000    	  0.0000    	  0.0000    	 0.18344    	 0.18344    	 0.29000    	  116.00    	  3.6000    	  16.900    	  4.3000    	 0.20190    	 0.20190    	  1.8729    	  1.8729    	  1.2155    	  5.7689    	  57.810    	  4.7770    
   13.0000    	       -    	  1989.0    	  5.0000    	  3.9500    	 0.33161    	 0.51323    	  7532.1    	  0.0000    	  205.29    	  19.405    	  0.0000    	  40.497    	 -40.497    	  1.0000    	 2.50000E-03	  1.6708    	  0.0000    	  0.0000    	  0.0000    	  205.29    	 0.72000    	  1.7880    	  1.0000    	 0.15447    	 0.15447    	 0.58868    	 0.58868    	 0.29000    	  116.00    	  0.0000    	  20.500    	  3.9000    	 0.20190    	 0.20190    	  2.0564    	  2.0564    	  1.2155    	  7.0820    	  48.000    	  5.3145    
   14.0000    	       -    	  1989.0    	  6.9500    	  2.5400    	 0.33318    	 0.52290    	  7581.6    	  0.0000    	  209.16    	  21.447    	  0.0000    	  41.665    	 -41.665    	  1.0000    	 2.50000E-03	  2.1943    	  0.0000    	  0.0000    	  0.0000    	  209.16    	 0.80000    	  6.8273    	  1.0000    	 8.39683E-02	 8.39683E-02	 0.54099    	 0.54099    	 0.29000    	  116.00    	 0.40000    	  20.500    	  4.9000    	 0.35637    	 0.35637    	  2.6451    	  2.6451    	  1.9586    	  4.5748    	  78.095    	  5.7580    
   15.0000    	       -    	  1989.0    	  6.3000    	  2.0700    	 0.33481    	 0.52725    	  7630.4    	  0.0000    	  210.90    	  23.529    	  0.0000    	  42.420    	 -42.420    	  1.0000    	 2.50000E-03	  2.5363    	  0.0000    	  0.0000    	  0.0000    	  210.90    	 0.88000    	  9.3210    	  1.0000    	 0.10049    	 0.10049    	 0.36604    	 0.36604    	 0.29000    	  116.00    	  0.0000    	  20.900    	  5.2000    	 0.44034    	 0.44034    	  3.1861    	  3.1861    	  2.3143    	  4.0444    	  69.662    	  6.4747    
   16.0000    	       -    	  1989.0    	  6.7500    	  1.1800    	 0.33649    	 0.53045    	  7685.4    	  0.0000    	  212.18    	  25.627    	  0.0000    	  43.088    	 -43.088    	  1.0000    	 2.50000E-03	  2.8170    	  0.0000    	  0.0000    	  0.0000    	  212.18    	 0.91000    	  11.267    	  1.0000    	 4.41883E-02	 4.41883E-02	 0.16446    	 0.16446    	 0.29000    	  116.00    	  0.0000    	  20.900    	  3.2000    	 0.54084    	 0.54084    	  3.5521    	  3.5521    	  2.7808    	  2.4041    	  76.488    	  7.1100    
   17.0000    	       -    	  1989.0    	  2.8000    	 0.75000    	 0.33821    	 0.53019    	  7743.9    	  0.0000    	  212.08    	  27.738    	  0.0000    	  43.484    	 -43.484    	  1.0000    	 2.50000E-03	  2.9778    	  0.0000    	  0.0000    	  0.0000    	  212.08    	 0.74739    	  11.560    	  1.0000    	  0.0000    	  0.0000    	 9.01494E-02	 9.01494E-02	 0.29000    	  116.00    	 0.80000    	  20.900    	  3.4000    	 0.58502    	 0.58502    	  3.7166    	  3.7166    	  2.9895    	  0.0000    	  0.0000    	  7.8025    
   18.0000    	       -    	  1989.0    	  2.7000    	  2.7100    	 0.33999    	 0.52491    	  7807.4    	  0.0000    	  209.97    	  29.849    	  1.6046    	  43.484    	 -43.484    	  1.0000    	 2.50000E-03	  3.0800    	  0.0000    	  0.0000    	  0.0000    	  209.97    	 0.71000    	  11.054    	  1.0000    	 8.08967E-02	 8.08967E-02	 0.30784    	 0.30784    	 0.29000    	  116.00    	  0.0000    	  21.700    	  2.1000    	 0.58502    	 0.58502    	  3.8067    	  3.8067    	  2.9895    	  0.0000    	  0.0000    	  7.8025    
   19.0000    	       -    	  1989.0    	 0.70000    	  1.1600    	 0.34181    	 0.51969    	  7861.3    	  0.0000    	  207.88    	  31.938    	  6.7345    	  43.484    	 -43.484    	  1.0000    	 2.50000E-03	  3.4461    	  0.0000    	  0.0000    	  0.0000    	  207.88    	 0.62000    	  14.095    	  1.0000    	 2.90066E-02	 2.90066E-02	 0.11303    	 0.11303    	 0.29000    	  116.00    	  0.0000    	  21.700    	  1.8000    	 0.66592    	 0.66592    	  4.1145    	  4.1145    	  3.3782    	  0.0000    	  0.0000    	  7.8025    
   20.0000    	       -    	  1989.0    	 0.85000    	 0.72000    	 0.34368    	 0.51452    	  7906.7    	  0.0000    	  205.81    	  34.006    	  8.6660    	  43.484    	 -43.484    	  1.0000    	 2.50000E-03	  3.6014    	  0.0000    	  0.0000    	  0.0000    	  205.81    	 0.61000    	  13.958    	  1.0000    	 1.84454E-02	 1.84454E-02	 7.24319E-02	 7.24319E-02	 0.29000    	  116.00    	  0.0000    	  21.700    	  2.6000    	 0.69493    	 0.69493    	  4.2276    	  4.2276    	  3.5203    	  0.0000    	  0.0000    	  7.8025    
   21.0000    	       -    	  1989.0    	  4.3500    	  1.0700    	 0.34559    	 0.50940    	  7938.7    	  0.0000    	  203.76    	  36.054    	  9.6039    	  43.484    	 -43.484    	  1.0000    	 2.50000E-03	  3.6971    	  0.0000    	  0.0000    	  0.0000    	  203.76    	 0.73000    	  12.848    	  1.0000    	  0.0000    	  0.0000    	 0.18285    	 0.18285    	 0.29000    	  116.00    	 0.50000    	  21.700    	  3.8000    	 0.71337    	 0.71337    	  4.3000    	  4.3000    	  3.6111    	  10.666    	  37.404    	  7.8025    
   22.0000    	       -    	  1989.0    	  4.5000    	  4.5500    	 0.34755    	 0.52660    	  7960.7    	  0.0000    	  210.64    	  38.081    	  0.0000    	  45.244    	 -45.244    	  1.0000    	 2.50000E-03	  3.8379    	  0.0000    	  0.0000    	  0.0000    	  210.64    	 0.76000    	  11.883    	  1.0000    	 0.13182    	 0.13182    	 0.50592    	 0.50592    	 0.29000    	  116.00    	  0.0000    	  22.200    	  1.5000    	 0.71337    	 0.71337    	  4.4829    	  4.4829    	  3.6111    	  4.6802    	  40.726    	  8.1304    
   23.0000    	       -    	  1989.0    	  2.8500    	  4.2200    	 0.34954    	 0.53113    	  7982.8    	  0.0000    	  212.45    	  40.177    	  0.0000    	  46.016    	 -46.016    	  1.0000    	 2.50000E-03	  4.4543    	  0.0000    	  0.0000    	  0.0000    	  212.45    	 0.68000    	  14.467    	  1.0000    	 0.12980    	 0.12980    	 0.48651    	 0.48651    	 0.29000    	  116.00    	  0.0000    	  22.200    	  2.5000    	 0.84519    	 0.84519    	  4.9888    	  4.9888    	  4.2489    	  0.0000    	  0.0000    	  8.4863    
   24.0000    	       -    	  1989.0    	 -1.6000    	  1.1400    	 0.35158    	 0.52584    	  8005.5    	  0.0000    	  210.34    	  42.291    	  4.4535    	  46.016    	 -46.016    	  1.0000    	 2.50000E-03	  5.0301    	  0.0000    	  0.0000    	  0.0000    	  210.34    	 0.54339    	  16.806    	  1.0000    	 3.08363E-02	 3.08363E-02	 0.11621    	 0.11621    	 0.29000    	  116.00    	  0.0000    	  22.200    	  2.3000    	 0.97500    	 0.97500    	  5.4753    	  5.4753    	  4.8652    	  0.0000    	  0.0000    	  8.4863    
   25.0000    	       -    	  1989.0    	 0.35000    	  4.3400    	 0.35365    	 0.52061    	  8024.8    	  0.0000    	  208.24    	  44.384    	  5.5132    	  46.016    	 -46.016    	  1.0000    	 2.50000E-03	  5.1843    	  0.0000    	  0.0000    	  0.0000    	  208.24    	 0.54000    	  15.773    	  1.0000    	 0.11514    	 0.11514    	 0.44364    	 0.44364    	 0.29000    	  116.00    	  0.0000    	  22.200    	  2.3000    	  1.0058    	  1.0058    	  5.5915    	  5.5915    	  5.0123    	  0.0000    	  0.0000    	  8.4863    
   26.0000    	       -    	  1989.0    	  2.5500    	  5.6000    	 0.35576    	 0.51543    	  8031.5    	  0.0000    	  206.17    	  46.456    	  7.5065    	  46.016    	 -46.016    	  1.0000    	 2.50000E-03	  5.7665    	  0.0000    	  0.0000    	  0.0000    	  206.17    	 0.56000    	  15.695    	  1.0000    	 0.14612    	 0.14612    	 0.57614    	 0.57614    	 0.29000    	  116.00    	  0.0000    	  22.200    	  2.1000    	  1.1210    	  1.1210    	  6.0351    	  6.0351    	  5.5710    	  0.0000    	  0.0000    	  8.4863    
   27.0000    	       -    	  1989.0    	  3.8500    	  5.4600    	 0.35790    	 0.51030    	  8032.6    	  0.0000    	  204.12    	  48.508    	  8.6174    	  46.016    	 -46.016    	  1.0000    	 2.50000E-03	  6.5113    	  0.0000    	  0.0000    	  0.0000    	  204.12    	 0.58000    	  14.754    	  1.0000    	 0.16324    	 0.16324    	 0.64246    	 0.64246    	 0.29000    	  116.00    	  0.0000    	  22.200    	  2.7000    	  1.2671    	  1.2671    	  6.6113    	  6.6113    	  6.2933    	  9.3896    	  26.147    	  8.4863    
   28.0000    	       -    	  1989.0    	  4.6000    	  5.7300    	 0.36008    	 0.52482    	  8032.6    	  0.0000    	  209.93    	  50.539    	  0.0000    	  47.566    	 -47.566    	  1.0000    	 2.50000E-03	  7.2313    	  0.0000    	  0.0000    	  0.0000    	  209.93    	 0.64000    	  13.495    	  1.0000    	 0.10495    	 0.10495    	 0.65477    	 0.65477    	 0.29000    	  116.00    	 0.40000    	  22.200    	  2.4000    	  1.4303    	  1.4303    	  7.2537    	  7.2537    	  7.0990    	  1.1417    	  43.200    	  8.7128    
   29.0000    	       -    	  1989.0    	  3.3500    	  1.6700    	 0.36229    	 0.52199    	  8033.6    	  0.0000    	  208.79    	  52.627    	  0.0000    	  47.754    	 -47.754    	  1.0000    	 2.50000E-03	  8.0053    	  0.0000    	  0.0000    	  0.0000    	  208.79    	 0.77000    	  12.548    	  1.0000    	 5.23726E-02	 5.23726E-02	 0.19979    	 0.19979    	 0.29000    	  116.00    	  0.0000    	  22.600    	  1.7000    	  1.5353    	  1.5353    	  7.9085    	  7.9085    	  7.5899    	 0.51362    	  12.820    	  9.0871    
   30.0000    	       -    	  1989.0    	  3.4500    	  2.5200    	 0.36453    	 0.51786    	  8036.9    	  0.0000    	  207.15    	  54.705    	  0.0000    	  47.839    	 -47.839    	  1.0000    	 2.50000E-03	  8.2298    	  0.0000    	  0.0000    	  0.0000    	  207.15    	 0.73000    	  10.984    	  1.0000    	 7.45465E-02	 7.45465E-02	 0.28891    	 0.28891    	 0.29000    	  116.00    	  0.0000    	  22.600    	  2.3000    	  1.5877    	  1.5877    	  8.1083    	  8.1083    	  7.8421    	 0.76352    	  15.645    	  9.1981    
   31.0000    	       -    	  1989.0    	  2.7000    	  1.9000    	 0.36681    	 0.51430    	  8040.2    	  0.0000    	  205.72    	  56.766    	  0.0000    	  47.965    	 -47.965    	  1.0000    	 2.50000E-03	  8.5663    	  0.0000    	  0.0000    	  0.0000    	  205.72    	 0.71000    	  9.6865    	  1.0000    	 5.35818E-02	 5.35818E-02	 0.20971    	 0.20971    	 0.29000    	  116.00    	  0.0000    	  22.600    	  2.0000    	  1.6622    	  1.6622    	  8.3972    	  8.3972    	  8.2055    	  0.0000    	  0.0000    	  9.3335    
   32.0000    	       -    	  1989.0    	  2.0000    	 0.81000    	 0.36911    	 0.50919    	  8043.5    	  0.0000    	  203.67    	  58.813    	 0.58317    	  47.965    	 -47.965    	  1.0000    	 2.50000E-03	  8.8185    	  0.0000    	  0.0000    	  0.0000    	  203.67    	 0.66000    	  8.2227    	  1.0000    	 2.38147E-02	 2.38147E-02	 9.33879E-02	 9.33879E-02	 0.29000    	  116.00    	  0.0000    	  22.600    	  2.9000    	  1.7158    	  1.7158    	  8.6069    	  8.6069    	  8.4688    	  0.0000    	  0.0000    	  9.3335    
   33.0000    	       -    	  1989.0    	 0.50000    	  1.5200    	 0.37143    	 0.50412    	  8045.7    	  0.0000    	  201.65    	  60.840    	 0.78582    	  47.965    	 -47.965    	  1.0000    	 2.50000E-03	  8.9252    	  0.0000    	  0.0000    	  0.0000    	  201.65    	 0.57000    	  6.3987    	  1.0000    	 3.90745E-02	 3.90745E-02	 0.15632    	 0.15632    	 0.29000    	  116.00    	  0.0000    	  22.600    	  2.6000    	  1.7396    	  1.7396    	  8.7003    	  8.7003    	  8.5860    	  0.0000    	  0.0000    	  9.3335    
   34.0000    	       -    	  1989.0    	  1.8000    	  1.6000    	 0.37379    	 0.49910    	  8045.8    	  0.0000    	  199.64    	  62.846    	  1.0061    	  47.965    	 -47.965    	  1.0000    	 2.50000E-03	  9.1235    	  0.0000    	  0.0000    	  0.0000    	  199.64    	 0.68000    	  4.6126    	  1.0000    	 4.83617E-02	 4.83617E-02	 0.19279    	 0.19279    	 0.29000    	  116.00    	  0.0000    	  22.600    	  3.4000    	  1.7787    	  1.7787    	  8.8566    	  8.8566    	  8.7814    	  0.0000    	  0.0000    	  9.3335    
   35.0000    	       -    	  1989.0    	  2.8500    	  3.1800    	 0.37617    	 0.49414    	  8045.8    	  0.0000    	  197.66    	  64.833    	  1.0061    	  47.965    	 -47.965    	  1.0000    	 2.50000E-03	  9.3306    	  0.0000    	  0.0000    	  0.0000    	  197.66    	 0.66000    	  2.6261    	  1.0000    	 0.11974    	 0.11974    	 0.47311    	 0.47311    	 0.29000    	  116.00    	  0.0000    	  22.600    	  4.5000    	  1.8270    	  1.8270    	  9.0494    	  9.0494    	  9.0226    	  0.0000    	  0.0000    	  9.3335    
   36.0000    	       -    	  1989.0    	  6.5500    	  4.7000    	 0.37857    	 0.48922    	  8045.8    	  0.0000    	  195.69    	  66.799    	  1.0061    	  47.965    	 -47.965    	  1.0000    	 2.50000E-03	  9.7385    	  0.0000    	  0.0000    	  0.0000    	  195.69    	 0.86000    	 0.65944    	  1.0000    	 0.11520    	 0.11520    	 0.71304    	 0.71304    	 0.29000    	  116.00    	  5.0000    	  22.600    	  4.1000    	  1.9468    	  1.9468    	  9.5225    	  9.5225    	  9.6154    	  1.0061    	  77.189    	  9.3335    
   37.0000    	       -    	  1989.0    	  10.000    	  5.6900    	 0.38100    	 0.48645    	  8045.8    	  0.0000    	  194.58    	  68.746    	  0.0000    	  48.131    	 -48.131    	  0.0000    	 2.50000E-03	  10.336    	  0.0000    	  0.0000    	  0.0000    	  194.58    	  1.0100    	 -1.2877    	  1.0000    	 0.28033    	 0.28033    	  1.1206    	  1.1206    	 0.29000    	  116.00    	  0.0000    	  27.600    	  5.5000    	  2.0620    	  2.0620    	  10.236    	  10.236    	  9.6154    	 0.79293    	  117.80    	  10.001    
   38.0000    	       -    	  1989.0    	  8.8500    	  6.6800    	 0.38345    	 0.48327    	  8045.9    	  0.0000    	  193.31    	  70.683    	  0.0000    	  48.262    	 -48.262    	  0.0000    	 2.50000E-03	  11.056    	  0.0000    	  0.0000    	  0.0000    	  193.31    	 0.93000    	 -2.4309    	  1.0000    	 0.24880    	 0.24880    	  1.0272    	  1.0272    	 0.29000    	  116.00    	  0.0000    	  27.600    	  3.5000    	  2.3423    	  2.3423    	  11.356    	  11.356    	  11.016    	  4.3640    	  106.07    	  11.020    
   39.0000    	       -    	  1989.0    	  6.1000    	  7.1300    	 0.38592    	 0.48757    	  8058.8    	  0.0000    	  195.03    	  72.606    	  0.0000    	  48.982    	 -48.982    	  1.0000    	 2.50000E-03	  11.897    	  0.0000    	  0.0000    	  0.0000    	  195.03    	 0.80000    	 9.71222E-03	  1.0000    	 0.21338    	 0.21338    	 0.88776    	 0.88776    	 0.29000    	  116.00    	  0.0000    	  27.600    	  2.0000    	  2.5911    	  2.5911    	  12.383    	  12.383    	  12.292    	  7.3981    	  70.471    	  11.937    
   40.0000    	       -    	  1989.0    	  5.8000    	  7.7300    	 0.38841    	 0.49816    	  8083.9    	  0.0000    	  199.26    	  74.547    	  0.0000    	  50.202    	 -50.202    	  1.0000    	 2.50000E-03	  12.801    	  0.0000    	  0.0000    	  0.0000    	  199.26    	 0.73000    	  5.4673    	  1.0000    	 0.24197    	 0.24197    	 0.97817    	 0.97817    	 0.29000    	  116.00    	  0.0000    	  27.600    	  2.5000    	  2.8045    	  2.8045    	  13.271    	  13.271    	  13.393    	  9.2105    	  65.828    	  12.546    
   41.0000    	       -    	  1989.0    	  5.1500    	  7.2000    	 0.39091    	 0.51243    	  8113.8    	  0.0000    	  204.97    	  76.529    	  0.0000    	  51.722    	 -51.722    	  1.0000    	 2.50000E-03	  13.800    	  0.0000    	  0.0000    	  0.0000    	  204.97    	 0.68000    	  12.695    	  1.0000    	 0.21732    	 0.21732    	 0.85532    	 0.85532    	 0.29000    	  116.00    	  0.0000    	  27.600    	  2.3000    	  3.0465    	  3.0465    	  14.249    	  14.249    	  14.614    	  9.5109    	  54.568    	  13.112    
   42.0000    	       -    	  1989.0    	  5.5500    	  4.4800    	 0.39344    	 0.52719    	  8147.4    	  0.0000    	  210.88    	  78.569    	  0.0000    	  53.291    	 -53.291    	  1.0000    	 2.50000E-03	  14.753    	  0.0000    	  0.0000    	  0.0000    	  210.88    	 0.76000    	  20.166    	  1.0000    	 0.14022    	 0.14022    	 0.53445    	 0.53445    	 0.29000    	  116.00    	  0.0000    	  27.600    	  2.4000    	  3.2638    	  3.2638    	  15.105    	  15.105    	  15.686    	  6.2401    	  62.063    	  13.580    
   43.0000    	       -    	  1989.0    	  5.6500    	  1.8800    	 0.39598    	 0.53497    	  8182.5    	  0.0000    	  213.99    	  80.667    	  0.0000    	  54.321    	 -54.321    	  1.0000    	 2.50000E-03	  15.360    	  0.0000    	  0.0000    	  0.0000    	  213.99    	 0.81000    	  24.308    	  1.0000    	 2.33599E-02	 2.33599E-02	 0.32338    	 0.32338    	 0.29000    	  116.00    	 0.60000    	  27.600    	  4.4000    	  3.4040    	  3.4040    	  15.639    	  15.639    	  16.361    	  2.7811    	  64.074    	  14.110    
   44.0000    	       -    	  1989.0    	  3.9500    	  5.7300    	 0.39854    	 0.53545    	  8220.3    	  0.0000    	  214.18    	  82.796    	  0.0000    	  54.780    	 -54.780    	  1.0000    	 2.50000E-03	  15.618    	  0.0000    	  0.0000    	  0.0000    	  214.18    	 0.52000    	  24.960    	  1.0000    	 0.19277    	 0.19277    	 0.93002    	 0.93002    	 0.29000    	  116.00    	  8.8000    	  28.200    	  4.3000    	  3.4274    	  3.4274    	  15.962    	  15.962    	  16.361    	  8.8864    	  29.272    	  14.655    
   45.0000    	       -    	  1989.0    	  5.8000    	  4.9100    	 0.40112    	 0.54867    	  8260.9    	  0.0000    	  219.47    	  84.927    	  0.0000    	  56.246    	 -56.246    	  1.0000    	 2.50000E-03	  16.406    	  0.0000    	  0.0000    	  0.0000    	  219.47    	 0.65000    	  31.716    	  1.0000    	 0.24470    	 0.24470    	  1.0685    	  1.0685    	 0.29000    	  116.00    	 0.60000    	  37.000    	  5.9000    	  3.6201    	  3.6201    	  16.892    	  16.892    	  16.361    	  7.3887    	  67.269    	  14.903    
   46.0000    	       -    	  1989.0    	  6.8500    	  1.6600    	 0.40371    	 0.55864    	  8298.6    	  0.0000    	  223.46    	  87.111    	  0.0000    	  57.465    	 -57.465    	  1.0000    	 2.50000E-03	  17.094    	  0.0000    	  0.0000    	  0.0000    	  223.46    	 0.67000    	  36.920    	  1.0000    	 0.16380    	 0.16380    	 0.75143    	 0.75143    	 0.29000    	  116.00    	  13.900    	  37.600    	  6.2000    	  3.8648    	  3.8648    	  17.961    	  17.961    	  17.211    	  2.6797    	  84.047    	  15.470    
   47.0000    	       -    	  1989.0    	  2.5000    	  5.5100    	 0.40631    	 0.55867    	  8339.7    	  0.0000    	  223.47    	  89.335    	  0.0000    	  57.907    	 -57.907    	  1.0000    	 2.50000E-03	  17.331    	  0.0000    	  0.0000    	  0.0000    	  223.47    	 0.59000    	  37.377    	  1.0000    	 0.11682    	 0.11682    	 0.65522    	 0.65522    	 0.29000    	  116.00    	 0.20000    	  51.500    	  3.1000    	  4.0286    	  4.0286    	  18.712    	  18.712    	  17.211    	  0.0000    	  0.0000    	  16.174    
   48.0000    	       -    	  1989.0    	  2.2500    	  5.0400    	 0.40893    	 0.55311    	  8387.5    	  0.0000    	  221.25    	  91.558    	  9.8181    	  57.907    	 -57.907    	  1.0000    	 2.50000E-03	  18.115    	  0.0000    	  0.0000    	  0.0000    	  221.25    	 0.61000    	  44.971    	  1.0000    	 9.62759E-02	 9.62759E-02	 0.58832    	 0.58832    	 0.29000    	  116.00    	 0.20000    	  51.700    	  3.0000    	  4.1454    	  4.1454    	  19.368    	  19.368    	  17.923    	  0.0000    	  0.0000    	  16.174    
   49.0000    	       -    	  1989.0    	  9.7500    	 0.65000    	 0.41156    	 0.54761    	  8426.9    	  0.0000    	  219.04    	  93.759    	  17.619    	  57.907    	 -57.907    	  1.0000    	 2.50000E-03	  18.827    	  0.0000    	  0.0000    	  0.0000    	  219.04    	  1.1400    	  50.571    	  1.0000    	  0.0000    	  0.0000    	 0.18235    	 0.18235    	 0.29000    	  116.00    	  8.5000    	  51.900    	  5.8000    	  4.2417    	  4.2417    	  19.956    	  19.956    	  18.546    	  18.476    	  120.83    	  16.174    
   50.0000    	       -    	  1989.0    	  11.200    	  3.2800    	 0.41420    	 0.58073    	  8458.6    	  0.0000    	  232.29    	  95.939    	  0.0000    	  60.956    	 -60.956    	  1.0000    	 2.50000E-03	  18.918    	  0.0000    	  0.0000    	  0.0000    	  232.29    	  1.1800    	  49.249    	  1.0000    	 0.11737    	 0.11737    	 0.62199    	 0.62199    	 0.29000    	  116.00    	  7.3000    	  60.400    	  5.1000    	  4.2417    	  4.2417    	  20.138    	  20.138    	  18.546    	  6.0428    	  135.27    	  17.172    
   51.0000    	       -    	  1989.0    	  5.5500    	  7.9300    	 0.41685    	 0.58757    	  8506.8    	  0.0000    	  235.03    	  98.250    	  0.0000    	  61.953    	 -61.953    	  1.0000    	 2.50000E-03	  19.400    	  0.0000    	  0.0000    	  0.0000    	  235.03    	 0.79000    	  52.980    	  1.0000    	 0.24579    	 0.24579    	  1.0542    	  1.0542    	 0.29000    	  116.00    	  1.7000    	  67.700    	  3.7000    	  4.3591    	  4.3591    	  20.760    	  20.760    	  18.546    	  19.074    	  64.801    	  18.285    
   52.0000    	       -    	  1989.0    	  4.0000    	  8.4900    	 0.41952    	 0.62154    	  8578.5    	  0.0000    	  248.61    	  100.59    	  0.0000    	  65.100    	 -65.100    	 0.87643    	 2.50000E-03	  20.578    	  0.0000    	  0.0000    	  0.0000    	  248.61    	 0.62000    	  69.715    	  1.0000    	 0.24995    	 0.24995    	 0.80530    	 0.80530    	 0.29000    	  116.00    	  0.0000    	  69.400    	  1.1000    	  4.6049    	  4.6049    	  21.814    	  21.814    	  18.546    	  21.277    	  31.835    	  18.815    
   53.0000    	       -    	  1989.0    	  3.4500    	  8.3400    	 0.42219    	 0.65977    	  8649.6    	  0.0000    	  263.91    	  103.06    	  0.0000    	  68.611    	 -68.611    	 0.72991    	 2.50000E-03	  21.900    	  0.0000    	  0.0000    	  0.0000    	  263.91    	 0.67000    	  88.519    	  1.0000    	 0.26560    	 0.26560    	  1.0037    	  1.0037    	 0.29000    	  116.00    	  1.0000    	  69.400    	  3.7000    	  4.8548    	  4.8548    	  22.620    	  22.620    	  19.601    	  16.837    	  16.837    	  19.073    
   54.0000    	       -    	  1989.0    	  4.8000    	  6.1400    	 0.42487    	 0.68835    	  8713.8    	  0.0000    	  275.34    	  105.69    	  3.7360    	  71.389    	 -71.389    	 0.63296    	 2.50000E-03	  23.263    	  0.0000    	  0.0000    	  0.0000    	  275.34    	 0.71000    	  106.47    	  1.0000    	 0.20589    	 0.20589    	 0.79644    	 0.79644    	 0.29000    	  116.00    	  1.3000    	  70.400    	  3.9000    	  5.1204    	  5.1204    	  23.623    	  23.623    	  20.035    	  18.125    	  51.287    	  19.209    
   55.0000    	       -    	  1989.0    	  5.0000    	  9.2400    	 0.42757    	 0.71934    	  8770.0    	  0.0000    	  287.74    	  108.43    	  0.0000    	  74.380    	 -74.380    	 0.59585    	 2.50000E-03	  24.302    	  0.0000    	  0.0000    	  0.0000    	  287.74    	 0.66000    	  118.12    	  1.0000    	 0.37494    	 0.37494    	  1.2019    	  1.2019    	 0.29000    	  116.00    	 0.50000    	  71.700    	  4.1000    	  5.3263    	  5.3263    	  24.420    	  24.420    	  20.035    	  21.940    	  55.889    	  19.618    
   56.0000    	       -    	  1989.0    	  6.7500    	  4.5000    	 0.43027    	 0.75798    	  8824.3    	  0.0000    	  303.19    	  111.29    	  0.0000    	  78.000    	 -78.000    	 0.53939    	 2.50000E-03	  25.921    	  0.0000    	  0.0000    	  0.0000    	  303.19    	 0.70000    	  137.19    	  1.0000    	 0.31760    	 0.31760    	 0.95942    	 0.95942    	 0.29000    	  116.00    	  2.6000    	  72.200    	  6.1000    	  5.7013    	  5.7013    	  25.622    	  25.622    	  21.292    	  11.011    	  87.823    	  20.062    
   57.0000    	       -    	  1989.0    	  3.6000    	  3.2100    	 0.43297    	 0.77343    	  8877.5    	  0.0000    	  309.37    	  114.31    	  0.0000    	  79.817    	 -79.817    	 0.52220    	 2.50000E-03	  26.743    	  0.0000    	  0.0000    	  0.0000    	  309.37    	 0.66000    	  145.19    	  1.0000    	 0.14313    	 0.14313    	 0.54924    	 0.54924    	 0.29000    	  116.00    	  3.9000    	  74.800    	  5.9000    	  6.0189    	  6.0189    	  26.581    	  26.581    	  21.292    	  8.5234    	  21.788    	  20.754    
   58.0000    	       -    	  1989.0    	  3.9500    	  3.4500    	 0.43569    	 0.78352    	  8936.3    	  0.0000    	  313.41    	  117.39    	  0.0000    	  81.223    	 -81.223    	 0.51266    	 2.50000E-03	  27.339    	  0.0000    	  0.0000    	  0.0000    	  313.41    	 0.71000    	  150.63    	  1.0000    	 0.12457    	 0.12457    	 0.50867    	 0.50867    	 0.29000    	  116.00    	  3.6000    	  78.700    	  5.5000    	  6.1620    	  6.1620    	  27.130    	  27.130    	  21.292    	  8.5618    	  31.822    	  20.925    
   59.0000    	       -    	  1989.0    	  4.0500    	  6.5100    	 0.43841    	 0.79360    	  8988.8    	  0.0000    	  317.44    	  120.50    	  0.0000    	  82.636    	 -82.636    	 0.50383    	 2.50000E-03	  27.986    	  0.0000    	  0.0000    	  0.0000    	  317.44    	 0.69000    	  156.08    	  1.0000    	 0.26740    	 0.26740    	 0.83691    	 0.83691    	 0.29000    	  116.00    	  6.1000    	  82.300    	  4.9000    	  6.2866    	  6.2866    	  27.639    	  27.639    	  21.292    	  15.389    	  34.689    	  21.173    
   60.0000    	       -    	  1989.0    	  5.3500    	  2.0000    	 0.44114    	 0.81783    	  9036.9    	  7.1310    	  327.13    	  123.66    	  0.0000    	  85.175    	 -85.175    	 0.48231    	 2.50000E-03	  29.219    	 0.24405    	  0.0000    	  0.0000    	  327.13    	 0.79000    	  168.31    	  1.0000    	 0.10244    	 0.10244    	 0.43181    	 0.43181    	 0.29000    	  116.00    	  15.500    	  88.400    	  7.1000    	  6.5540    	  6.5540    	  28.476    	  28.476    	  21.292    	  4.6000    	  64.883    	  21.441    
   61.0000    	       -    	  1989.0    	  6.5000    	  5.1300    	 0.44387    	 0.81929    	  9081.4    	  7.7170    	  327.72    	  126.92    	  0.0000    	  85.934    	 -85.934    	 0.48296    	 2.50000E-03	  29.607    	 0.26065    	  0.0000    	  0.0000    	  327.72    	 0.82000    	  169.65    	  1.0000    	 0.20874    	 0.20874    	 0.68544    	 0.68544    	 0.29000    	  116.00    	  9.1000    	  103.90    	  4.3000    	  6.6564    	  6.6564    	  28.908    	  28.908    	  21.292    	  12.038    	  86.293    	  21.941    
   62.0000    	       -    	  1989.0    	  7.9500    	  4.7600    	 0.44661    	 0.83627    	  9127.3    	  14.508    	  334.51    	  130.18    	  0.0000    	  87.920    	 -87.920    	 0.47033    	 2.50000E-03	  30.603    	 0.47408    	  0.0000    	  0.0000    	  334.51    	 0.94000    	  178.43    	  1.0000    	 0.13754    	 0.13754    	 0.53437    	 0.53437    	 0.29000    	  116.00    	  1.5000    	  113.00    	  2.4000    	  6.8651    	  6.8651    	  29.593    	  29.593    	  21.292    	  12.186    	  108.65    	  22.602    
   63.0000    	       -    	  1989.0    	  7.4500    	  5.5100    	 0.44936    	 0.85339    	  9178.5    	  21.355    	  341.35    	  133.51    	  0.0000    	  89.931    	 -89.931    	 0.45882    	 2.50000E-03	  31.542    	 0.67702    	  0.0000    	  0.0000    	  341.35    	 0.93000    	  187.29    	  1.0000    	 0.20697    	 0.20697    	 0.66634    	 0.66634    	 0.29000    	  116.00    	 0.30000    	  114.50    	  3.4000    	  7.0027    	  7.0027    	  30.128    	  30.128    	  21.292    	  16.173    	  102.15    	  23.430    
   64.0000    	       -    	  1989.0    	  11.650    	  5.1400    	 0.45211    	 0.87866    	  9240.3    	  31.463    	  351.46    	  136.90    	  0.0000    	  92.599    	 -92.599    	 0.44286    	 2.50000E-03	  32.646    	 0.96374    	  0.0000    	  0.0000    	  351.46    	  1.1600    	  200.06    	  1.0000    	 0.17911    	 0.17911    	 0.60319    	 0.60319    	 0.29000    	  116.00    	 0.40000    	  114.80    	  2.4000    	  7.2096    	  7.2096    	  30.794    	  30.794    	  22.079    	  16.695    	  152.12    	  24.205    
   65.0000    	       -    	  1989.0    	  12.900    	  11.800    	 0.45486    	 0.90476    	  9310.0    	  41.906    	  361.91    	  140.40    	  0.0000    	  95.354    	 -95.354    	 0.42837    	 2.50000E-03	  33.699    	  1.2435    	  0.0000    	  0.0000    	  361.91    	  1.0000    	  213.26    	  1.0000    	 0.76352    	 0.76352    	  1.5202    	  1.5202    	 0.29000    	  116.00    	  0.0000    	  115.20    	  3.0000    	  7.3888    	  7.3888    	  31.397    	  31.397    	  22.681    	  46.162    	  164.58    	  25.350    
   66.0000    	       -    	  1989.0    	  8.6500    	  1.7700    	 0.45762    	 0.99212    	  9406.3    	  76.850    	  396.85    	  144.00    	  0.0000    	  102.97    	 -102.97    	 0.38688    	 2.50000E-03	  36.171    	  2.1246    	  0.0000    	  0.0000    	  396.85    	 0.99000    	  255.82    	  1.0000    	  0.0000    	  0.0000    	 0.17728    	 0.17728    	 0.29000    	  116.00    	  19.600    	  115.20    	  2.7000    	  8.1523    	  8.1523    	  32.917    	  32.917    	  24.964    	  9.3109    	  121.44    	  26.580    
   67.0000    	       -    	  1989.0    	  5.2000    	  6.3000    	 0.46038    	  1.0017    	  9534.6    	  80.676    	  400.68    	  147.95    	  0.0000    	  104.51    	 -104.51    	 0.38482    	 2.50000E-03	  36.568    	  2.2062    	  0.0000    	  0.0000    	  400.68    	 0.72000    	  261.18    	  1.0000    	 0.28636    	 0.28636    	 0.70935    	 0.70935    	 0.29000    	  116.00    	  1.8000    	  134.80    	  3.9000    	  8.1523    	  8.1523    	  33.095    	  33.095    	  24.964    	  34.860    	  65.222    	  27.479    
   68.0000    	       -    	  1989.0    	  6.8500    	  8.3700    	 0.46315    	  1.0645    	  9673.9    	  105.80    	  425.80    	  151.94    	  0.0000    	  110.26    	 -110.26    	 0.36383    	 2.50000E-03	  37.991    	  2.7848    	  0.0000    	  0.0000    	  425.80    	 0.74000    	  292.06    	  1.0000    	 0.58688    	 0.58688    	 0.93848    	 0.93848    	 0.29000    	  116.00    	  0.0000    	  136.60    	  3.7000    	  8.4386    	  8.4386    	  33.804    	  33.804    	  24.964    	  46.161    	  97.975    	  27.955    
   69.0000    	       -    	  1989.0    	  10.250    	  13.220    	 0.46592    	  1.1503    	  9802.5    	  140.11    	  460.11    	  156.17    	  0.0000    	  117.88    	 -117.88    	 0.34096    	 2.50000E-03	  39.966    	  3.5056    	  0.0000    	  0.0000    	  460.11    	 0.81000    	  333.98    	  1.0000    	 0.98750    	 0.98750    	  1.4424    	  1.4424    	 0.29000    	  116.00    	  0.0000    	  136.60    	  3.1000    	  9.0255    	  9.0255    	  34.742    	  34.742    	  26.490    	  71.381    	  146.40    	  28.659    
   70.0000    	       -    	  1989.0    	  8.2500    	  4.2800    	 0.46869    	  1.2878    	  9929.5    	  195.13    	  515.13    	  160.75    	  0.0000    	  129.65    	 -129.65    	 0.31352    	 2.50000E-03	  43.261    	  4.5105    	  0.0000    	  0.0000    	  515.13    	 0.95000    	  400.78    	  1.0000    	 0.24899    	 0.24899    	 0.38002    	 0.38002    	 0.29000    	  116.00    	 0.10000    	  136.60    	  2.4000    	  10.013    	  10.013    	  36.185    	  36.185    	  28.920    	  29.207    	  122.59    	  29.699    
   71.0000    	       -    	  1989.0    	  5.7000    	  9.6300    	 0.47146    	  1.3360    	  10071.    	  214.39    	  534.39    	  165.88    	  0.0000    	  134.47    	 -134.47    	 0.30709    	 2.50000E-03	  44.413    	  4.8272    	  0.0000    	  0.0000    	  534.39    	 0.84000    	  424.86    	  1.0000    	 0.69563    	 0.69563    	 0.83223    	 0.83223    	 0.29000    	  116.00    	  0.0000    	  136.70    	  2.4000    	  10.262    	  10.262    	  36.565    	  36.565    	  29.549    	  68.952    	  79.921    	  30.558    
   72.0000    	       -    	  1989.0    	  7.6000    	  2.7400    	 0.47424    	  1.4666    	  10219.    	  266.65    	  586.65    	  171.20    	  0.0000    	  145.85    	 -145.85    	 0.29038    	 2.50000E-03	  47.068    	  5.6652    	  0.0000    	  0.0000    	  586.65    	 0.81000    	  488.50    	  1.0000    	 0.31036    	 0.31036    	 0.48458    	 0.48458    	 0.29000    	  116.00    	  2.0000    	  136.70    	  6.3000    	  10.958    	  10.958    	  37.397    	  37.397    	  31.076    	  20.039    	  116.16    	  31.110    
   73.0000    	       -    	  1989.0    	  7.2500    	  10.150    	 0.47702    	  1.4939    	  10353.    	  277.54    	  597.54    	  177.03    	  0.0000    	  149.16    	 -149.16    	 0.28875    	 2.50000E-03	  47.870    	  5.7979    	  0.0000    	  0.0000    	  597.54    	 0.75000    	  502.70    	  1.0000    	 0.84940    	 0.84940    	  1.0354    	  1.0354    	 0.29000    	  116.00    	 0.60000    	  138.70    	  5.0000    	  11.268    	  11.268    	  37.882    	  37.882    	  31.076    	  75.613    	  111.87    	  31.901    
   74.0000    	       -    	  1989.0    	  7.1500    	  6.9200    	 0.47980    	  1.6368    	  10491.    	  334.74    	  654.74    	  182.98    	  0.0000    	  161.63    	 -161.63    	 0.27540    	 2.50000E-03	  50.874    	  6.5797    	  0.0000    	  0.0000    	  654.74    	 0.84000    	  572.37    	  1.0000    	 0.56336    	 0.56336    	 0.67093    	 0.67093    	 0.29000    	  116.00    	  2.2000    	  139.30    	  5.4000    	  12.117    	  12.117    	  38.917    	  38.917    	  32.735    	  54.708    	  111.62    	  32.653    
   75.0000    	       -    	  1989.0    	  4.6500    	  1.9800    	 0.48258    	  1.7348    	  10625.    	  373.90    	  693.90    	  189.49    	  0.0000    	  170.66    	 -170.66    	 0.26856    	 2.50000E-03	  53.038    	  7.0497    	  0.0000    	  0.0000    	  693.90    	 0.82000    	  620.56    	  1.0000    	  0.0000    	  0.0000    	 0.13317    	 0.13317    	 0.29000    	  116.00    	  11.700    	  141.50    	  2.5000    	  12.681    	  12.681    	  39.588    	  39.588    	  32.735    	  16.164    	  58.514    	  33.393    
   76.0000    	       -    	  1989.0    	  3.1500    	  7.2300    	 0.48537    	  1.7512    	  10756.    	  380.49    	  700.49    	  196.40    	  0.0000    	  173.33    	 -173.33    	 0.26885    	 2.50000E-03	  53.678    	  7.0884    	  0.0000    	  0.0000    	  700.49    	 0.66000    	  629.82    	  1.0000    	 0.34649    	 0.34649    	 0.45995    	 0.45995    	 0.29000    	  116.00    	  8.3000    	  153.20    	  2.5000    	  12.681    	  12.681    	  39.721    	  39.721    	  32.735    	  9.2660    	  9.2660    	  33.776    
   77.0000    	       -    	  1989.0    	  2.3500    	  13.090    	 0.48815    	  1.7532    	  10875.    	  381.26    	  701.26    	  203.37    	  46.468    	  174.85    	 -174.85    	 0.25178    	 2.50000E-03	  56.029    	  6.8047    	  0.0000    	  0.0000    	  701.26    	 0.54000    	  678.58    	  1.0000    	 0.98062    	 0.98062    	 0.79796    	 0.79796    	 0.29000    	  116.00    	  0.0000    	  161.50    	  2.3000    	  13.027    	  13.027    	  40.181    	  40.181    	  32.735    	  0.0000    	  0.0000    	  33.836    
   78.0000    	       -    	  1989.0    	  6.9500    	  4.1000    	 0.49094    	  1.7357    	  10976.    	  374.28    	  694.28    	  210.35    	  131.43    	  174.85    	 -174.85    	 0.22583    	 2.50000E-03	  60.288    	  6.2082    	  0.0000    	  0.0000    	  694.28    	 0.81000    	  756.56    	  1.0000    	 0.35484    	 0.35484    	 0.32929    	 0.32929    	 0.29000    	  116.00    	 0.10000    	  161.50    	  3.5000    	  14.008    	  14.008    	  40.979    	  40.979    	  34.513    	  113.07    	  113.07    	  33.836    
   79.0000    	       -    	  1989.0    	  7.5500    	  7.5000    	 0.49373    	  1.9545    	  11061.    	  461.79    	  781.79    	  217.25    	  43.422    	  193.51    	 -193.51    	 0.24462    	 2.50000E-03	  61.615    	  7.4947    	  0.0000    	  0.0000    	  781.79    	 0.78000    	  774.72    	  1.0000    	 0.56428    	 0.56428    	 0.49164    	 0.49164    	 0.29000    	  116.00    	 0.30000    	  161.60    	  2.8000    	  14.363    	  14.363    	  41.308    	  41.308    	  35.197    	  93.587    	  124.86    	  34.553    
   80.0000    	       -    	  1989.0    	  5.7500    	  11.470    	 0.49652    	  2.1304    	  11142.    	  532.15    	  852.15    	  225.03    	  0.0000    	  208.95    	 -208.95    	 0.25083    	 2.50000E-03	  64.204    	  8.2885    	  0.0000    	  0.0000    	  852.15    	 0.72000    	  817.10    	  1.0000    	  1.0423    	  1.0423    	 0.76859    	 0.76859    	 0.29000    	  116.00    	  2.5000    	  161.90    	  4.8000    	  14.927    	  14.927    	  41.800    	  41.800    	  36.253    	  80.704    	  89.581    	  35.338    
   81.0000    	       -    	  1989.0    	  9.2000    	  3.9200    	 0.49930    	  2.2777    	  11224.    	  591.06    	  911.06    	  233.51    	  0.0000    	  222.27    	 -222.27    	 0.24543    	 2.50000E-03	  68.342    	  8.6486    	  0.0000    	  0.0000    	  911.06    	 0.96000    	  889.33    	  1.0000    	 0.49217    	 0.49217    	 0.39415    	 0.39415    	 0.29000    	  116.00    	  2.5000    	  164.40    	  6.8000    	  15.969    	  15.969    	  42.569    	  42.569    	  36.253    	  28.913    	  153.17    	  35.898    
   82.0000    	       -    	  1989.0    	  5.5000    	  10.960    	 0.50209    	  2.3153    	  11300.    	  606.14    	  926.14    	  242.58    	  0.0000    	  227.04    	 -227.04    	 0.24532    	 2.50000E-03	  69.802    	  8.6837    	  0.0000    	  0.0000    	  926.14    	 0.64000    	  909.18    	  1.0000    	  1.3533    	  1.3533    	 0.82211    	 0.82211    	 0.29000    	  116.00    	  1.8000    	  166.90    	  6.9000    	  16.461    	  16.461    	  42.963    	  42.963    	  36.253    	  84.859    	  84.859    	  36.847    
   83.0000    	       -    	  1989.0    	  8.4000    	  1.6400    	 0.50488    	  2.4695    	  11386.    	  667.78    	  987.78    	  251.79    	  1.8575    	  241.04    	 -241.04    	 0.24024    	 2.50000E-03	  73.916    	  9.0343    	  0.0000    	  0.0000    	  987.78    	 0.70000    	  986.68    	  1.0000    	 0.40572    	 0.40572    	 0.30359    	 0.30359    	 0.29000    	  116.00    	  21.200    	  168.70    	  5.9000    	  17.815    	  17.815    	  43.785    	  43.785    	  37.208    	  15.092    	  143.02    	  37.370    
   84.0000    	       -    	  1989.0    	  6.3000    	  16.970    	 0.50767    	  2.4764    	  11463.    	  670.55    	  990.55    	  261.62    	  0.0000    	  243.53    	 -243.53    	 0.24193    	 2.50000E-03	  74.550    	  8.9947    	  0.0000    	  0.0000    	  990.55    	 0.65000    	  990.09    	  1.0000    	  2.0382    	  2.0382    	 0.93388    	 0.93388    	 0.29000    	  116.00    	  0.0000    	  189.90    	  4.2000    	  18.220    	  18.220    	  44.088    	  44.088    	  37.208    	  104.65    	  104.65    	  38.244    
   85.0000    	       -    	  1989.0    	  9.7500    	  13.120    	 0.51045    	  2.6702    	  11548.    	  748.08    	  1068.1    	  271.48    	  17.496    	  260.80    	 -260.80    	 0.23295    	 2.50000E-03	  81.114    	  9.2226    	  0.0000    	  0.0000    	  1068.1    	 0.90000    	  1102.4    	  1.0000    	  1.5220    	  1.5220    	 0.62233    	 0.62233    	 0.29000    	  116.00    	  0.0000    	  189.90    	  2.3000    	  20.259    	  20.259    	  45.022    	  45.022    	  40.180    	  123.80    	  165.58    	  38.879    
   86.0000    	       -    	  1989.0    	  13.850    	  15.550    	 0.51324    	  2.9021    	  11625.    	  840.83    	  1160.8    	  282.10    	  0.0000    	  281.23    	 -281.23    	 0.23140    	 2.50000E-03	  86.353    	  9.7372    	  0.0000    	  0.0000    	  1160.8    	 0.99000    	  1198.1    	  1.0000    	  2.3716    	  2.3716    	 0.81783    	 0.81783    	 0.29000    	  116.00    	  0.0000    	  189.90    	  3.8000    	  21.781    	  21.781    	  45.645    	  45.645    	  42.324    	  133.03    	  215.35    	  39.877    
   87.0000    	       -    	  1989.0    	  15.800    	  15.000    	 0.51602    	  3.1509    	  11703.    	  940.36    	  1260.4    	  293.65    	  0.0000    	  303.18    	 -303.18    	 0.22673    	 2.50000E-03	  92.765    	  10.137    	  0.0000    	  0.0000    	  1260.4    	 0.79000    	  1319.5    	  1.0000    	  2.1815    	  2.1815    	 0.65090    	 0.65090    	 0.29000    	  116.00    	  0.0000    	  189.90    	  3.0000    	  24.152    	  24.152    	  46.463    	  46.463    	  45.513    	  157.39    	  235.20    	  41.166    
   88.0000    	       -    	  1989.0    	  10.900    	  15.690    	 0.51881    	  3.4481    	  11793.    	  1059.2    	  1379.2    	  306.20    	  0.0000    	  329.15    	 -329.15    	 0.22204    	 2.50000E-03	  99.132    	  10.685    	  0.0000    	  0.0000    	  1379.2    	 0.82000    	  1464.4    	  1.0000    	  2.0407    	  2.0407    	 0.50878    	 0.50878    	 0.29000    	  116.00    	  0.0000    	  189.90    	  2.3000    	  26.334    	  26.334    	  47.113    	  47.113    	  48.346    	  179.49    	  184.79    	  42.564    
   89.0000    	       -    	  1989.0    	  10.650    	  13.670    	 0.52159    	  3.7885    	  11883.    	  1195.4    	  1515.4    	  319.92    	  0.0000    	  358.76    	 -358.76    	 0.21762    	 2.50000E-03	  105.99    	  11.279    	  0.0000    	  0.0000    	  1515.4    	  1.0200    	  1630.2    	  1.0000    	  1.9466    	  1.9466    	 0.39276    	 0.39276    	 0.29000    	  116.00    	  0.0000    	  189.90    	  2.6000    	  28.375    	  28.375    	  47.622    	  47.622    	  50.895    	  168.86    	  182.90    	  43.655    
   90.0000    	       -    	  1989.0    	  10.450    	  16.230    	 0.52437    	  4.1033    	  11952.    	  1321.3    	  1641.3    	  335.00    	  0.0000    	  386.62    	 -386.62    	 0.21448    	 2.50000E-03	  112.12    	  11.785    	  0.0000    	  0.0000    	  1641.3    	  1.0000    	  1783.9    	  1.0000    	  2.1849    	  2.1849    	 0.37075    	 0.37075    	 0.29000    	  116.00    	  0.0000    	  189.90    	  1.3000    	  30.321    	  30.321    	  48.015    	  48.015    	  53.235    	  181.26    	  181.26    	  44.726    
   91.0000    	       -    	  1989.0    	  7.9500    	  16.740    	 0.52715    	  4.4377    	  12001.    	  1455.1    	  1775.1    	  352.59    	  10.446    	  416.53    	 -416.53    	 0.21068    	 2.50000E-03	  119.54    	  12.172    	  0.0000    	  0.0000    	  1775.1    	 0.82000    	  1958.0    	  1.0000    	  2.4820    	  2.4820    	 0.34234    	 0.34234    	 0.29000    	  116.00    	  0.0000    	  189.90    	  3.5000    	  32.506    	  32.506    	  48.386    	  48.386    	  55.790    	  142.86    	  142.86    	  45.781    
   92.0000    	       -    	  1989.0    	  4.7000    	  16.310    	 0.52992    	  4.6773    	  12026.    	  1550.9    	  1870.9    	  376.01    	  66.010    	  440.10    	 -440.10    	 0.20445    	 2.50000E-03	  127.33    	  12.181    	  0.0000    	  0.0000    	  1870.9    	 0.45000    	  2133.0    	  1.0000    	  2.7872    	  2.7872    	 0.32846    	 0.32846    	 0.29000    	  116.00    	  0.0000    	  189.90    	  5.3000    	  34.988    	  34.988    	  48.728    	  48.728    	  58.615    	  67.761    	  67.761    	  46.609    
   93.0000    	       -    	  1989.0    	  4.2500    	  10.380    	 0.53270    	  4.7488    	  12033.    	  1579.5    	  1899.5    	  404.01    	  195.72    	  451.28    	 -451.28    	 0.19426    	 2.50000E-03	  134.99    	  11.701    	  0.0000    	  0.0000    	  1899.5    	 0.43000    	  2302.5    	  1.0000    	  2.0409    	  2.0409    	 0.22815    	 0.22815    	 0.29000    	  116.00    	  0.0000    	  189.90    	  5.5000    	  37.775    	  37.775    	  49.056    	  49.056    	  61.730    	  53.357    	  53.357    	  47.001    
   94.0000    	       -    	  1989.0    	  3.0000    	  3.5700    	 0.53547    	  4.7866    	  12036.    	  1594.6    	  1914.6    	  433.44    	  287.81    	  460.09    	 -460.09    	 0.18858    	 2.50000E-03	  139.88    	  11.400    	  0.0000    	  0.0000    	  1914.6    	 0.53000    	  2418.5    	  1.0000    	 0.29267    	 0.29267    	 9.56041E-02	 9.56041E-02	 0.29000    	  116.00    	  1.5000    	  189.90    	  5.7000    	  39.816    	  39.816    	  49.285    	  49.285    	  63.999    	  0.0000    	  0.0000    	  47.310    
   95.0000    	       -    	  1989.0    	  4.2000    	  2.8300    	 0.53824    	  4.7111    	  12035.    	  1564.4    	  1884.4    	  463.64    	  338.33    	  460.09    	 -460.09    	 0.18701    	 2.50000E-03	  141.56    	  11.051    	  0.0000    	  0.0000    	  1884.4    	 0.64000    	  2438.8    	  1.0000    	 0.21891    	 0.21891    	 5.95615E-02	 5.95615E-02	 0.29000    	  116.00    	 0.60000    	  191.40    	  4.2000    	  40.109    	  40.109    	  49.380    	  49.380    	  64.084    	  51.667    	  51.667    	  47.310    
   96.0000    	       -    	  1989.0    	  4.7000    	  3.4600    	 0.54100    	  4.7473    	  12038.    	  1578.9    	  1898.9    	  492.32    	  323.24    	  468.61    	 -468.61    	 0.18989    	 2.50000E-03	  142.89    	  11.050    	  0.0000    	  0.0000    	  1898.9    	 0.80000    	  2446.8    	  1.0000    	  0.0000    	  0.0000    	 6.54555E-02	 6.54555E-02	 0.29000    	  116.00    	  7.7000    	  192.00    	  6.1000    	  40.328    	  40.328    	  49.440    	  49.440    	  64.363    	  67.830    	  67.830    	  47.609    
   97.0000    	       -    	  1989.0    	  8.0000    	  11.620    	 0.54376    	  4.8153    	  12038.    	  1606.1    	  1926.1    	  521.72    	  296.89    	  479.80    	 -479.80    	 0.19351    	 2.50000E-03	  144.52    	  11.113    	  0.0000    	  0.0000    	  1926.1    	 0.81000    	  2458.8    	  1.0000    	  1.3898    	  1.3898    	 0.21980    	 0.21980    	 0.29000    	  116.00    	  3.4000    	  199.70    	  4.8000    	  40.328    	  40.328    	  49.505    	  49.505    	  64.363    	  144.20    	  144.20    	  48.001    
   98.0000    	       -    	  1989.0    	  7.4000    	  14.710    	 0.54652    	  5.0394    	  12034.    	  1695.8    	  2015.8    	  552.51    	  279.22    	  503.60    	 -503.60    	 0.19557    	 2.50000E-03	  150.01    	  11.304    	  0.0000    	  0.0000    	  2015.8    	 0.78000    	  2554.6    	  1.0000    	  2.0661    	  2.0661    	 0.20615    	 0.20615    	 0.29000    	  116.00    	  0.0000    	  203.10    	  2.5000    	  41.718    	  41.718    	  49.725    	  49.725    	  64.363    	  132.96    	  132.96    	  48.834    
   99.0000    	       -    	  1989.0    	  8.1500    	  18.940    	 0.54927    	  5.2281    	  12021.    	  1771.2    	  2091.2    	  588.06    	  299.87    	  525.54    	 -525.54    	 0.19514    	 2.50000E-03	  157.01    	  11.281    	  0.0000    	  0.0000    	  2091.2    	 0.73000    	  2672.6    	  1.0000    	  2.8834    	  2.8834    	 0.25817    	 0.25817    	 0.29000    	  116.00    	  0.0000    	  203.10    	  3.2000    	  43.784    	  43.784    	  49.931    	  49.931    	  66.635    	  146.66    	  146.66    	  49.603    
   100.000    	       -    	  1989.0    	  11.750    	  6.6800    	 0.55202    	  5.4347    	  12008.    	  1853.9    	  2173.9    	  627.85    	  332.43    	  549.74    	 -549.74    	 0.19407    	 2.50000E-03	  166.07    	  11.164    	  0.0000    	  0.0000    	  2173.9    	  1.1100    	  2812.1    	  1.0000    	 0.63124    	 0.63124    	 0.10329    	 0.10329    	 0.29000    	  116.00    	  2.8000    	  203.10    	  4.5000    	  46.667    	  46.667    	  50.189    	  50.189    	  69.777    	  198.90    	  198.90    	  50.452    
   101.000    	       -    	  1989.0    	  11.550    	  12.280    	 0.55476    	  5.7383    	  11992.    	  1975.3    	  2295.3    	  672.52    	  214.92    	  582.55    	 -582.55    	 0.20309    	 2.50000E-03	  169.28    	  11.669    	  0.0000    	  0.0000    	  2295.3    	  1.0400    	  2848.8    	  1.0000    	 0.75813    	 0.75813    	 0.10543    	 0.10543    	 0.29000    	  116.00    	  8.2000    	  205.90    	  0.0000    	  47.298    	  47.298    	  50.293    	  50.293    	  69.777    	  196.19    	  196.19    	  51.605    
   102.000    	       -    	  1989.0    	  9.7000    	  3.8400    	 0.55750    	  6.0171    	  11972.    	  2086.9    	  2406.9    	  724.79    	  176.98    	  614.93    	 -614.93    	 0.20676    	 2.50000E-03	  175.22    	  11.910    	  0.0000    	  0.0000    	  2406.9    	  1.1700    	  2954.8    	  1.0000    	  0.0000    	  0.0000    	 3.55213E-02	 3.55213E-02	 0.29000    	  116.00    	  4.2000    	  214.10    	  2.1000    	  48.057    	  48.057    	  50.398    	  50.398    	  69.777    	  170.93    	  170.93    	  52.743    
   103.000    	       -    	  1989.0    	  6.3000    	  6.1100    	 0.56023    	  6.2247    	  11948.    	  2169.9    	  2489.9    	  784.52    	  62.091    	  643.13    	 -643.13    	 0.21657    	 2.50000E-03	  177.09    	  12.253    	  0.0000    	  0.0000    	  2489.9    	 0.95526    	  2951.1    	  1.0000    	 0.80548    	 0.80548    	 4.77903E-02	 4.77903E-02	 0.29000    	  116.00    	 0.20000    	  218.30    	  1.4000    	  48.057    	  48.057    	  50.434    	  50.434    	  69.777    	  109.08    	  109.08    	  53.736    
   104.000    	       -    	  1989.0    	  7.8500    	  1.7000    	 0.56295    	  6.2884    	  11921.    	  2195.4    	  2515.4    	  850.08    	  42.474    	  661.13    	 -661.13    	 0.22088    	 2.50000E-03	  180.07    	  12.192    	  0.0000    	  0.0000    	  2515.4    	 0.99000    	  2975.0    	  1.0000    	  0.0000    	  0.0000    	 1.57146E-02	 1.57146E-02	 0.29000    	  116.00    	  18.000    	  218.50    	  4.2000    	  48.862    	  48.862    	  50.481    	  50.481    	  70.630    	  67.388    	  140.11    	  54.372    
   105.000    	       -    	  1989.0    	  9.5500    	  15.070    	 0.56567    	  6.2606    	  11893.    	  2184.2    	  2504.2    	  917.49    	  0.0000    	  672.25    	 -672.25    	 0.22788    	 2.50000E-03	  180.90    	  12.074    	  0.0000    	  0.0000    	  2504.2    	 0.86000    	  2932.5    	  1.0000    	  2.1859    	  2.1859    	 0.11486    	 0.11486    	 0.29000    	  116.00    	  0.0000    	  236.50    	  1.9000    	  48.862    	  48.862    	  50.497    	  50.497    	  70.630    	  167.59    	  167.59    	  55.190    
   106.000    	       -    	  1989.0    	  7.8000    	  5.0000    	 0.56838    	  6.4440    	  11866.    	  2257.6    	  2577.6    	  984.09    	  28.177    	  699.90    	 -699.90    	 0.22729    	 2.50000E-03	  188.26    	  11.992    	  0.0000    	  0.0000    	  2577.6    	 0.96000    	  3061.7    	  1.0000    	 0.74914    	 0.74914    	 3.54251E-02	 3.54251E-02	 0.29000    	  116.00    	  0.0000    	  236.50    	  2.7000    	  51.048    	  51.048    	  50.612    	  50.612    	  72.931    	  101.61    	  138.56    	  56.170    
   107.000    	       -    	  1989.0    	  6.2500    	  17.040    	 0.57109    	  6.4761    	  11837.    	  2270.4    	  2590.4    	  1056.1    	  0.0000    	  716.66    	 -716.66    	 0.23266    	 2.50000E-03	  190.71    	  11.905    	  0.0000    	  0.0000    	  2590.4    	 0.78000    	  3063.1    	  1.0000    	  1.7486    	  1.7486    	 0.11829    	 0.11829    	 0.29000    	  116.00    	  2.4000    	  236.50    	  3.3000    	  51.797    	  51.797    	  50.647    	  50.647    	  73.715    	  106.94    	  106.94    	  56.983    
   108.000    	       -    	  1989.0    	  4.1500    	  8.7800    	 0.57378    	  6.5169    	  11807.    	  2286.8    	  2606.8    	  1129.0    	  104.05    	  734.31    	 -734.31    	 0.22814    	 2.50000E-03	  199.05    	  11.488    	  0.0000    	  0.0000    	  2606.8    	 0.76000    	  3201.1    	  1.0000    	  1.1384    	  1.1384    	 5.40359E-02	 5.40359E-02	 0.29000    	  116.00    	 0.10000    	  238.90    	  2.3000    	  53.546    	  53.546    	  50.766    	  50.766    	  74.801    	  49.000    	  49.000    	  57.611    
   109.000    	       -    	  1989.0    	  6.1500    	  11.560    	 0.57647    	  6.4337    	  11777.    	  2253.5    	  2573.5    	  1203.2    	  182.67    	  742.39    	 -742.39    	 0.22688    	 2.50000E-03	  203.36    	  11.081    	  0.0000    	  0.0000    	  2573.5    	 0.78000    	  3254.5    	  1.0000    	 0.85145    	 0.85145    	 7.86696E-02	 7.86696E-02	 0.29000    	  116.00    	  1.8000    	  239.00    	  2.6000    	  54.684    	  54.684    	  50.820    	  50.820    	  75.994    	  104.14    	  104.14    	  57.900    
   110.000    	       -    	  1989.0    	  5.0500    	  12.800    	 0.57915    	  6.4718    	  11750.    	  2268.7    	  2588.7    	  1274.9    	  228.10    	  759.58    	 -759.58    	 0.22674    	 2.50000E-03	  209.01    	  10.854    	  0.0000    	  0.0000    	  2588.7    	 0.70000    	  3332.4    	  1.0000    	  1.5740    	  1.5740    	 7.44381E-02	 7.44381E-02	 0.29000    	  116.00    	  0.0000    	  240.80    	  1.0000    	  55.536    	  55.536    	  50.898    	  50.898    	  76.732    	  76.276    	  76.276    	  58.515    
   111.000    	       -    	  1989.0    	  6.0500    	  11.240    	 0.58182    	  6.4490    	  11723.    	  2259.6    	  2579.6    	  1347.8    	  307.77    	  772.16    	 -772.16    	 0.22490    	 2.50000E-03	  215.28    	  10.496    	  0.0000    	  0.0000    	  2579.6    	 0.82000    	  3415.5    	  1.0000    	  1.5788    	  1.5788    	 7.45727E-02	 7.45727E-02	 0.29000    	  116.00    	  0.0000    	  240.80    	  2.1000    	  57.110    	  57.110    	  50.973    	  50.973    	  78.381    	  101.37    	  101.37    	  58.967    
   112.000    	       -    	  1989.0    	  7.9500    	  14.990    	 0.58447    	  6.4802    	  11698.    	  2272.1    	  2592.1    	  1419.9    	  340.78    	  788.89    	 -788.89    	 0.22569    	 2.50000E-03	  220.79    	  10.291    	  0.0000    	  0.0000    	  2592.1    	 0.82000    	  3477.8    	  1.0000    	  2.3202    	  2.3202    	 0.10731    	 0.10731    	 0.29000    	  116.00    	  0.0000    	  240.80    	  3.0000    	  58.688    	  58.688    	  51.047    	  51.047    	  80.034    	  139.25    	  139.25    	  59.569    
   113.000    	       -    	  1989.0    	  5.0000    	  5.4700    	 0.58712    	  6.5882    	  11672.    	  2315.3    	  2635.3    	  1493.0    	  360.92    	  811.86    	 -811.86    	 0.22667    	 2.50000E-03	  228.13    	  10.149    	  0.0000    	  0.0000    	  2635.3    	 0.82000    	  3564.1    	  1.0000    	  0.0000    	  0.0000    	 3.22506E-02	 3.22506E-02	 0.29000    	  116.00    	  3.2000    	  240.80    	  1.7000    	  61.009    	  61.009    	  51.155    	  51.155    	  82.462    	  74.382    	  74.382    	  60.397    
   114.000    	       -    	  1989.0    	  9.2500    	  14.640    	 0.58976    	  6.5525    	  11645.    	  2301.0    	  2621.0    	  1569.4    	  353.49    	  824.14    	 -824.14    	 0.23072    	 2.50000E-03	  230.81    	  9.9693    	  0.0000    	  0.0000    	  2621.0    	 0.93000    	  3554.6    	  1.0000    	  1.4262    	  1.4262    	 0.10059    	 0.10059    	 0.29000    	  116.00    	  2.0000    	  244.00    	  2.3000    	  61.009    	  61.009    	  51.187    	  51.187    	  82.462    	  159.66    	  159.66    	  60.840    
   115.000    	       -    	  1989.0    	  7.1500    	  5.6300    	 0.59238    	  6.6976    	  11619.    	  2359.0    	  2679.0    	  1644.7    	  346.06    	  850.48    	 -850.48    	 0.23309    	 2.50000E-03	  237.99    	  9.9125    	  0.0000    	  0.0000    	  2679.0    	 0.92000    	  3631.6    	  1.0000    	 3.13299E-02	 3.13299E-02	 3.58153E-02	 3.58153E-02	 0.29000    	  116.00    	  3.8000    	  246.00    	  3.2000    	  62.435    	  62.435    	  51.288    	  51.288    	  83.627    	  123.62    	  123.62    	  61.794    
   116.000    	       -    	  1989.0    	  3.9500    	  5.4100    	 0.59499    	  6.7562    	  11591.    	  2382.5    	  2702.5    	  1724.4    	  291.68    	  870.88    	 -870.88    	 0.23940    	 2.50000E-03	  240.75    	  9.8960    	  0.0000    	  0.0000    	  2702.5    	 0.70000    	  3621.0    	  1.0000    	 0.42388    	 0.42388    	 2.91044E-02	 2.91044E-02	 0.29000    	  116.00    	 0.60000    	  249.80    	  2.7000    	  62.466    	  62.466    	  51.323    	  51.323    	  83.627    	  41.275    	  41.275    	  62.535    
   117.000    	       -    	  1989.0    	  5.4500    	  23.260    	 0.59759    	  6.6383    	  11562.    	  2335.3    	  2655.3    	  1806.1    	  316.95    	  877.69    	 -877.69    	 0.24229    	 2.50000E-03	  243.41    	  9.5942    	  0.0000    	  0.0000    	  2655.3    	 0.58000    	  3605.9    	  1.0000    	  3.1406    	  3.1406    	 0.13485    	 0.13485    	 0.29000    	  116.00    	  0.0000    	  250.40    	  2.0000    	  62.890    	  62.890    	  51.353    	  51.353    	  84.080    	  85.569    	  85.569    	  62.783    
   118.000    	       -    	  1989.0    	  4.9000    	  17.670    	 0.60017    	  6.6221    	  11536.    	  2328.8    	  2648.8    	  1884.0    	  416.95    	  891.81    	 -891.81    	 0.23907    	 2.50000E-03	  254.82    	  9.1391    	  0.0000    	  0.0000    	  2648.8    	 0.63000    	  3713.6    	  1.0000    	  2.3453    	  2.3453    	 0.10154    	 0.10154    	 0.29000    	  116.00    	  0.0000    	  250.40    	  2.0000    	  66.031    	  66.031    	  51.487    	  51.487    	  87.355    	  70.737    	  70.737    	  63.297    
   119.000    	       -    	  1989.0    	  5.6000    	  23.340    	 0.60274    	  6.5762    	  11511.    	  2310.5    	  2630.5    	  1961.4    	  506.12    	  903.48    	 -903.48    	 0.23695    	 2.50000E-03	  263.49    	  8.7687    	  0.0000    	  0.0000    	  2630.5    	 0.66000    	  3796.1    	  1.0000    	  3.0780    	  3.0780    	 0.13697    	 0.13697    	 0.29000    	  116.00    	  0.0000    	  250.40    	  1.2000    	  68.376    	  68.376    	  51.589    	  51.589    	  89.802    	  88.916    	  88.916    	  63.724    
   120.000    	       -    	  1989.0    	  7.1000    	  20.120    	 0.60529    	  6.5718    	  11487.    	  2308.7    	  2628.7    	  2037.4    	  587.33    	  918.15    	 -918.15    	 0.23499    	 2.50000E-03	  274.93    	  8.3973    	  0.0000    	  0.0000    	  2628.7    	 0.68000    	  3890.2    	  1.0000    	  2.6274    	  2.6274    	 0.11805    	 0.11805    	 0.29000    	  116.00    	  0.0000    	  250.40    	  1.1000    	  71.454    	  71.454    	  51.726    	  51.726    	  93.017    	  121.25    	  121.25    	  64.262    
   121.000    	       -    	  1989.0    	  11.100    	  22.230    	 0.60783    	  6.6352    	  11463.    	  2334.1    	  2654.1    	  2113.3    	  623.50    	  938.15    	 -938.15    	 0.23520    	 2.50000E-03	  284.80    	  8.1955    	  0.0000    	  0.0000    	  2654.1    	 0.88000    	  3971.7    	  1.0000    	  3.4445    	  3.4445    	 0.14857    	 0.14857    	 0.29000    	  116.00    	  0.0000    	  250.40    	  1.9000    	  74.081    	  74.081    	  51.844    	  51.844    	  95.762    	  182.09    	  182.09    	  64.996    
   122.000    	       -    	  1989.0    	  12.050    	  16.760    	 0.61034    	  6.8207    	  11438.    	  2408.3    	  2728.3    	  2191.1    	  608.02    	  968.20    	 -968.20    	 0.23746    	 2.50000E-03	  295.71    	  8.1442    	  0.0000    	  0.0000    	  2728.3    	  1.2400    	  4060.5    	  1.0000    	  2.7988    	  2.7988    	 0.10900    	 0.10900    	 0.29000    	  116.00    	  0.0000    	  250.40    	  1.8000    	  77.526    	  77.526    	  51.992    	  51.992    	  99.355    	  192.91    	  192.91    	  66.101    
   123.000    	       -    	  1989.0    	  12.400    	  23.660    	 0.61284    	  7.0142    	  11410.    	  2485.7    	  2805.7    	  2274.8    	  581.43    	  1000.0    	 -1000.0    	 0.24040    	 2.50000E-03	  303.95    	  8.1780    	  0.0000    	  0.0000    	  2805.7    	  1.1100    	  4143.1    	  1.0000    	  3.9578    	  3.9578    	 0.13966    	 0.13966    	 0.29000    	  116.00    	  0.0000    	  250.40    	  2.0000    	  80.325    	  80.325    	  52.101    	  52.101    	  102.26    	  196.33    	  196.33    	  67.275    
   124.000    	       -    	  1989.0    	  15.400    	  25.370    	 0.61532    	  7.1990    	  11378.    	  2559.6    	  2879.6    	  2364.8    	  602.35    	  1032.4    	 -1032.4    	 0.24083    	 2.50000E-03	  315.60    	  8.1103    	  0.0000    	  0.0000    	  2879.6    	  1.1700    	  4270.4    	  1.0000    	  4.4469    	  4.4469    	 0.14310    	 0.14310    	 0.29000    	  116.00    	  0.0000    	  250.40    	  2.1000    	  84.282    	  84.282    	  52.241    	  52.241    	  106.36    	  225.19    	  225.19    	  68.472    
   125.000    	       -    	  1989.0    	  13.800    	  22.630    	 0.61778    	  7.4285    	  11342.    	  2651.4    	  2971.4    	  2461.1    	  621.98    	  1069.6    	 -1069.6    	 0.24114    	 2.50000E-03	  328.12    	  8.0806    	  0.0000    	  0.0000    	  2971.4    	  1.2300    	  4419.0    	  1.0000    	  3.8633    	  3.8633    	 0.11043    	 0.11043    	 0.29000    	  116.00    	  0.0000    	  250.40    	  1.7000    	  88.729    	  88.729    	  52.384    	  52.384    	  110.95    	  209.63    	  209.63    	  69.849    
   126.000    	       -    	  1989.0    	  8.7000    	  20.240    	 0.62022    	  7.6055    	  11300.    	  2722.2    	  3042.2    	  2565.3    	  653.23    	  1104.2    	 -1104.2    	 0.24150    	 2.50000E-03	  339.30    	  8.0229    	  0.0000    	  0.0000    	  3042.2    	 0.80000    	  4555.6    	  1.0000    	  3.2965    	  3.2965    	 8.52398E-02	 8.52398E-02	 0.29000    	  116.00    	  0.0000    	  250.40    	  3.2000    	  92.593    	  92.593    	  52.495    	  52.495    	  114.92    	  146.66    	  146.66    	  71.135    
   127.000    	       -    	  1989.0    	  9.0500    	  17.320    	 0.62263    	  7.6351    	  11253.    	  2734.0    	  3054.0    	  2676.0    	  738.29    	  1128.4    	 -1128.4    	 0.24042    	 2.50000E-03	  349.32    	  7.8268    	  0.0000    	  0.0000    	  3054.0    	 0.81000    	  4676.7    	  1.0000    	  2.4074    	  2.4074    	 6.26378E-02	 6.26378E-02	 0.29000    	  116.00    	  0.0000    	  250.40    	  1.2000    	  95.889    	  95.889    	  52.580    	  52.580    	  118.31    	  151.35    	  151.35    	  72.039    
   128.000    	       -    	  1989.0    	  10.550    	  23.900    	 0.62503    	  7.6717    	  11206.    	  2748.7    	  3068.7    	  2787.7    	  802.05    	  1153.3    	 -1153.3    	 0.24044    	 2.50000E-03	  357.89    	  7.6803    	  0.0000    	  0.0000    	  3068.7    	 0.96000    	  4780.1    	  1.0000    	  3.7735    	  3.7735    	 9.52654E-02	 9.52654E-02	 0.29000    	  116.00    	  0.0000    	  250.40    	  1.6000    	  98.296    	  98.296    	  52.643    	  52.643    	  120.78    	  171.22    	  171.22    	  72.975    
   129.000    	       -    	  1989.0    	  14.700    	  23.670    	 0.62739    	  7.7465    	  11159.    	  2778.6    	  3098.6    	  2900.7    	  875.56    	  1181.6    	 -1181.6    	 0.23975    	 2.50000E-03	  369.72    	  7.5155    	  0.0000    	  0.0000    	  3098.6    	  1.0900    	  4911.8    	  1.0000    	  4.0164    	  4.0164    	 9.79399E-02	 9.79399E-02	 0.29000    	  116.00    	  0.0000    	  250.40    	  1.9000    	  102.07    	  102.07    	  52.738    	  52.738    	  124.64    	  214.65    	  214.65    	  74.038    
   130.000    	       -    	  1989.0    	  10.750    	  26.270    	 0.62973    	  7.9050    	  11110.    	  2842.0    	  3162.0    	  3016.6    	  905.20    	  1217.0    	 -1217.0    	 0.24067    	 2.50000E-03	  381.44    	  7.4507    	  0.0000    	  0.0000    	  3162.0    	 0.78000    	  5040.2    	  1.0000    	  4.1093    	  4.1093    	 9.22960E-02	 9.22960E-02	 0.29000    	  116.00    	  0.0000    	  250.40    	  1.9000    	  106.09    	  106.09    	  52.836    	  52.836    	  128.76    	  172.24    	  172.24    	  75.376    
   131.000    	       -    	  1989.0    	  9.3500    	  8.5700    	 0.63205    	  7.9600    	  11057.    	  2864.0    	  3184.0    	  3138.4    	  981.64    	  1245.4    	 -1245.4    	 0.24026    	 2.50000E-03	  394.46    	  7.2606    	  0.0000    	  0.0000    	  3184.0    	  1.1500    	  5167.1    	  1.0000    	 0.90779    	 0.90779    	 3.04230E-02	 3.04230E-02	 0.29000    	  116.00    	  1.0000    	  250.40    	  2.2000    	  110.20    	  110.20    	  52.928    	  52.928    	  132.96    	  153.02    	  153.02    	  76.455    
   132.000    	       -    	  1989.0    	  10.300    	  12.550    	 0.63434    	  7.9696    	  11002.    	  2867.8    	  3187.8    	  3262.3    	  956.09    	  1270.7    	 -1270.7    	 0.24498    	 2.50000E-03	  398.71    	  7.1928    	  0.0000    	  0.0000    	  3187.8    	  1.0000    	  5170.6    	  1.0000    	  1.3902    	  1.3902    	 5.06249E-02	 5.06249E-02	 0.29000    	  116.00    	  9.7000    	  251.40    	  4.8000    	  111.10    	  111.10    	  52.958    	  52.958    	  133.90    	  164.96    	  164.96    	  77.418    
   133.000    	       -    	  1989.0    	  10.850    	  16.780    	 0.63659    	  8.0032    	  10949.    	  2881.3    	  3201.3    	  3386.6    	  967.17    	  1297.9    	 -1297.9    	 0.24776    	 2.50000E-03	  404.93    	  7.1155    	  0.0000    	  0.0000    	  3201.3    	 0.96000    	  5222.4    	  1.0000    	  1.9963    	  1.9963    	 6.30282E-02	 6.30282E-02	 0.29000    	  116.00    	  2.7000    	  261.10    	  3.7000    	  112.49    	  112.49    	  53.009    	  53.009    	  133.90    	  170.95    	  170.95    	  78.461    
   134.000    	       -    	  1989.0    	  12.100    	  26.000    	 0.63882    	  8.0463    	  10894.    	  2898.5    	  3218.5    	  3512.1    	  1008.1    	  1326.1    	 -1326.1    	 0.24905    	 2.50000E-03	  413.25    	  7.0139    	  0.0000    	  0.0000    	  3218.5    	 0.99000    	  5308.7    	  1.0000    	  4.2752    	  4.2752    	 8.91870E-02	 8.91870E-02	 0.29000    	  116.00    	  0.0000    	  263.80    	  1.8000    	  114.49    	  114.49    	  53.072    	  53.072    	  135.26    	  184.27    	  184.27    	  79.548    
   135.000    	       -    	  1989.0    	  13.050    	  25.080    	 0.64101    	  8.1154    	  10839.    	  2926.2    	  3246.2    	  3638.3    	  1072.4    	  1356.5    	 -1356.5    	 0.24903    	 2.50000E-03	  426.15    	  6.8666    	  0.0000    	  0.0000    	  3246.2    	 0.99000    	  5431.1    	  1.0000    	  4.1133    	  4.1133    	 8.31149E-02	 8.31149E-02	 0.29000    	  116.00    	  0.0000    	  263.80    	  1.7000    	  118.77    	  118.77    	  53.161    	  53.161    	  139.62    	  0.0000    	  0.0000    	  80.725    
   136.000    	       -    	  1989.0    	  14.500    	  24.940    	 0.64317    	 0.80000    	  10782.    	  2926.2    	  320.00    	  3638.3    	  1072.4    	  1356.5    	 -1356.5    	 0.24903    	 2.50000E-03	  438.59    	  6.6718    	  0.0000    	  2926.2    	  3246.2    	  1.1200    	  5431.1    	  1.0000    	  1.4201    	  1.4201    	  3.3157    	  3.3157    	 0.29000    	  116.00    	  0.0000    	  263.80    	  1.7000    	  122.88    	  122.88    	  53.244    	  53.244    	  143.82    	  205.65    	  205.65    	  0.0000    
   137.000    	       -    	  1989.0    	  15.350    	  21.830    	 0.64530    	  1.2213    	  11080.    	  3094.7    	  488.53    	  3641.5    	  961.80    	  1390.4    	 -1390.4    	 0.25103    	 2.50000E-03	  443.35    	  6.9804    	  0.0000    	  2926.2    	  3414.7    	  1.2100    	  5522.9    	  1.0000    	  1.7196    	  1.7196    	  2.3524    	  2.3524    	 0.29000    	  116.00    	  0.0000    	  263.80    	  1.6000    	  124.30    	  124.30    	  56.560    	  56.560    	  148.56    	  218.85    	  218.85    	  1.3271    
   138.000    	       -    	  1989.0    	  18.450    	  24.040    	 0.64739    	  1.6660    	  11363.    	  3272.6    	  666.41    	  3646.4    	  868.10    	  1426.5    	 -1426.5    	 0.25208    	 2.50000E-03	  449.01    	  7.2884    	  0.0000    	  2926.2    	  3592.6    	  1.2700    	  5643.2    	  1.0000    	  2.3931    	  2.3931    	  2.1303    	  2.1303    	 0.29000    	  116.00    	  0.0000    	  263.80    	  1.6000    	  126.02    	  126.02    	  58.912    	  58.912    	  152.63    	  249.37    	  249.37    	  2.7016    
   139.000    	       -    	  1989.0    	  18.150    	  21.660    	 0.64945    	  2.1700    	  11626.    	  3474.2    	  868.01    	  3653.0    	  775.16    	  1467.7    	 -1467.7    	 0.25266    	 2.50000E-03	  456.61    	  7.6086    	  0.0000    	  2926.2    	  3794.2    	  1.2600    	  5793.0    	  1.0000    	  2.5522    	  2.5522    	  1.5044    	  1.5044    	 0.29000    	  116.00    	  0.0000    	  263.80    	  1.9000    	  128.41    	  128.41    	  61.043    	  61.043    	  157.15    	  252.88    	  252.88    	  4.2287    
   140.000    	       -    	  1989.0    	  20.400    	  23.190    	 0.65146    	  2.6763    	  11865.    	  3676.7    	  1070.5    	  3661.6    	  697.21    	  1509.4    	 -1509.4    	 0.25262    	 2.50000E-03	  464.50    	  7.9155    	  0.0000    	  2926.2    	  3996.7    	  1.3100    	  5959.3    	  1.0000    	  3.2239    	  3.2239    	  1.4401    	  1.4401    	 0.29000    	  116.00    	 0.80000    	  263.80    	  3.2000    	  130.96    	  130.96    	  62.547    	  62.547    	  161.21    	  274.62    	  274.62    	  5.7422    
   141.000    	       -    	  1989.0    	  20.650    	  26.000    	 0.65344    	  3.2230    	  12070.    	  3895.4    	  1289.2    	  3672.3    	  618.72    	  1554.7    	 -1554.7    	 0.25236    	 2.50000E-03	  473.76    	  8.2222    	  0.0000    	  2926.2    	  4215.4    	  1.3600    	  6144.8    	  1.0000    	  4.7037    	  4.7037    	  1.3225    	  1.3225    	 0.29000    	  116.00    	  0.0000    	  264.60    	  4.1000    	  134.19    	  134.19    	  63.987    	  63.987    	  165.74    	  281.11    	  281.11    	  7.3527    
   142.000    	       -    	  1989.0    	  18.550    	  27.300    	 0.65537    	  3.7777    	  12231.    	  4117.3    	  1511.1    	  3685.1    	  552.01    	  1601.1    	 -1601.1    	 0.25166    	 2.50000E-03	  484.88    	  8.4912    	  0.0000    	  2926.2    	  4437.3    	 0.84000    	  6346.4    	  1.0000    	  5.3556    	  5.3556    	  1.0691    	  1.0691    	 0.29000    	  116.00    	  0.0000    	  264.60    	  4.5000    	  138.89    	  138.89    	  65.310    	  65.310    	  171.77    	  269.22    	  269.22    	  8.9733    
   143.000    	       -    	  1989.0    	  18.700    	  28.210    	 0.65726    	  4.3021    	  12338.    	  4327.0    	  1720.8    	  3700.2    	  508.02    	  1645.5    	 -1645.5    	 0.25036    	 2.50000E-03	  497.12    	  8.7042    	  0.0000    	  2926.2    	  4647.0    	  1.0500    	  6556.6    	  1.0000    	  5.2574    	  5.2574    	 0.78378    	 0.78378    	 0.29000    	  116.00    	  0.0000    	  264.60    	  3.6000    	  144.25    	  144.25    	  66.379    	  66.379    	  178.19    	  272.76    	  272.76    	  10.505    
   144.000    	       -    	  1989.0    	  21.500    	  27.560    	 0.65910    	  4.8191    	  12386.    	  4533.8    	  1927.6    	  3721.1    	  467.32    	  1690.5    	 -1690.5    	 0.24921    	 2.50000E-03	  510.16    	  8.8871    	  0.0000    	  2926.2    	  4853.8    	  1.2400    	  6767.7    	  1.0000    	  5.3010    	  5.3010    	 0.59574    	 0.59574    	 0.29000    	  116.00    	  0.0000    	  264.60    	  3.2000    	  149.50    	  149.50    	  67.163    	  67.163    	  184.23    	  294.43    	  294.43    	  12.043    
   145.000    	       -    	  1989.0    	  19.700    	  27.460    	 0.66090    	  5.3565    	  12348.    	  4748.8    	  2142.6    	  3752.0    	  410.22    	  1739.1    	 -1739.1    	 0.24879    	 2.50000E-03	  523.17    	  9.0769    	  0.0000    	  2926.2    	  5068.8    	  1.2500    	  6974.1    	  1.0000    	  4.8522    	  4.8522    	 0.41134    	 0.41134    	 0.29000    	  116.00    	  0.0000    	  264.60    	  2.2000    	  154.80    	  154.80    	  67.758    	  67.758    	  190.13    	  280.64    	  280.64    	  13.697    
   146.000    	       -    	  1989.0    	  16.350    	  25.530    	 0.66266    	  5.8354    	  12307.    	  4940.3    	  2334.2    	  3794.8    	  370.76    	  1785.4    	 -1785.4    	 0.24837    	 2.50000E-03	  536.35    	  9.2110    	  0.0000    	  2926.2    	  5260.3    	  1.2300    	  7172.5    	  1.0000    	  4.6344    	  4.6344    	 0.30161    	 0.30161    	 0.29000    	  116.00    	  0.0000    	  264.60    	  2.8000    	  159.66    	  159.66    	  68.170    	  68.170    	  195.39    	  252.37    	  252.37    	  15.279    
   147.000    	       -    	  1989.0    	  14.450    	  27.570    	 0.66436    	  6.2251    	  12262.    	  5096.2    	  2490.1    	  3849.6    	  360.98    	  1827.1    	 -1827.1    	 0.24769    	 2.50000E-03	  548.73    	  9.2873    	  0.0000    	  2926.2    	  5416.2    	 0.93000    	  7360.3    	  1.0000    	  4.9583    	  4.9583    	 0.26223    	 0.26223    	 0.29000    	  116.00    	  0.0000    	  264.60    	  3.1000    	  164.29    	  164.29    	  68.471    	  68.471    	  200.33    	  233.37    	  233.37    	  16.706    
   148.000    	       -    	  1989.0    	  13.000    	  26.670    	 0.66601    	  6.5484    	  12207.    	  5225.5    	  2619.3    	  3915.2    	  372.89    	  1865.6    	 -1865.6    	 0.24689    	 2.50000E-03	  562.18    	  9.2950    	  0.0000    	  2926.2    	  5545.5    	  1.0200    	  7540.0    	  1.0000    	  4.4434    	  4.4434    	 0.19979    	 0.19979    	 0.29000    	  116.00    	  0.0000    	  264.60    	  2.1000    	  169.25    	  169.25    	  68.734    	  68.734    	  205.55    	  216.93    	  216.93    	  18.030    
   149.000    	       -    	  1989.0    	  12.350    	  26.590    	 0.66761    	  6.8133    	  12145.    	  5331.5    	  2725.3    	  3990.3    	  402.14    	  1901.4    	 -1901.4    	 0.24606    	 2.50000E-03	  575.26    	  9.2680    	  0.0000    	  2926.2    	  5651.5    	  1.0000    	  7711.0    	  1.0000    	  4.2808    	  4.2808    	 0.16828    	 0.16828    	 0.29000    	  116.00    	  0.0000    	  264.60    	  1.6000    	  173.69    	  173.69    	  68.933    	  68.933    	  210.19    	  208.39    	  208.39    	  19.266    
   150.000    	       -    	  1989.0    	  10.350    	  16.910    	 0.66916    	  7.0397    	  12079.    	  5422.1    	  2815.9    	  4073.8    	  440.60    	  1935.8    	 -1935.8    	 0.24532    	 2.50000E-03	  588.33    	  9.2160    	  0.0000    	  2926.2    	  5742.1    	  1.0000    	  7874.4    	  1.0000    	  2.8338    	  2.8338    	 9.80645E-02	 9.80645E-02	 0.29000    	  116.00    	  0.0000    	  264.60    	  3.1000    	  177.97    	  177.97    	  69.102    	  69.102    	  214.64    	  181.79    	  181.79    	  20.460    
   151.000    	       -    	  1989.0    	  9.0500    	  17.480    	 0.67065    	  7.1920    	  12008.    	  5483.0    	  2876.8    	  4164.7    	  470.17    	  1965.8    	 -1965.8    	 0.24537    	 2.50000E-03	  596.66    	  9.1895    	  0.0000    	  2926.2    	  5803.0    	 0.76000    	  7994.9    	  1.0000    	  2.4568    	  2.4568    	 8.00404E-02	 8.00404E-02	 0.29000    	  116.00    	  0.0000    	  264.60    	  1.6000    	  180.81    	  180.81    	  69.200    	  69.200    	  217.57    	  161.51    	  161.51    	  21.508    
   152.000    	       -    	  1989.0    	  8.8000    	  11.980    	 0.67209    	  7.2892    	  11937.    	  5521.9    	  2915.7    	  4260.7    	  524.14    	  1992.4    	 -1992.4    	 0.24505    	 2.50000E-03	  605.28    	  9.1227    	  0.0000    	  2926.2    	  5841.9    	 0.88000    	  8114.4    	  1.0000    	  1.7368    	  1.7368    	 5.35681E-02	 5.35681E-02	 0.29000    	  116.00    	  0.0000    	  264.60    	  1.9000    	  183.26    	  183.26    	  69.280    	  69.280    	  220.11    	  156.57    	  156.57    	  22.443    
   153.000    	       -    	  1989.0    	  10.700    	  14.600    	 0.67347    	  7.3677    	  11868.    	  5553.2    	  2947.1    	  4360.0    	  537.16    	  2018.2    	 -2018.2    	 0.24610    	 2.50000E-03	  611.20    	  9.0858    	  0.0000    	  2926.2    	  5873.2    	 0.83000    	  8184.6    	  1.0000    	  2.0421    	  2.0421    	 6.12211E-02	 6.12211E-02	 0.29000    	  116.00    	  0.0000    	  264.60    	  1.6000    	  185.00    	  185.00    	  69.333    	  69.333    	  221.90    	  183.33    	  183.33    	  23.356    
   154.000    	       -    	  1989.0    	  9.7000    	  11.820    	 0.67479    	  7.4951    	  11799.    	  5604.2    	  2998.0    	  4462.1    	  547.97    	  2048.5    	 -2048.5    	 0.24702    	 2.50000E-03	  618.41    	  9.0623    	  0.0000    	  2926.2    	  5924.2    	 0.97000    	  8276.7    	  1.0000    	 0.88770    	 0.88770    	 5.04077E-02	 5.04077E-02	 0.29000    	  116.00    	  16.600    	  264.60    	  2.2000    	  187.04    	  187.04    	  69.395    	  69.395    	  224.00    	  168.46    	  168.46    	  24.431    
   155.000    	       -    	  1989.0    	  8.5500    	  7.3100    	 0.67605    	  7.5802    	  11730.    	  5638.3    	  3032.1    	  4568.7    	  547.71    	  2076.3    	 -2076.3    	 0.24853    	 2.50000E-03	  624.26    	  9.0320    	  0.0000    	  2926.2    	  5958.3    	  1.0100    	  8338.2    	  1.0000    	 0.19705    	 0.19705    	 3.01063E-02	 3.01063E-02	 0.29000    	  116.00    	  3.0000    	  281.20    	  2.6000    	  187.93    	  187.93    	  69.445    	  69.445    	  224.00    	  149.82    	  149.82    	  25.424    
   156.000    	       -    	  1989.0    	  8.6000    	  11.660    	 0.67725    	  7.6187    	  11662.    	  5653.7    	  3047.5    	  4678.4    	  506.38    	  2101.0    	 -2101.0    	 0.25153    	 2.50000E-03	  627.87    	  9.0045    	  0.0000    	  2926.2    	  5973.7    	 0.92000    	  8337.0    	  1.0000    	 0.78734    	 0.78734    	 4.51470E-02	 4.51470E-02	 0.29000    	  116.00    	  7.5000    	  284.20    	  2.0000    	  188.13    	  188.13    	  69.475    	  69.475    	  224.00    	  149.76    	  149.76    	  26.313    
   157.000    	       -    	  1989.0    	  9.8000    	  18.380    	 0.67838    	  7.6535    	  11595.    	  5667.6    	  3061.4    	  4789.5    	  523.30    	  2125.7    	 -2125.7    	 0.25281    	 2.50000E-03	  633.64    	  8.9445    	  0.0000    	  2926.2    	  5987.6    	 0.93000    	  8392.6    	  1.0000    	  3.0092    	  3.0092    	 7.61522E-02	 7.61522E-02	 0.29000    	  116.00    	  0.0000    	  291.70    	  2.8000    	  188.92    	  188.92    	  69.520    	  69.520    	  224.00    	  166.97    	  166.97    	  27.207    
   158.000    	       -    	  1989.0    	  11.700    	  12.070    	 0.67945    	  7.7211    	  11531.    	  5694.6    	  3088.4    	  4901.9    	  578.16    	  2153.3    	 -2153.3    	 0.25279    	 2.50000E-03	  642.74    	  8.8599    	  0.0000    	  2926.2    	  6014.6    	  1.0700    	  8502.0    	  1.0000    	  1.8430    	  1.8430    	 4.57422E-02	 4.57422E-02	 0.29000    	  116.00    	  0.0000    	  291.70    	  1.7000    	  191.92    	  191.92    	  69.596    	  69.596    	  227.09    	  190.41    	  190.41    	  28.209    
   159.000    	       -    	  1989.0    	  11.550    	  12.340    	 0.68045    	  7.8314    	  11467.    	  5738.7    	  3132.6    	  5016.8    	  558.75    	  2184.7    	 -2184.7    	 0.25481    	 2.50000E-03	  648.71    	  8.8463    	  0.0000    	  2926.2    	  6058.7    	  1.0700    	  8558.2    	  1.0000    	  1.0220    	  1.0220    	 4.65631E-02	 4.65631E-02	 0.29000    	  116.00    	  9.6000    	  291.70    	  2.3000    	  193.77    	  193.77    	  69.642    	  69.642    	  228.98    	  187.59    	  187.59    	  29.358    
   160.000    	       -    	  1989.0    	  13.150    	  15.780    	 0.68139    	  7.9254    	  11401.    	  5776.4    	  3170.2    	  5135.8    	  544.99    	  2215.6    	 -2215.6    	 0.25678    	 2.50000E-03	  654.83    	  8.8212    	  0.0000    	  2926.2    	  6096.4    	  1.1500    	  8613.0    	  1.0000    	  2.6061    	  2.6061    	 5.89298E-02	 5.89298E-02	 0.29000    	  116.00    	 0.10000    	  301.30    	  2.2000    	  194.79    	  194.79    	  69.689    	  69.689    	  228.98    	  204.17    	  204.17    	  30.496    
   161.000    	       -    	  1989.0    	  16.550    	  18.610    	 0.68226    	  8.0451    	  11335.    	  5824.2    	  3218.1    	  5258.4    	  545.19    	  2249.3    	 -2249.3    	 0.25824    	 2.50000E-03	  662.65    	  8.7893    	  0.0000    	  2926.2    	  6144.2    	  1.2400    	  8694.7    	  1.0000    	  3.0556    	  3.0556    	 6.73618E-02	 6.73618E-02	 0.29000    	  116.00    	 0.30000    	  301.40    	  2.0000    	  197.40    	  197.40    	  69.748    	  69.748    	  231.64    	  234.07    	  234.07    	  31.742    
   162.000    	       -    	  1989.0    	  16.150    	  24.180    	 0.68306    	  8.2183    	  11266.    	  5893.5    	  3287.3    	  5384.6    	  534.79    	  2287.9    	 -2287.9    	 0.25977    	 2.50000E-03	  671.88    	  8.7716    	  0.0000    	  2926.2    	  6213.5    	  1.4000    	  8792.2    	  1.0000    	  4.2841    	  4.2841    	 8.20603E-02	 8.20603E-02	 0.29000    	  116.00    	  0.0000    	  301.70    	  1.4000    	  200.45    	  200.45    	  69.815    	  69.815    	  234.77    	  229.36    	  229.36    	  33.179    
   163.000    	       -    	  1989.0    	  19.250    	  28.200    	 0.68379    	  8.3748    	  11192.    	  5956.1    	  3349.9    	  5513.5    	  551.48    	  2325.8    	 -2325.8    	 0.26060    	 2.50000E-03	  683.88    	  8.7092    	  0.0000    	  2926.2    	  6276.1    	  1.3300    	  8909.4    	  1.0000    	  5.7325    	  5.7325    	 0.10044    	 0.10044    	 0.29000    	  116.00    	  0.0000    	  301.70    	  3.2000    	  204.74    	  204.74    	  69.897    	  69.897    	  239.13    	  251.29    	  251.29    	  34.596    
   164.000    	       -    	  1989.0    	  20.000    	  27.770    	 0.68445    	  8.5710    	  11114.    	  6034.6    	  3428.4    	  5644.9    	  549.60    	  2367.2    	 -2367.2    	 0.26178    	 2.50000E-03	  697.89    	  8.6469    	  0.0000    	  2926.2    	  6354.6    	  1.1300    	  9027.4    	  1.0000    	  5.5148    	  5.5148    	 8.78782E-02	 8.78782E-02	 0.29000    	  116.00    	  0.0000    	  301.70    	  2.9000    	  210.47    	  210.47    	  69.997    	  69.997    	  244.97    	  254.60    	  254.60    	  36.158    
   165.000    	       -    	  1989.0    	  19.300    	  26.560    	 0.68504    	  8.7664    	  11028.    	  6112.7    	  3506.6    	  5779.3    	  544.77    	  2409.3    	 -2409.3    	 0.26308    	 2.50000E-03	  711.69    	  8.5890    	  0.0000    	  2926.2    	  6432.7    	  1.2500    	  9142.8    	  1.0000    	  4.7672    	  4.7672    	 6.96110E-02	 6.96110E-02	 0.29000    	  116.00    	  0.0000    	  301.70    	  1.8000    	  215.98    	  215.98    	  70.085    	  70.085    	  250.57    	  0.0000    	  0.0000    	  37.752    
   166.000    	       -    	  1989.0    	  18.650    	  22.590    	 0.68556    	 0.80000    	  10935.    	  6112.7    	  320.00    	  5779.3    	  544.77    	  2409.3    	 -2409.3    	 0.26308    	 2.50000E-03	  724.91    	  8.4325    	  0.0000    	  6112.7    	  6432.7    	  1.2600    	  9142.8    	  1.0000    	  1.2644    	  1.2644    	  2.9923    	  2.9923    	 0.29000    	  116.00    	  0.0000    	  301.70    	  1.4000    	  220.75    	  220.75    	  70.155    	  70.155    	  255.40    	  241.40    	  241.40    	  0.0000    
   167.000    	       -    	  1989.0    	  17.550    	  27.150    	 0.68601    	  1.2960    	  11347.    	  6311.1    	  518.38    	  5782.5    	  396.23    	  2449.1    	 -2449.1    	 0.26484    	 2.50000E-03	  729.21    	  8.6547    	  0.0000    	  6112.7    	  6631.1    	  1.3300    	  9232.4    	  1.0000    	  2.3689    	  2.3689    	  2.9857    	  2.9857    	 0.29000    	  116.00    	  0.0000    	  301.70    	  1.7000    	  222.01    	  222.01    	  73.147    	  73.147    	  259.66    	  242.25    	  242.25    	  1.5361    
   168.000    	       -    	  1989.0    	  17.550    	  29.040    	 0.68638    	  1.7888    	  11728.    	  6508.2    	  715.50    	  5787.6    	  289.79    	  2489.1    	 -2489.1    	 0.26541    	 2.50000E-03	  736.55    	  8.8361    	  0.0000    	  6112.7    	  6828.2    	  1.2600    	  9363.1    	  1.0000    	  3.2378    	  3.2378    	  2.5632    	  2.5632    	 0.29000    	  116.00    	  0.0000    	  301.70    	  2.2000    	  224.38    	  224.38    	  76.133    	  76.133    	  265.02    	  250.39    	  250.39    	  3.0216    
   169.000    	       -    	  1989.0    	  16.700    	  28.180    	 0.68668    	  2.2937    	  12069.    	  6710.2    	  917.46    	  5794.8    	  204.16    	  2530.4    	 -2530.4    	 0.26535    	 2.50000E-03	  746.10    	  8.9937    	  0.0000    	  6112.7    	  7030.2    	  1.3400    	  9520.7    	  1.0000    	  3.6092    	  3.6092    	  1.9202    	  1.9202    	 0.29000    	  116.00    	  0.0000    	  301.70    	  2.1000    	  227.62    	  227.62    	  78.696    	  78.696    	  270.82    	  250.53    	  250.53    	  4.5072    
   170.000    	       -    	  1989.0    	  20.000    	  27.780    	 0.68690    	  2.7938    	  12362.    	  6910.3    	  1117.5    	  5803.9    	  141.30    	  2571.7    	 -2571.7    	 0.26473    	 2.50000E-03	  756.64    	  9.1329    	  0.0000    	  6112.7    	  7230.3    	  1.3400    	  9699.3    	  1.0000    	  3.9848    	  3.9848    	  1.5055    	  1.5055    	 0.29000    	  116.00    	  0.0000    	  301.70    	  2.1000    	  231.23    	  231.23    	  80.616    	  80.616    	  276.35    	  283.19    	  283.19    	  5.9516    
   171.000    	       -    	  1989.0    	  19.550    	  28.920    	 0.68705    	  3.3572    	  12598.    	  7135.6    	  1342.9    	  5815.0    	  62.350    	  2618.4    	 -2618.4    	 0.26429    	 2.50000E-03	  767.93    	  9.2920    	  0.0000    	  6112.7    	  7455.6    	  1.4300    	  9892.4    	  1.0000    	  4.3050    	  4.3050    	  1.1520    	  1.1520    	 0.29000    	  116.00    	 0.10000    	  301.70    	  1.5000    	  235.21    	  235.21    	  82.122    	  82.122    	  281.84    	  279.43    	  285.19    	  7.5457    
   172.000    	       -    	  1989.0    	  17.550    	  25.800    	 0.68712    	  3.9071    	  12769.    	  7355.6    	  1562.8    	  5828.4    	  0.0000    	  2664.5    	 -2664.5    	 0.26352    	 2.50000E-03	  780.46    	  9.4247    	  0.0000    	  6112.7    	  7675.6    	  1.4500    	  10096.    	  1.0000    	  4.3032    	  4.3032    	 0.81061    	 0.81061    	 0.29000    	  116.00    	  0.0000    	  301.80    	  2.5000    	  239.52    	  239.52    	  83.274    	  83.274    	  287.29    	  226.42    	  272.62    	  9.1209    
   173.000    	       -    	  1989.0    	  17.000    	  13.840    	 0.68712    	  4.3408    	  12868.    	  7529.1    	  1736.3    	  5843.9    	  0.0000    	  2701.9    	 -2701.9    	 0.26175    	 2.50000E-03	  792.12    	  9.5050    	  0.0000    	  6112.7    	  7849.1    	  1.6000    	  10307.    	  1.0000    	  2.2034    	  2.2034    	 0.32649    	 0.32649    	 0.29000    	  116.00    	  0.0000    	  301.80    	  1.6000    	  243.82    	  243.82    	  84.085    	  84.085    	  292.41    	  175.76    	  269.85    	  10.606    
   174.000    	       -    	  1989.0    	  15.400    	  17.620    	 0.68705    	  4.6536    	  12906.    	  7654.2    	  1861.4    	  5865.6    	  0.0000    	  2730.9    	 -2730.9    	 0.26067    	 2.50000E-03	  798.53    	  9.5853    	  0.0000    	  6112.7    	  7974.2    	  1.4500    	  10461.    	  1.0000    	  2.9285    	  2.9285    	 0.36169    	 0.36169    	 0.29000    	  116.00    	  0.0000    	  301.80    	  2.1000    	  246.03    	  246.03    	  84.411    	  84.411    	  294.94    	  205.88    	  255.43    	  12.066    
   175.000    	       -    	  1989.0    	  15.250    	  22.450    	 0.68690    	  5.0145    	  12883.    	  7798.6    	  2005.8    	  5893.1    	  0.0000    	  2764.9    	 -2764.9    	 0.25949    	 2.50000E-03	  806.80    	  9.6660    	  0.0000    	  6112.7    	  8118.6    	  1.2500    	  10639.    	  1.0000    	  3.4842    	  3.4842    	 0.35675    	 0.35675    	 0.29000    	  116.00    	  0.0000    	  301.80    	  1.1000    	  248.96    	  248.96    	  84.773    	  84.773    	  298.23    	  231.12    	  253.46    	  13.443    
   176.000    	       -    	  1989.0    	  16.900    	  28.650    	 0.68668    	  5.4095    	  12826.    	  7956.5    	  2163.8    	  5928.1    	  0.0000    	  2803.0    	 -2803.0    	 0.25832    	 2.50000E-03	  817.47    	  9.7331    	  0.0000    	  6112.7    	  8276.5    	  1.1700    	  10836.    	  1.0000    	  4.5688    	  4.5688    	 0.37911    	 0.37911    	 0.29000    	  116.00    	  0.0000    	  301.80    	  1.1000    	  252.44    	  252.44    	  85.129    	  85.129    	  302.07    	  240.99    	  268.06    	  14.812    
   177.000    	       -    	  1989.0    	  19.850    	  26.570    	 0.68638    	  5.8024    	  12770.    	  8113.7    	  2321.0    	  5972.2    	  0.0000    	  2842.8    	 -2842.8    	 0.25731    	 2.50000E-03	  831.24    	  9.7610    	  0.0000    	  6112.7    	  8433.7    	  1.3700    	  11032.    	  1.0000    	  3.8475    	  3.8475    	 0.30745    	 0.30745    	 0.29000    	  116.00    	  5.5000    	  301.80    	  1.6000    	  257.01    	  257.01    	  85.509    	  85.509    	  307.02    	  243.34    	  291.39    	  16.266    
   178.000    	       -    	  1989.0    	  15.600    	  11.430    	 0.68601    	  6.1755    	  12713.    	  8262.9    	  2470.2    	  6026.1    	  0.0000    	  2882.9    	 -2882.9    	 0.25655    	 2.50000E-03	  844.11    	  9.7889    	  0.0000    	  6112.7    	  8582.9    	  1.3700    	  11222.    	  1.0000    	  1.3949    	  1.3949    	 0.11721    	 0.11721    	 0.29000    	  116.00    	  3.0000    	  307.30    	  3.5000    	  260.86    	  260.86    	  85.816    	  85.816    	  307.12    	  161.89    	  253.56    	  17.854    
   179.000    	       -    	  1989.0    	  14.800    	  19.800    	 0.68556    	  6.3530    	  12655.    	  8334.0    	  2541.2    	  6090.3    	  0.0000    	  2909.6    	 -2909.6    	 0.25669    	 2.50000E-03	  849.69    	  9.8083    	  0.0000    	  6112.7    	  8654.0    	  1.1400    	  11320.    	  1.0000    	  3.3360    	  3.3360    	 0.20117    	 0.20117    	 0.29000    	  116.00    	  2.7000    	  310.30    	  5.0000    	  262.25    	  262.25    	  85.933    	  85.933    	  307.18    	  226.87    	  244.45    	  19.242    
   180.000    	       -    	  1989.0    	  11.150    	  3.8900    	 0.68504    	  6.6534    	  12593.    	  8454.1    	  2661.4    	  6159.6    	  0.0000    	  2947.1    	 -2947.1    	 0.25643    	 2.50000E-03	  859.37    	  9.8376    	  0.0000    	  6112.7    	  8774.1    	  1.2800    	  11477.    	  1.0000    	  0.0000    	  0.0000    	 2.72279E-02	 2.72279E-02	 0.29000    	  116.00    	  12.200    	  313.00    	  2.4000    	  265.59    	  265.59    	  86.134    	  86.134    	  309.60    	  57.273    	  200.72    	  20.586    
   181.000    	       -    	  1989.0    	  10.850    	  27.020    	 0.68445    	  6.5769    	  12524.    	  8423.5    	  2630.8    	  6238.0    	  0.0000    	  2956.5    	 -2956.5    	 0.25773    	 2.50000E-03	  861.28    	  9.7803    	  0.0000    	  6112.7    	  8743.5    	  1.0200    	  11456.    	  1.0000    	  4.2248    	  4.2248    	 0.18937    	 0.18937    	 0.29000    	  116.00    	 0.10000    	  325.20    	  1.4000    	  265.59    	  265.59    	  86.162    	  86.162    	  309.60    	  195.55    	  195.55    	  21.695    
   182.000    	       -    	  1989.0    	  16.250    	  6.9200    	 0.68379    	  6.7951    	  12460.    	  8510.8    	  2718.0    	  6314.0    	  50.834    	  2988.8    	 -2988.8    	 0.25672    	 2.50000E-03	  874.53    	  9.7319    	  0.0000    	  6112.7    	  8830.8    	  1.5600    	  11626.    	  1.0000    	 0.38071    	 0.38071    	 4.87322E-02	 4.87322E-02	 0.29000    	  116.00    	  10.200    	  325.30    	  2.7000    	  269.81    	  269.81    	  86.351    	  86.351    	  314.02    	  152.87    	  254.58    	  22.781    
   183.000    	       -    	  1989.0    	  16.350    	  9.6000    	 0.68306    	  6.9070    	  12393.    	  8555.6    	  2762.8    	  6396.9    	  0.0000    	  3014.0    	 -3014.0    	 0.25847    	 2.50000E-03	  877.93    	  9.7452    	  0.0000    	  6112.7    	  8875.6    	  1.5300    	  11646.    	  1.0000    	  1.6214    	  1.6214    	 6.59577E-02	 6.59577E-02	 0.29000    	  116.00    	 0.30000    	  335.50    	  2.9000    	  270.19    	  270.19    	  86.400    	  86.400    	  314.02    	  141.72    	  254.12    	  24.203    
   184.000    	       -    	  1989.0    	  17.100    	  23.050    	 0.68226    	  6.9866    	  12323.    	  8587.4    	  2794.7    	  6483.4    	  0.0000    	  3037.4    	 -3037.4    	 0.25925    	 2.50000E-03	  882.65    	  9.7291    	  0.0000    	  6112.7    	  8907.4    	  1.2300    	  11701.    	  1.0000    	  4.2715    	  4.2715    	 0.15287    	 0.15287    	 0.29000    	  116.00    	  0.0000    	  335.80    	  2.7000    	  271.81    	  271.81    	  86.466    	  86.466    	  315.70    	  241.28    	  259.28    	  25.630    
   185.000    	       -    	  1989.0    	  18.000    	  27.120    	 0.68139    	  7.2676    	  12251.    	  8699.8    	  2907.0    	  6572.5    	  0.0000    	  3077.2    	 -3077.2    	 0.25928    	 2.50000E-03	  894.00    	  9.7313    	  0.0000    	  6112.7    	  9019.8    	  1.3900    	  11853.    	  1.0000    	  5.3917    	  5.3917    	 0.16600    	 0.16600    	 0.29000    	  116.00    	  0.0000    	  335.80    	  3.3000    	  276.08    	  276.08    	  86.619    	  86.619    	  320.13    	  248.05    	  265.27    	  27.094    
   186.000    	       -    	  1989.0    	  22.550    	  25.430    	 0.68045    	  7.5389    	  12173.    	  8808.3    	  3015.6    	  6671.1    	  0.0000    	  3118.1    	 -3118.1    	 0.25946    	 2.50000E-03	  907.39    	  9.7073    	  0.0000    	  6112.7    	  9128.3    	  1.9000    	  12002.    	  1.0000    	  5.3626    	  5.3626    	 0.14404    	 0.14404    	 0.29000    	  116.00    	  0.0000    	  335.80    	  3.1000    	  281.48    	  281.48    	  86.785    	  86.785    	  325.69    	  247.29    	  296.29    	  28.601    
   187.000    	       -    	  1989.0    	  24.350    	  24.870    	 0.67945    	  7.7846    	  12087.    	  8906.6    	  3113.8    	  6779.3    	  0.0000    	  3158.9    	 -3158.9    	 0.25985    	 2.50000E-03	  919.97    	  9.6814    	  0.0000    	  6112.7    	  9226.6    	  1.8300    	  12142.    	  1.0000    	  5.1738    	  5.1738    	 0.12321    	 0.12321    	 0.29000    	  116.00    	  0.0000    	  335.80    	  2.8000    	  286.84    	  286.84    	  86.929    	  86.929    	  331.19    	  246.83    	  305.27    	  30.294    
   188.000    	       -    	  1989.0    	  22.100    	  23.000    	 0.67838    	  8.0067    	  11992.    	  8995.4    	  3202.7    	  6896.5    	  0.0000    	  3199.7    	 -3199.7    	 0.26042    	 2.50000E-03	  932.29    	  9.6488    	  0.0000    	  6112.7    	  9315.4    	  1.9200    	  12271.    	  1.0000    	  3.8128    	  3.8128    	 0.10189    	 0.10189    	 0.29000    	  116.00    	  5.4000    	  335.80    	  3.0000    	  292.01    	  292.01    	  87.052    	  87.052    	  336.49    	  242.83    	  289.00    	  32.052    
   189.000    	       -    	  1989.0    	  18.300    	  17.160    	 0.67724    	  8.1997    	  11887.    	  9072.6    	  3279.9    	  7022.1    	  0.0000    	  3239.7    	 -3239.7    	 0.26119    	 2.50000E-03	  943.69    	  9.6140    	  0.0000    	  6112.7    	  9392.6    	  1.8200    	  12388.    	  1.0000    	  2.0616    	  2.0616    	 5.98905E-02	 5.98905E-02	 0.29000    	  116.00    	  7.6000    	  341.20    	 0.40000    	  295.83    	  295.83    	  87.154    	  87.154    	  337.01    	  214.66    	  259.73    	  33.729    
   190.000    	       -    	  1989.0    	  17.650    	  10.090    	 0.67605    	  8.3262    	  11776.    	  9123.2    	  3330.5    	  7150.7    	  0.0000    	  3275.1    	 -3275.1    	 0.26223    	 2.50000E-03	  952.21    	  9.5811    	  0.0000    	  6112.7    	  9443.2    	  1.7900    	  12474.    	  1.0000    	 0.80943    	 0.80943    	 3.35318E-02	 3.35318E-02	 0.29000    	  116.00    	  22.100    	  348.80    	  1.8000    	  297.89    	  297.89    	  87.214    	  87.214    	  337.01    	  150.02    	  252.21    	  35.249    
   191.000    	       -    	  1989.0    	  15.650    	  10.080    	 0.67479    	  8.3129    	  11662.    	  9117.9    	  3325.2    	  7281.3    	  0.0000    	  3299.9    	 -3299.9    	 0.26380    	 2.50000E-03	  957.22    	  9.5254    	  0.0000    	  6112.7    	  9437.9    	  1.3000    	  12494.    	  1.0000    	  1.5322    	  1.5322    	 2.85256E-02	 2.85256E-02	 0.29000    	  116.00    	  0.0000    	  370.90    	  1.7000    	  298.70    	  298.70    	  87.247    	  87.247    	  337.01    	  149.90    	  233.04    	  36.739    
   192.000    	       -    	  1989.0    	  16.500    	  18.000    	 0.67347    	  8.2999    	  11549.    	  9112.7    	  3320.0    	  7411.7    	  0.0000    	  3324.6    	 -3324.6    	 0.26537    	 2.50000E-03	  962.23    	  9.4705    	  0.0000    	  6112.7    	  9432.7    	  1.4500    	  12513.    	  1.0000    	  3.0489    	  3.0489    	 5.64174E-02	 5.64174E-02	 0.29000    	  116.00    	  0.0000    	  370.90    	  1.1000    	  300.23    	  300.23    	  87.276    	  87.276    	  338.57    	  220.24    	  238.08    	  38.130    
   193.000    	       -    	  1989.0    	  16.950    	  20.590    	 0.67209    	  8.4342    	  11440.    	  9166.4    	  3373.7    	  7541.9    	  0.0000    	  3361.0    	 -3361.0    	 0.26635    	 2.50000E-03	  971.16    	  9.4386    	  0.0000    	  6112.7    	  9486.4    	  1.4600    	  12603.    	  1.0000    	  3.8344    	  3.8344    	 6.55516E-02	 6.55516E-02	 0.29000    	  116.00    	  0.0000    	  370.90    	  2.3000    	  303.28    	  303.28    	  87.332    	  87.332    	  341.67    	  234.31    	  239.49    	  39.564    
   194.000    	       -    	  1989.0    	  15.200    	  16.120    	 0.67065    	  8.5926    	  11329.    	  9229.8    	  3437.0    	  7674.1    	  0.0000    	  3399.6    	 -3399.6    	 0.26726    	 2.50000E-03	  981.39    	  9.4048    	  0.0000    	  6112.7    	  9549.8    	  1.2700    	  12705.    	  1.0000    	  3.0087    	  3.0087    	 4.72505E-02	 4.72505E-02	 0.29000    	  116.00    	  0.0000    	  370.90    	  3.0000    	  307.11    	  307.11    	  87.398    	  87.398    	  345.57    	  207.55    	  222.44    	  41.021    
   195.000    	       -    	  1989.0    	  13.350    	  15.740    	 0.66916    	  8.6889    	  11215.    	  9268.3    	  3475.6    	  7808.9    	  0.0000    	  3433.9    	 -3433.9    	 0.26842    	 2.50000E-03	  989.41    	  9.3676    	  0.0000    	  6112.7    	  9588.3    	  1.1100    	  12778.    	  1.0000    	  2.6599    	  2.6599    	 4.13904E-02	 4.13904E-02	 0.29000    	  116.00    	 0.20000    	  370.90    	  2.7000    	  310.12    	  310.12    	  87.445    	  87.445    	  348.63    	  202.85    	  202.85    	  42.387    
   196.000    	       -    	  1989.0    	  15.850    	  18.970    	 0.66761    	  8.7717    	  11102.    	  9301.4    	  3508.7    	  7945.2    	  1.8674    	  3467.3    	 -3467.3    	 0.26959    	 2.50000E-03	  997.23    	  9.3272    	  0.0000    	  6112.7    	  9621.4    	  1.3200    	  12847.    	  1.0000    	  3.8027    	  3.8027    	 5.41782E-02	 5.41782E-02	 0.29000    	  116.00    	  0.0000    	  371.10    	  3.8000    	  312.78    	  312.78    	  87.486    	  87.486    	  351.33    	  223.52    	  223.52    	  43.646    
   197.000    	       -    	  1989.0    	  13.950    	  17.420    	 0.66601    	  8.8944    	  10990.    	  9350.5    	  3557.7    	  8082.8    	  4.7101    	  3504.2    	 -3504.2    	 0.27059    	 2.50000E-03	  1006.7    	  9.2885    	  0.0000    	  6112.7    	  9670.5    	  1.2100    	  12935.    	  1.0000    	  2.1598    	  2.1598    	 4.20165E-02	 4.20165E-02	 0.29000    	  116.00    	  1.9000    	  371.10    	  2.6000    	  316.58    	  316.58    	  87.540    	  87.540    	  355.19    	  204.54    	  204.54    	  45.047    
   198.000    	       -    	  1989.0    	  13.000    	  6.6200    	 0.66436    	  8.9726    	  10877.    	  9381.8    	  3589.0    	  8222.3    	  17.122    	  3538.0    	 -3538.0    	 0.27158    	 2.50000E-03	  1015.3    	  9.2401    	  0.0000    	  6112.7    	  9701.8    	  1.3800    	  13013.    	  1.0000    	  1.0153    	  1.0153    	 1.39808E-02	 1.39808E-02	 0.29000    	  116.00    	 0.10000    	  373.00    	  1.1000    	  318.74    	  318.74    	  87.582    	  87.582    	  357.39    	  115.97    	  193.29    	  46.342    
   199.000    	       -    	  1989.0    	  15.000    	  15.410    	 0.66266    	  8.8628    	  10766.    	  9337.9    	  3545.1    	  8363.0    	  0.0000    	  3557.1    	 -3557.1    	 0.27393    	 2.50000E-03	  1018.6    	  9.1671    	  0.0000    	  6112.7    	  9657.9    	  1.1700    	  12971.    	  1.0000    	  2.7141    	  2.7141    	 3.80305E-02	 3.80305E-02	 0.29000    	  116.00    	 0.10000    	  373.10    	  2.7000    	  319.76    	  319.76    	  87.596    	  87.596    	  358.42    	  202.23    	  209.69    	  47.578    
   200.000    	       -    	  1989.0    	  14.550    	  24.550    	 0.66090    	  8.9375    	  10660.    	  9367.7    	  3575.0    	  8502.0    	  0.0000    	  3590.5    	 -3590.5    	 0.27516    	 2.50000E-03	  1026.3    	  9.1277    	  0.0000    	  6112.7    	  9687.7    	  1.1400    	  13034.    	  1.0000    	  4.1747    	  4.1747    	 5.56219E-02	 5.56219E-02	 0.29000    	  116.00    	  0.0000    	  373.20    	  1.6000    	  322.47    	  322.47    	  87.634    	  87.634    	  361.17    	  0.0000    	  0.0000    	  48.933    
   201.000    	       -    	  1989.0    	  15.800    	  24.750    	 0.65910    	 0.80000    	  10555.    	  9367.7    	  320.00    	  8502.0    	  0.0000    	  3590.5    	 -3590.5    	 0.27516    	 2.50000E-03	  1038.5    	  9.0203    	  0.0000    	  9367.7    	  9687.7    	  1.3000    	  13034.    	  1.0000    	  1.4145    	  1.4145    	  3.3130    	  3.3130    	 0.29000    	  116.00    	  0.0000    	  373.20    	  1.1000    	  326.65    	  326.65    	  87.690    	  87.690    	  365.40    	  94.905    	  212.12    	  0.0000    
   202.000    	       -    	  1989.0    	  17.300    	  24.880    	 0.65726    	 0.99016    	  10972.    	  9443.8    	  396.06    	  8505.2    	  0.0000    	  3606.1    	 -3606.1    	 0.27443    	 2.50000E-03	  1043.2    	  9.0524    	  0.0000    	  9367.7    	  9763.8    	  1.2600    	  13126.    	  1.0000    	  1.8179    	  1.8179    	  3.2493    	  3.2493    	 0.29000    	  116.00    	  0.0000    	  373.20    	  2.3000    	  328.06    	  328.06    	  91.003    	  91.003    	  370.13    	  111.62    	  232.37    	  1.3984    
   203.000    	       -    	  1989.0    	  23.450    	  21.440    	 0.65537    	  1.2133    	  11383.    	  9533.1    	  485.32    	  8509.1    	  0.0000    	  3624.6    	 -3624.6    	 0.27359    	 2.50000E-03	  1048.8    	  9.0894    	  0.0000    	  9367.7    	  9853.1    	  1.3500    	  13234.    	  1.0000    	  1.8300    	  1.8300    	  2.5455    	  2.5455    	 0.29000    	  116.00    	  0.0000    	  373.20    	  2.3000    	  329.88    	  329.88    	  94.252    	  94.252    	  375.20    	  123.82    	  282.37    	  2.8721    
   204.000    	       -    	  1989.0    	  21.050    	  13.790    	 0.65343    	  1.4597    	  11785.    	  9631.6    	  583.88    	  8514.0    	  0.0000    	  3645.0    	 -3645.0    	 0.27268    	 2.50000E-03	  1054.4    	  9.1351    	  0.0000    	  9367.7    	  9951.6    	  1.9700    	  13353.    	  1.0000    	  1.1157    	  1.1157    	  1.4007    	  1.4007    	 0.29000    	  116.00    	  10.400    	  373.20    	  1.4000    	  331.71    	  331.71    	  96.798    	  96.798    	  379.57    	  110.48    	  277.17    	  4.5982    
   205.000    	       -    	  1989.0    	  19.450    	  23.730    	 0.65146    	  1.6758    	  12187.    	  9718.0    	  670.32    	  8519.8    	  0.0000    	  3663.2    	 -3663.2    	 0.27191    	 2.50000E-03	  1058.4    	  9.1821    	  0.0000    	  9367.7    	  10038.    	  1.7000    	  13457.    	  1.0000    	  2.5855    	  2.5855    	  2.2613    	  2.2613    	 0.29000    	  116.00    	  0.0000    	  383.60    	  1.7000    	  332.83    	  332.83    	  98.199    	  98.199    	  379.57    	  156.50    	  275.14    	  6.2348    
   206.000    	       -    	  1989.0    	  18.800    	  9.0800    	 0.64944    	  1.9858    	  12584.    	  9842.1    	  794.33    	  8526.4    	  0.0000    	  3689.0    	 -3689.0    	 0.27082    	 2.50000E-03	  1065.9    	  9.2336    	  0.0000    	  9367.7    	  10162.    	  1.7700    	  13607.    	  1.0000    	 0.87310    	 0.87310    	 0.63720    	 0.63720    	 0.29000    	  116.00    	 0.10000    	  383.60    	  1.2000    	  335.41    	  335.41    	  100.46    	  100.46    	  384.42    	  94.827    	  278.98    	  7.8057    
   207.000    	       -    	  1989.0    	  18.850    	  18.640    	 0.64739    	  2.1640    	  12952.    	  9913.3    	  865.60    	  8534.3    	  0.0000    	  3704.7    	 -3704.7    	 0.27024    	 2.50000E-03	  1069.1    	  9.2730    	  0.0000    	  9367.7    	  10233.    	  1.7500    	  13694.    	  1.0000    	  2.4357    	  2.4357    	  1.4252    	  1.4252    	 0.29000    	  116.00    	  0.0000    	  383.70    	  2.4000    	  336.28    	  336.28    	  101.10    	  101.10    	  385.93    	  164.05    	  287.56    	  9.3484    
   208.000    	       -    	  1989.0    	  16.500    	  18.270    	 0.64530    	  2.4849    	  13306.    	  10042.    	  993.98    	  8543.0    	  0.0000    	  3731.7    	 -3731.7    	 0.26916    	 2.50000E-03	  1075.8    	  9.3339    	  0.0000    	  9367.7    	  10362.    	  1.3100    	  13849.    	  1.0000    	  2.1652    	  2.1652    	  1.0196    	  1.0196    	 0.29000    	  116.00    	  0.0000    	  383.70    	  1.3000    	  338.72    	  338.72    	  102.52    	  102.52    	  389.79    	  173.13    	  274.29    	  10.893    
   209.000    	       -    	  1989.0    	  16.800    	  17.840    	 0.64317    	  2.8216    	  13622.    	  10176.    	  1128.6    	  8552.8    	  0.0000    	  3760.3    	 -3760.3    	 0.26807    	 2.50000E-03	  1082.9    	  9.3972    	  0.0000    	  9367.7    	  10496.    	  1.3200    	  14013.    	  1.0000    	  2.3249    	  2.3249    	 0.86710    	 0.86710    	 0.29000    	  116.00    	  0.0000    	  383.70    	  1.7000    	  340.89    	  340.89    	  103.54    	  103.54    	  392.97    	  180.13    	  283.73    	  12.328    
   210.000    	       -    	  1989.0    	  18.300    	  18.070    	 0.64101    	  3.1696    	  14378.    	  10316.    	  1267.8    	  8564.1    	  0.0000    	  3790.0    	 -3790.0    	 0.26697    	 2.50000E-03	  1090.2    	  9.4622    	  0.0000    	  9367.7    	  10636.    	  1.4600    	  14182.    	  1.0000    	  2.5183    	  2.5183    	 0.75181    	 0.75181    	 0.29000    	  116.00    	  0.0000    	  383.70    	  1.6000    	  343.21    	  343.21    	  104.41    	  104.41    	  396.17    	  189.02    	  314.14    	  13.777    
   211.000    	       -    	  1989.0    	  16.450    	  6.0700    	 0.63882    	  3.5326    	  14290.    	  10461.    	  1413.0    	  8576.7    	  0.0000    	  3821.2    	 -3821.2    	 0.26586    	 2.50000E-03	  1097.9    	  9.5282    	  0.0000    	  9367.7    	  10781.    	  1.5800    	  14358.    	  1.0000    	 0.64972    	 0.64972    	 0.25274    	 0.25274    	 0.29000    	  116.00    	  4.1000    	  383.70    	  4.1000    	  345.73    	  345.73    	  105.16    	  105.16    	  399.44    	  80.116    	  294.06    	  15.297    
   212.000    	       -    	  1989.0    	  14.550    	  16.450    	 0.63659    	  3.6647    	  14202.    	  10514.    	  1465.9    	  8590.8    	  0.0000    	  3834.4    	 -3834.4    	 0.26556    	 2.50000E-03	  1100.5    	  9.5531    	  0.0000    	  9367.7    	  10834.    	  1.2500    	  14424.    	  1.0000    	  2.2627    	  2.2627    	 0.58591    	 0.58591    	 0.29000    	  116.00    	  6.1000    	  387.80    	  3.7000    	  346.38    	  346.38    	  105.41    	  105.41    	  399.44    	  187.78    	  271.46    	  16.729    
   213.000    	       -    	  1989.0    	  14.200    	  16.100    	 0.63433    	  4.0202    	  14115.    	  10656.    	  1608.1    	  8605.3    	  0.0000    	  3865.4    	 -3865.4    	 0.26453    	 2.50000E-03	  1107.9    	  9.6184    	  0.0000    	  9367.7    	  10976.    	  1.2200    	  14597.    	  1.0000    	  2.2448    	  2.2448    	 0.47990    	 0.47990    	 0.29000    	  116.00    	  2.7000    	  393.90    	  3.8000    	  348.64    	  348.64    	  106.00    	  106.00    	  399.44    	  189.90    	  265.68    	  18.059    
   214.000    	       -    	  1989.0    	  12.550    	  12.010    	 0.63205    	  4.3760    	  14029.    	  10798.    	  1750.4    	  8621.6    	  0.0000    	  3896.8    	 -3896.8    	 0.26354    	 2.50000E-03	  1115.2    	  9.6828    	  0.0000    	  9367.7    	  11118.    	  1.1500    	  14771.    	  1.0000    	  1.8619    	  1.8619    	 0.27447    	 0.27447    	 0.29000    	  116.00    	 0.10000    	  396.60    	  3.0000    	  350.89    	  350.89    	  106.48    	  106.48    	  400.47    	  159.61    	  243.39    	  19.369    
   215.000    	       -    	  1989.0    	  15.450    	  14.090    	 0.62973    	  4.6535    	  13944.    	  10909.    	  1861.4    	  8643.9    	  0.0000    	  3923.1    	 -3923.1    	 0.26288    	 2.50000E-03	  1120.8    	  9.7337    	  0.0000    	  9367.7    	  11229.    	  1.4900    	  14908.    	  1.0000    	  2.3922    	  2.3922    	 0.29473    	 0.29473    	 0.29000    	  116.00    	  0.0000    	  396.70    	  2.6000    	  352.75    	  352.75    	  106.75    	  106.75    	  402.60    	  180.27    	  276.51    	  20.576    
   216.000    	       -    	  1989.0    	  15.000    	  18.750    	 0.62739    	  4.9610    	  13897.    	  11032.    	  1984.4    	  8671.4    	  0.0000    	  3952.8    	 -3952.8    	 0.26219    	 2.50000E-03	  1127.4    	  9.7857    	  0.0000    	  9367.7    	  11352.    	  1.2300    	  15061.    	  1.0000    	  2.8957    	  2.8957    	 0.30516    	 0.30516    	 0.29000    	  116.00    	  0.0000    	  396.70    	  1.5000    	  355.14    	  355.14    	  107.05    	  107.05    	  405.29    	  214.76    	  270.68    	  21.956    
   217.000    	       -    	  1989.0    	  14.900    	  23.120    	 0.62502    	  5.3246    	  13815.    	  11178.    	  2129.9    	  8705.3    	  0.0000    	  3988.3    	 -3988.3    	 0.26140    	 2.50000E-03	  1136.3    	  9.8371    	  0.0000    	  9367.7    	  11498.    	  1.2400    	  15242.    	  1.0000    	  3.5519    	  3.5519    	 0.31191    	 0.31191    	 0.29000    	  116.00    	 0.10000    	  396.70    	 0.90000    	  358.04    	  358.04    	  107.35    	  107.35    	  408.49    	  235.14    	  267.98    	  23.311    
   218.000    	       -    	  1989.0    	  17.350    	  22.060    	 0.62263    	  5.7104    	  13734.    	  11332.    	  2284.2    	  8747.3    	  0.0000    	  4027.1    	 -4027.1    	 0.26065    	 2.50000E-03	  1147.4    	  9.8765    	  0.0000    	  9367.7    	  11652.    	  1.3800    	  15435.    	  1.0000    	  3.7433    	  3.7433    	 0.26305    	 0.26305    	 0.29000    	  116.00    	  0.0000    	  396.80    	  1.7000    	  361.59    	  361.59    	  107.67    	  107.67    	  412.35    	  233.92    	  291.35    	  24.661    
   219.000    	       -    	  1989.0    	  18.500    	  9.2100    	 0.62022    	  6.0698    	  13654.    	  11476.    	  2427.9    	  8798.9    	  0.0000    	  4065.7    	 -4065.7    	 0.26007    	 2.50000E-03	  1158.0    	  9.9097    	  0.0000    	  9367.7    	  11796.    	  1.8300    	  15617.    	  1.0000    	 0.72666    	 0.72666    	 8.73160E-02	 8.73160E-02	 0.29000    	  116.00    	  4.2000    	  396.80    	  1.0000    	  365.33    	  365.33    	  107.93    	  107.93    	  416.36    	  134.53    	  300.09    	  26.137    
   220.000    	       -    	  1989.0    	  17.600    	  11.800    	 0.61778    	  6.1977    	  13573.    	  11527.    	  2479.1    	  8860.0    	  0.0000    	  4087.9    	 -4087.9    	 0.26027    	 2.50000E-03	  1162.5    	  9.9154    	  0.0000    	  9367.7    	  11847.    	  1.7100    	  15691.    	  1.0000    	  1.8055    	  1.8055    	 0.11161    	 0.11161    	 0.29000    	  116.00    	 0.50000    	  401.00    	  1.7000    	  366.06    	  366.06    	  108.02    	  108.02    	  416.36    	  165.76    	  290.23    	  27.667    
   221.000    	       -    	  1989.0    	  18.650    	  17.500    	 0.61532    	  6.3817    	  13490.    	  11600.    	  2552.7    	  8924.8    	  0.0000    	  4115.2    	 -4115.2    	 0.26034    	 2.50000E-03	  1168.3    	  9.9296    	  0.0000    	  9367.7    	  11920.    	  1.6300    	  15792.    	  1.0000    	  2.3526    	  2.3526    	 0.15519    	 0.15519    	 0.29000    	  116.00    	  1.8000    	  401.50    	  2.0000    	  367.86    	  367.86    	  108.13    	  108.13    	  418.28    	  213.78    	  297.80    	  29.154    
   222.000    	       -    	  1989.0    	  20.150    	  18.930    	 0.61284    	  6.6526    	  13407.    	  11709.    	  2661.1    	  8995.0    	  0.0000    	  4150.5    	 -4150.5    	 0.26021    	 2.50000E-03	  1176.8    	  9.9494    	  0.0000    	  9367.7    	  12029.    	  1.5400    	  15935.    	  1.0000    	  2.7118    	  2.7118    	 0.15148    	 0.15148    	 0.29000    	  116.00    	  2.2000    	  403.30    	  2.5000    	  370.22    	  370.22    	  108.28    	  108.28    	  420.58    	  223.12    	  308.33    	  30.691    
   223.000    	       -    	  1989.0    	  14.950    	  6.0000    	 0.61034    	  6.9225    	  13323.    	  11817.    	  2769.0    	  9073.3    	  0.0000    	  4187.3    	 -4187.3    	 0.26016    	 2.50000E-03	  1186.1    	  9.9625    	  0.0000    	  9367.7    	  12137.    	  1.5500    	  16080.    	  1.0000    	 0.27210    	 0.27210    	 4.17341E-02	 4.17341E-02	 0.29000    	  116.00    	  2.0000    	  405.50    	  3.5000    	  372.93    	  372.93    	  108.43    	  108.43    	  422.91    	  88.586    	  258.96    	  32.291    
   224.000    	       -    	  1989.0    	  17.100    	  10.570    	 0.60782    	  6.8899    	  13237.    	  11804.    	  2756.0    	  9160.3    	  0.0000    	  4201.9    	 -4201.9    	 0.26104    	 2.50000E-03	  1189.1    	  9.9268    	  0.0000    	  9367.7    	  12124.    	  1.5600    	  16082.    	  1.0000    	  2.0854    	  2.0854    	 7.78457E-02	 7.78457E-02	 0.29000    	  116.00    	  0.0000    	  407.50    	  3.5000    	  373.20    	  373.20    	  108.48    	  108.48    	  422.95    	  154.02    	  278.51    	  33.643    
   225.000    	       -    	  1989.0    	  16.200    	  20.380    	 0.60529    	  6.9966    	  13152.    	  11846.    	  2798.7    	  9246.3    	  0.0000    	  4227.3    	 -4227.3    	 0.26151    	 2.50000E-03	  1194.3    	  9.9193    	  0.0000    	  9367.7    	  12166.    	  1.4100    	  16150.    	  1.0000    	  3.6293    	  3.6293    	 0.12957    	 0.12957    	 0.29000    	  116.00    	  0.0000    	  407.50    	  2.0000    	  375.28    	  375.28    	  108.55    	  108.55    	  425.11    	  231.30    	  268.24    	  35.107    
   226.000    	       -    	  1989.0    	  19.600    	  19.240    	 0.60274    	  7.2559    	  13067.    	  11950.    	  2902.4    	  9335.7    	  0.0000    	  4265.5    	 -4265.5    	 0.26158    	 2.50000E-03	  1204.3    	  9.9228    	  0.0000    	  9367.7    	  12270.    	  1.4700    	  16292.    	  1.0000    	  3.5936    	  3.5936    	 0.11393    	 0.11393    	 0.29000    	  116.00    	 0.10000    	  407.50    	  2.6000    	  378.91    	  378.91    	  108.68    	  108.68    	  428.87    	  226.10    	  296.21    	  36.527    
   227.000    	       -    	  1989.0    	  21.600    	  13.950    	 0.60017    	  7.4824    	  12978.    	  12041.    	  2993.0    	  9433.9    	  0.0000    	  4302.8    	 -4302.8    	 0.26181    	 2.50000E-03	  1213.8    	  9.9198    	  0.0000    	  9367.7    	  12361.    	  1.6500    	  16420.    	  1.0000    	  2.8676    	  2.8676    	 8.05923E-02	 8.05923E-02	 0.29000    	  116.00    	 0.10000    	  407.60    	  3.4000    	  382.51    	  382.51    	  108.80    	  108.80    	  432.58    	  188.65    	  309.22    	  38.104    
   228.000    	       -    	  1989.0    	  21.100    	  14.790    	 0.59759    	  7.6108    	  12881.    	  12092.    	  3044.3    	  9540.1    	  0.0000    	  4333.9    	 -4333.9    	 0.26239    	 2.50000E-03	  1220.7    	  9.9058    	  0.0000    	  9367.7    	  12412.    	  1.6800    	  16502.    	  1.0000    	  2.2940    	  2.2940    	 6.40357E-02	 6.40357E-02	 0.29000    	  116.00    	 0.20000    	  407.70    	  1.4000    	  385.38    	  385.38    	  108.88    	  108.88    	  435.53    	  196.06    	  303.32    	  39.762    
   229.000    	       -    	  1989.0    	  17.250    	  17.670    	 0.59499    	  7.7430    	  12779.    	  12145.    	  3097.2    	  9650.9    	  0.0000    	  4366.3    	 -4366.3    	 0.26299    	 2.50000E-03	  1228.0    	  9.8899    	  0.0000    	  9367.7    	  12465.    	  1.5000    	  16587.    	  1.0000    	  3.2784    	  3.2784    	 7.97093E-02	 7.97093E-02	 0.29000    	  116.00    	  0.0000    	  407.90    	  2.4000    	  387.67    	  387.67    	  108.94    	  108.94    	  437.89    	  217.54    	  270.20    	  41.400    
   230.000    	       -    	  1989.0    	  16.500    	  19.910    	 0.59238    	  7.9079    	  12672.    	  12211.    	  3163.1    	  9766.6    	  0.0000    	  4402.2    	 -4402.2    	 0.26354    	 2.50000E-03	  1236.8    	  9.8732    	  0.0000    	  9367.7    	  12531.    	  1.2900    	  16689.    	  1.0000    	  3.4634    	  3.4634    	 7.79260E-02	 7.79260E-02	 0.29000    	  116.00    	  0.0000    	  407.90    	  1.9000    	  390.95    	  390.95    	  109.02    	  109.02    	  441.25    	  230.53    	  261.22    	  42.872    
   231.000    	       -    	  1989.0    	  17.650    	  20.370    	 0.58975    	  8.0843    	  12562.    	  12281.    	  3233.7    	  9888.5    	  0.0000    	  4440.2    	 -4440.2    	 0.26410    	 2.50000E-03	  1246.6    	  9.8516    	  0.0000    	  9367.7    	  12601.    	  1.2300    	  16798.    	  1.0000    	  3.3930    	  3.3930    	 7.04201E-02	 7.04201E-02	 0.29000    	  116.00    	  0.0000    	  407.90    	  1.6000    	  394.41    	  394.41    	  109.10    	  109.10    	  444.79    	  232.95    	  269.04    	  44.306    
   232.000    	       -    	  1989.0    	  20.100    	  20.750    	 0.58712    	  8.2536    	  12448.    	  12349.    	  3301.4    	  10015.    	  0.0000    	  4478.7    	 -4478.7    	 0.26471    	 2.50000E-03	  1256.7    	  9.8263    	  0.0000    	  9367.7    	  12669.    	  1.5300    	  16904.    	  1.0000    	  3.5589    	  3.5589    	 6.79247E-02	 6.79247E-02	 0.29000    	  116.00    	  0.0000    	  407.90    	  1.3000    	  397.80    	  397.80    	  109.17    	  109.17    	  448.25    	  234.85    	  285.91    	  45.796    
   233.000    	       -    	  1989.0    	  19.850    	  18.420    	 0.58447    	  8.4202    	  12331.    	  12416.    	  3368.1    	  10145.    	  0.0000    	  4517.4    	 -4517.4    	 0.26535    	 2.50000E-03	  1267.0    	  9.7990    	  0.0000    	  9367.7    	  12736.    	  1.7700    	  17009.    	  1.0000    	  3.4712    	  3.4712    	 6.00821E-02	 6.00821E-02	 0.29000    	  116.00    	  0.0000    	  407.90    	  1.9000    	  401.36    	  401.36    	  109.24    	  109.24    	  451.88    	  222.91    	  281.37    	  47.394    
   234.000    	       -    	  1989.0    	  17.850    	  17.850    	 0.58181    	  8.5554    	  12208.    	  12470.    	  3422.1    	  10277.    	  0.0000    	  4554.2    	 -4554.2    	 0.26609    	 2.50000E-03	  1276.2    	  9.7711    	  0.0000    	  9367.7    	  12790.    	  1.5100    	  17100.    	  1.0000    	  3.3462    	  3.3462    	 5.38735E-02	 5.38735E-02	 0.29000    	  116.00    	  0.0000    	  407.90    	  2.4000    	  404.83    	  404.83    	  109.30    	  109.30    	  455.41    	  219.51    	  263.12    	  48.982    
   235.000    	       -    	  1989.0    	  15.800    	  17.690    	 0.57915    	  8.6781    	  12082.    	  12519.    	  3471.2    	  10411.    	  0.0000    	  4590.4    	 -4590.4    	 0.26688    	 2.50000E-03	  1285.1    	  9.7419    	  0.0000    	  9367.7    	  12839.    	  1.3100    	  17185.    	  1.0000    	  3.0208    	  3.0208    	 4.60186E-02	 4.60186E-02	 0.29000    	  116.00    	  0.0000    	  407.90    	  1.7000    	  408.18    	  408.18    	  109.35    	  109.35    	  458.81    	  218.57    	  242.82    	  50.482    
   236.000    	       -    	  1989.0    	  15.950    	  15.650    	 0.57647    	  8.7941    	  11954.    	  12565.    	  3517.6    	  10547.    	  0.0000    	  4626.5    	 -4626.5    	 0.26769    	 2.50000E-03	  1293.9    	  9.7115    	  0.0000    	  9367.7    	  12885.    	  1.3900    	  17268.    	  1.0000    	  2.8867    	  2.8867    	 4.10797E-02	 4.10797E-02	 0.29000    	  116.00    	  0.0000    	  407.90    	  2.6000    	  411.20    	  411.20    	  109.40    	  109.40    	  461.87    	  204.08    	  241.60    	  51.880    
   237.000    	       -    	  1989.0    	  12.400    	  8.7600    	 0.57378    	  8.8753    	  11826.    	  12598.    	  3550.1    	  10685.    	  0.0000    	  4660.1    	 -4660.1    	 0.26861    	 2.50000E-03	  1301.7    	  9.6784    	  0.0000    	  9367.7    	  12918.    	  1.3600    	  17334.    	  1.0000    	 0.97393    	 0.97393    	 2.07630E-02	 2.07630E-02	 0.29000    	  116.00    	  1.1000    	  407.90    	  2.0000    	  414.09    	  414.09    	  109.44    	  109.44    	  464.80    	  130.76    	  203.49    	  53.287    
   238.000    	       -    	  1989.0    	  11.850    	  11.890    	 0.57108    	  8.8003    	  11699.    	  12568.    	  3520.1    	  10824.    	  0.0000    	  4681.7    	 -4681.7    	 0.26999    	 2.50000E-03	  1306.0    	  9.6231    	  0.0000    	  9367.7    	  12888.    	  1.1100    	  17326.    	  1.0000    	 0.72732    	 0.72732    	 2.62276E-02	 2.62276E-02	 0.29000    	  116.00    	  2.9000    	  409.00    	  1.5000    	  415.06    	  415.06    	  109.46    	  109.46    	  465.80    	  169.95    	  194.97    	  54.484    
   239.000    	       -    	  1989.0    	  13.600    	  6.6200    	 0.56838    	  8.8100    	  11579.    	  12572.    	  3524.0    	  10962.    	  0.0000    	  4709.8    	 -4709.8    	 0.27111    	 2.50000E-03	  1311.9    	  9.5827    	  0.0000    	  9367.7    	  12892.    	  1.3200    	  17357.    	  1.0000    	 9.90111E-02	 9.90111E-02	 1.68747E-02	 1.68747E-02	 0.29000    	  116.00    	  19.900    	  411.90    	  3.1000    	  415.79    	  415.79    	  109.49    	  109.49    	  465.85    	  98.797    	  211.98    	  55.643    
   240.000    	       -    	  1989.0    	  14.050    	  14.870    	 0.56567    	  8.6708    	  11463.    	  12516.    	  3468.3    	  11100.    	  0.0000    	  4726.1    	 -4726.1    	 0.27267    	 2.50000E-03	  1315.2    	  9.5163    	  0.0000    	  9367.7    	  12836.    	  1.1500    	  17318.    	  1.0000    	  1.6799    	  1.6799    	 4.11673E-02	 4.11673E-02	 0.29000    	  116.00    	  2.1000    	  431.80    	  3.1000    	  415.89    	  415.89    	  109.50    	  109.50    	  465.85    	  0.0000    	  0.0000    	  56.917    
   241.000    	       -    	  1989.0    	  14.350    	  13.300    	 0.56295    	 0.80000    	  11354.    	  12516.    	  320.00    	  11100.    	  0.0000    	  4726.1    	 -4726.1    	 0.27267    	 2.50000E-03	  1322.6    	  9.4631    	  0.0000    	  12516.    	  12836.    	  1.1800    	  17318.    	  1.0000    	 0.71897    	 0.71897    	  1.6895    	  1.6895    	 0.29000    	  116.00    	  0.0000    	  433.90    	  1.9000    	  417.57    	  417.57    	  109.54    	  109.54    	  467.57    	  70.448    	  215.13    	  0.0000    
   242.000    	       -    	  1989.0    	  16.750    	  4.8100    	 0.56023    	 0.93910    	  11791.    	  12572.    	  375.64    	  11104.    	  0.0000    	  4737.7    	 -4737.7    	 0.27228    	 2.50000E-03	  1325.1    	  9.4870    	  0.0000    	  12516.    	  12892.    	  1.6600    	  17385.    	  1.0000    	 0.19674    	 0.19674    	 0.60493    	 0.60493    	 0.29000    	  116.00    	 0.50000    	  433.90    	  2.4000    	  418.29    	  418.29    	  111.23    	  111.23    	  469.98    	  31.080    	  245.18    	  1.3185    
   243.000    	       -    	  1989.0    	  17.750    	  6.7000    	 0.55749    	 0.99463    	  12223.    	  12594.    	  397.85    	  11107.    	  0.0000    	  4742.8    	 -4742.8    	 0.27215    	 2.50000E-03	  1326.2    	  9.4964    	  0.0000    	  12516.    	  12914.    	  1.6000    	  17413.    	  1.0000    	 0.28489    	 0.28489    	 0.74668    	 0.74668    	 0.29000    	  116.00    	  5.8000    	  434.40    	  1.9000    	  418.48    	  418.48    	  111.84    	  111.84    	  470.52    	  45.167    	  262.61    	  2.7654    
   244.000    	       -    	  1989.0    	  13.300    	  15.680    	 0.55476    	  1.0790    	  12665.    	  12628.    	  431.61    	  11111.    	  0.0000    	  4750.3    	 -4750.3    	 0.27193    	 2.50000E-03	  1327.7    	  9.5110    	  0.0000    	  12516.    	  12948.    	  1.2300    	  17454.    	  1.0000    	 0.99317    	 0.99317    	  1.7565    	  1.7565    	 0.29000    	  116.00    	 0.20000    	  440.20    	  1.5000    	  418.77    	  418.77    	  112.59    	  112.59    	  470.52    	  97.877    	  228.51    	  4.2604    
   245.000    	       -    	  1989.0    	  11.900    	  6.4900    	 0.55202    	  1.2726    	  13116.    	  12705.    	  509.04    	  11116.    	  0.0000    	  4766.4    	 -4766.4    	 0.27140    	 2.50000E-03	  1331.4    	  9.5425    	  0.0000    	  12516.    	  13025.    	  1.1700    	  17547.    	  1.0000    	 0.26209    	 0.26209    	 0.55636    	 0.55636    	 0.29000    	  116.00    	  6.2000    	  440.40    	  1.2000    	  419.76    	  419.76    	  114.34    	  114.34    	  473.27    	  51.985    	  219.25    	  5.5158    
   246.000    	       -    	  1989.0    	  10.500    	  15.880    	 0.54927    	  1.3685    	  13548.    	  12743.    	  547.38    	  11121.    	  0.0000    	  4775.0    	 -4775.0    	 0.27117    	 2.50000E-03	  1333.2    	  9.5588    	  0.0000    	  12516.    	  13063.    	 0.99000    	  17594.    	  1.0000    	  1.2142    	  1.2142    	  1.4227    	  1.4227    	 0.29000    	  116.00    	  0.0000    	  446.60    	  1.4000    	  420.02    	  420.02    	  114.90    	  114.90    	  473.27    	  115.88    	  206.23    	  6.6790    
   247.000    	       -    	  1989.0    	  10.050    	  13.630    	 0.54652    	  1.5967    	  13968.    	  12835.    	  638.70    	  11126.    	  0.0000    	  4794.1    	 -4794.1    	 0.27055    	 2.50000E-03	  1337.6    	  9.5953    	  0.0000    	  12516.    	  13155.    	 0.96000    	  17705.    	  1.0000    	  1.0815    	  1.0815    	  1.0263    	  1.0263    	 0.29000    	  116.00    	  0.0000    	  446.60    	  1.0000    	  421.24    	  421.24    	  116.32    	  116.32    	  475.90    	  115.80    	  205.34    	  7.7382    
   248.000    	       -    	  1989.0    	  12.550    	  8.9000    	 0.54376    	  1.8226    	  14356.    	  12925.    	  729.04    	  11132.    	  0.0000    	  4813.2    	 -4813.2    	 0.26996    	 2.50000E-03	  1341.8    	  9.6326    	  0.0000    	  12516.    	  13245.    	  1.1600    	  17814.    	  1.0000    	 0.75045    	 0.75045    	 0.59216    	 0.59216    	 0.29000    	  116.00    	  0.0000    	  446.60    	  1.1000    	  422.32    	  422.32    	  117.35    	  117.35    	  478.01    	  88.774    	  249.07    	  8.7611    
   249.000    	       -    	  1989.0    	  14.350    	  15.240    	 0.54100    	  1.9898    	  14266.    	  12992.    	  795.91    	  11140.    	  0.0000    	  4827.9    	 -4827.9    	 0.26955    	 2.50000E-03	  1344.8    	  9.6611    	  0.0000    	  12516.    	  13312.    	  1.2300    	  17896.    	  1.0000    	  1.4992    	  1.4992    	  1.0528    	  1.0528    	 0.29000    	  116.00    	 0.10000    	  446.60    	  1.3000    	  423.07    	  423.07    	  117.94    	  117.94    	  479.35    	  140.68    	  270.32    	  9.9683    
   250.000    	       -    	  1989.0    	  16.050    	  14.620    	 0.53823    	  2.2636    	  14178.    	  13101.    	  905.46    	  11148.    	  0.0000    	  4851.1    	 -4851.1    	 0.26886    	 2.50000E-03	  1350.1    	  9.7043    	  0.0000    	  12516.    	  13421.    	  1.2600    	  18029.    	  1.0000    	  1.5076    	  1.5076    	 0.84226    	 0.84226    	 0.29000    	  116.00    	  0.0000    	  446.70    	  1.1000    	  424.57    	  424.57    	  118.99    	  118.99    	  481.91    	  146.10    	  287.58    	  11.287    
   251.000    	       -    	  1989.0    	  16.600    	  16.400    	 0.53547    	  2.5461    	  14089.    	  13214.    	  1018.4    	  11157.    	  0.0000    	  4875.2    	 -4875.2    	 0.26815    	 2.50000E-03	  1355.5    	  9.7488    	  0.0000    	  12516.    	  13534.    	  1.2800    	  18166.    	  1.0000    	  2.0067    	  2.0067    	 0.90320    	 0.90320    	 0.29000    	  116.00    	  0.0000    	  446.70    	  1.8000    	  426.08    	  426.08    	  119.83    	  119.83    	  484.26    	  165.08    	  291.46    	  12.698    
   252.000    	       -    	  1989.0    	  16.350    	  13.920    	 0.53270    	  2.8654    	  14000.    	  13342.    	  1146.1    	  11167.    	  0.0000    	  4902.4    	 -4902.4    	 0.26737    	 2.50000E-03	  1361.9    	  9.7966    	  0.0000    	  12516.    	  13662.    	  1.5100    	  18321.    	  1.0000    	  2.0320    	  2.0320    	 0.72548    	 0.72548    	 0.29000    	  116.00    	  0.0000    	  446.70    	  2.8000    	  428.08    	  428.08    	  120.74    	  120.74    	  487.17    	  156.38    	  287.08    	  14.138    
   253.000    	       -    	  1989.0    	  17.100    	  11.260    	 0.52992    	  3.1633    	  13910.    	  13461.    	  1265.3    	  11178.    	  0.0000    	  4928.2    	 -4928.2    	 0.26667    	 2.50000E-03	  1367.6    	  9.8428    	  0.0000    	  12516.    	  13781.    	  1.5500    	  18466.    	  1.0000    	  1.7587    	  1.7587    	 0.51787    	 0.51787    	 0.29000    	  116.00    	  0.0000    	  446.70    	  3.1000    	  430.12    	  430.12    	  121.46    	  121.46    	  489.92    	  139.55    	  292.67    	  15.565    
   254.000    	       -    	  1989.0    	  17.900    	  13.080    	 0.52715    	  3.4231    	  14414.    	  13565.    	  1369.3    	  11191.    	  0.0000    	  4951.3    	 -4951.3    	 0.26609    	 2.50000E-03	  1372.4    	  9.8842    	  0.0000    	  12516.    	  13885.    	  1.4400    	  18593.    	  1.0000    	  2.2629    	  2.2629    	 0.56354    	 0.56354    	 0.29000    	  116.00    	  0.0000    	  446.70    	  3.7000    	  431.87    	  431.87    	  121.98    	  121.98    	  492.20    	  159.27    	  311.14    	  17.029    
   255.000    	       -    	  1989.0    	  17.850    	  13.080    	 0.52437    	  3.7216    	  14318.    	  13685.    	  1488.6    	  11204.    	  0.0000    	  4977.5    	 -4977.5    	 0.26542    	 2.50000E-03	  1378.1    	  9.9299    	  0.0000    	  12516.    	  14005.    	  1.5300    	  18738.    	  1.0000    	  1.5380    	  1.5380    	 0.42480    	 0.42480    	 0.29000    	  116.00    	  9.5000    	  446.70    	  2.2000    	  434.14    	  434.14    	  122.54    	  122.54    	  495.03    	  163.12    	  308.58    	  18.531    
   256.000    	       -    	  1989.0    	  16.400    	  4.1500    	 0.52159    	  4.0250    	  14220.    	  13806.    	  1610.0    	  11219.    	  0.0000    	  5004.4    	 -5004.4    	 0.26476    	 2.50000E-03	  1384.0    	  9.9757    	  0.0000    	  12516.    	  14126.    	  1.6100    	  18886.    	  1.0000    	 8.77361E-02	 8.77361E-02	 0.10594    	 0.10594    	 0.29000    	  116.00    	  23.800    	  456.20    	  2.3000    	  435.67    	  435.67    	  122.97    	  122.97    	  495.03    	  56.687    	  292.09    	  20.030    
   257.000    	       -    	  1989.0    	  13.250    	  12.540    	 0.51881    	  4.1026    	  14120.    	  13837.    	  1641.0    	  11236.    	  0.0000    	  5013.8    	 -5013.8    	 0.26469    	 2.50000E-03	  1385.9    	  9.9845    	  0.0000    	  12516.    	  14157.    	  1.1600    	  18927.    	  1.0000    	  1.4702    	  1.4702    	 0.33273    	 0.33273    	 0.29000    	  116.00    	  8.5000    	  480.00    	  3.0000    	  435.76    	  435.76    	  123.08    	  123.08    	  495.03    	  162.29    	  254.12    	  21.460    
   258.000    	       -    	  1989.0    	  13.800    	  7.2800    	 0.51602    	  4.3974    	  14020.    	  13955.    	  1759.0    	  11253.    	  0.0000    	  5040.6    	 -5040.6    	 0.26409    	 2.50000E-03	  1391.6    	  10.028    	  0.0000    	  12516.    	  14275.    	  1.4900    	  19072.    	  1.0000    	 0.65957    	 0.65957    	 0.17128    	 0.17128    	 0.29000    	  116.00    	  8.5000    	  488.50    	  3.0000    	  437.23    	  437.23    	  123.41    	  123.41    	  495.03    	  101.40    	  259.13    	  22.712    
   259.000    	       -    	  1989.0    	  18.500    	  9.6700    	 0.51324    	  4.5524    	  13922.    	  14017.    	  1820.9    	  11276.    	  0.0000    	  5057.3    	 -5057.3    	 0.26388    	 2.50000E-03	  1395.0    	  10.048    	  0.0000    	  12516.    	  14337.    	  1.6100    	  19150.    	  1.0000    	  1.3068    	  1.3068    	 0.24220    	 0.24220    	 0.29000    	  116.00    	  7.7000    	  497.00    	  3.8000    	  437.89    	  437.89    	  123.58    	  123.58    	  495.03    	  135.60    	  305.99    	  23.998    
   260.000    	       -    	  1989.0    	  19.300    	  13.500    	 0.51045    	  4.7715    	  13898.    	  14105.    	  1908.6    	  11301.    	  0.0000    	  5079.7    	 -5079.7    	 0.26353    	 2.50000E-03	  1399.5    	  10.078    	  0.0000    	  12516.    	  14425.    	  1.7300    	  19260.    	  1.0000    	  2.3079    	  2.3079    	 0.26888    	 0.26888    	 0.29000    	  116.00    	  0.0000    	  504.70    	  2.2000    	  439.20    	  439.20    	  123.82    	  123.82    	  495.03    	  176.01    	  312.47    	  25.527    
   261.000    	       -    	  1989.0    	  19.700    	  14.420    	 0.50766    	  5.0642    	  13798.    	  14222.    	  2025.7    	  11331.    	  0.0000    	  5108.7    	 -5108.7    	 0.26304    	 2.50000E-03	  1405.9    	  10.116    	  0.0000    	  12516.    	  14542.    	  1.6800    	  19406.    	  1.0000    	  2.5066    	  2.5066    	 0.24897    	 0.24897    	 0.29000    	  116.00    	  0.0000    	  504.70    	  2.3000    	  441.51    	  441.51    	  124.09    	  124.09    	  497.60    	  185.61    	  313.62    	  27.092    
   262.000    	       -    	  1989.0    	  14.950    	  4.4400    	 0.50488    	  5.3614    	  13697.    	  14341.    	  2144.6    	  11367.    	  0.0000    	  5139.3    	 -5139.3    	 0.26260    	 2.50000E-03	  1412.7    	  10.151    	  0.0000    	  12516.    	  14661.    	  1.6600    	  19556.    	  1.0000    	 0.10346    	 0.10346    	 6.47744E-02	 6.47744E-02	 0.29000    	  116.00    	  11.700    	  504.70    	  2.0000    	  444.01    	  444.01    	  124.34    	  124.34    	  500.36    	  63.931    	  266.23    	  28.673    
   263.000    	       -    	  1989.0    	  15.450    	  15.250    	 0.50209    	  5.3876    	  13594.    	  14351.    	  2155.0    	  11410.    	  0.0000    	  5149.9    	 -5149.9    	 0.26285    	 2.50000E-03	  1414.8    	  10.143    	  0.0000    	  12516.    	  14671.    	  1.7300    	  19577.    	  1.0000    	  2.6709    	  2.6709    	 0.22793    	 0.22793    	 0.29000    	  116.00    	 0.20000    	  516.40    	  2.1000    	  444.12    	  444.12    	  124.40    	  124.40    	  500.36    	  193.96    	  269.56    	  30.026    
   264.000    	       -    	  1989.0    	  16.450    	  14.270    	 0.49930    	  5.6837    	  13491.    	  14470.    	  2273.5    	  11454.    	  0.0000    	  5181.9    	 -5181.9    	 0.26247    	 2.50000E-03	  1422.2    	  10.174    	  0.0000    	  12516.    	  14790.    	  1.6700    	  19727.    	  1.0000    	  2.5310    	  2.5310    	 0.17896    	 0.17896    	 0.29000    	  116.00    	  0.0000    	  516.60    	  1.8000    	  446.79    	  446.79    	  124.63    	  124.63    	  503.26    	  187.24    	  277.62    	  31.406    
   265.000    	       -    	  1989.0    	  20.200    	  11.800    	 0.49651    	  5.9474    	  13390.    	  14575.    	  2378.9    	  11505.    	  0.0000    	  5212.8    	 -5212.8    	 0.26223    	 2.50000E-03	  1429.1    	  10.199    	  0.0000    	  12516.    	  14895.    	  1.7900    	  19864.    	  1.0000    	  2.0726    	  2.0726    	 0.12890    	 0.12890    	 0.29000    	  116.00    	  0.0000    	  516.60    	  2.2000    	  449.32    	  449.32    	  124.81    	  124.81    	  505.97    	  165.09    	  308.33    	  32.837    
   266.000    	       -    	  1989.0    	  15.200    	  6.2000    	 0.49373    	  6.1474    	  13288.    	  14655.    	  2459.0    	  11563.    	  0.0000    	  5240.0    	 -5240.0    	 0.26218    	 2.50000E-03	  1434.8    	  10.214    	  0.0000    	  12516.    	  14975.    	  1.3600    	  19971.    	  1.0000    	 0.10592    	 0.10592    	 4.98565E-02	 4.98565E-02	 0.29000    	  116.00    	  1.7000    	  516.60    	  1.9000    	  451.39    	  451.39    	  124.94    	  124.94    	  508.17    	  90.674    	  260.91    	  34.440    
   267.000    	       -    	  1989.0    	  15.000    	  11.180    	 0.49094    	  6.1783    	  13184.    	  14667.    	  2471.3    	  11626.    	  0.0000    	  5255.0    	 -5255.0    	 0.26257    	 2.50000E-03	  1437.8    	  10.201    	  0.0000    	  12516.    	  14987.    	  1.2900    	  19998.    	  1.0000    	 0.74853    	 0.74853    	 8.57494E-02	 8.57494E-02	 0.29000    	  116.00    	  3.9000    	  518.30    	 0.80000    	  451.50    	  451.50    	  124.99    	  124.99    	  508.17    	  159.27    	  256.79    	  35.806    
   268.000    	       -    	  1989.0    	  13.600    	  6.8000    	 0.48815    	  6.3502    	  13082.    	  14736.    	  2540.1    	  11690.    	  0.0000    	  5281.3    	 -5281.3    	 0.26264    	 2.50000E-03	  1443.3    	  10.210    	  0.0000    	  12516.    	  15056.    	  1.4100    	  20093.    	  1.0000    	 0.88882    	 0.88882    	 5.24412E-02	 5.24412E-02	 0.29000    	  116.00    	 0.30000    	  522.20    	  1.0000    	  452.25    	  452.25    	  125.08    	  125.08    	  508.17    	  99.741    	  239.51    	  37.161    
   269.000    	       -    	  1989.0    	  11.450    	  7.0300    	 0.48537    	  6.3854    	  12980.    	  14750.    	  2554.2    	  11759.    	  0.0000    	  5297.7    	 -5297.7    	 0.26306    	 2.50000E-03	  1446.6    	  10.196    	  0.0000    	  12516.    	  15070.    	  1.3200    	  20124.    	  1.0000    	  1.0137    	  1.0137    	 5.67156E-02	 5.67156E-02	 0.29000    	  116.00    	 0.30000    	  522.50    	  1.1000    	  453.13    	  453.13    	  125.13    	  125.13    	  509.11    	  103.16    	  211.01    	  38.435    
   270.000    	       -    	  1989.0    	  10.900    	  14.800    	 0.48258    	  6.4251    	  12881.    	  14766.    	  2570.0    	  11830.    	  0.0000    	  5314.8    	 -5314.8    	 0.26347    	 2.50000E-03	  1450.0    	  10.183    	  0.0000    	  12516.    	  15086.    	 0.93000    	  20157.    	  1.0000    	  1.9834    	  1.9834    	 9.72051E-02	 9.72051E-02	 0.29000    	  116.00    	  0.0000    	  522.80    	 0.90000    	  454.15    	  454.15    	  125.18    	  125.18    	  510.18    	  194.01    	  201.83    	  39.566    
   271.000    	       -    	  1989.0    	  11.050    	  6.6500    	 0.47980    	  6.6515    	  12785.    	  14857.    	  2660.6    	  11901.    	  0.0000    	  5346.8    	 -5346.8    	 0.26346    	 2.50000E-03	  1457.3    	  10.195    	  0.0000    	  12516.    	  15177.    	  1.1400    	  20279.    	  1.0000    	 0.17155    	 0.17155    	 4.30427E-02	 4.30427E-02	 0.29000    	  116.00    	  5.1000    	  522.80    	  2.0000    	  456.13    	  456.13    	  125.28    	  125.28    	  512.26    	  97.906    	  202.41    	  40.657    
   272.000    	       -    	  1989.0    	  11.450    	  4.5300    	 0.47702    	  6.6600    	  12692.    	  14860.    	  2664.0    	  11979.    	  0.0000    	  5362.9    	 -5362.9    	 0.26400    	 2.50000E-03	  1460.6    	  10.174    	  0.0000    	  12516.    	  15180.    	  1.1900    	  20299.    	  1.0000    	  0.0000    	  0.0000    	 2.83719E-02	 2.83719E-02	 0.29000    	  116.00    	  1.8000    	  527.90    	  2.0000    	  456.30    	  456.30    	  125.32    	  125.32    	  512.26    	  66.700    	  206.32    	  41.758    
   273.000    	       -    	  1989.0    	  13.700    	  4.6600    	 0.47424    	  6.6028    	  12603.    	  14837.    	  2641.1    	  12058.    	  0.0000    	  5373.9    	 -5373.9    	 0.26470    	 2.50000E-03	  1462.8    	  10.143    	  0.0000    	  12516.    	  15157.    	  1.3800    	  20287.    	  1.0000    	 0.71002    	 0.71002    	 3.14714E-02	 3.14714E-02	 0.29000    	  116.00    	  0.0000    	  529.70    	  2.0000    	  456.30    	  456.30    	  125.35    	  125.35    	  512.26    	  68.570    	  231.83    	  42.889    
   274.000    	       -    	  1989.0    	  13.700    	  5.7800    	 0.47146    	  6.5538    	  12515.    	  14818.    	  2621.5    	  12135.    	  0.0000    	  5385.2    	 -5385.2    	 0.26536    	 2.50000E-03	  1465.1    	  10.114    	  0.0000    	  12516.    	  15138.    	  1.2500    	  20279.    	  1.0000    	 0.80140    	 0.80140    	 3.69255E-02	 3.69255E-02	 0.29000    	  116.00    	  0.0000    	  529.70    	  1.9000    	  457.01    	  457.01    	  125.38    	  125.38    	  513.00    	  85.001    	  230.23    	  44.169    
   275.000    	       -    	  1989.0    	  11.950    	  5.3800    	 0.46869    	  6.5430    	  12428.    	  14813.    	  2617.2    	  12210.    	  0.0000    	  5399.3    	 -5399.3    	 0.26593    	 2.50000E-03	  1467.9    	  10.091    	  0.0000    	  12516.    	  15133.    	  1.2100    	  20288.    	  1.0000    	 0.85250    	 0.85250    	 3.85603E-02	 3.85603E-02	 0.29000    	  116.00    	  0.0000    	  529.70    	  2.5000    	  457.81    	  457.81    	  125.42    	  125.42    	  513.84    	  79.108    	  208.37    	  45.450    
   276.000    	       -    	  1989.0    	  9.3500    	  10.860    	 0.46591    	  6.5206    	  12342.    	  14804.    	  2608.2    	  12285.    	  0.0000    	  5412.3    	 -5412.3    	 0.26652    	 2.50000E-03	  1470.5    	  10.067    	  0.0000    	  12516.    	  15124.    	  1.0800    	  20293.    	  1.0000    	  1.6484    	  1.6484    	 7.51999E-02	 7.51999E-02	 0.29000    	  116.00    	  0.0000    	  529.70    	  1.2000    	  458.67    	  458.67    	  125.46    	  125.46    	  514.73    	  156.58    	  170.80    	  46.616    
   277.000    	       -    	  1989.0    	  8.1500    	  12.760    	 0.46315    	  6.6617    	  12258.    	  14861.    	  2664.7    	  12359.    	  0.0000    	  5438.2    	 -5438.2    	 0.26671    	 2.50000E-03	  1475.9    	  10.069    	  0.0000    	  12516.    	  15181.    	 0.81000    	  20375.    	  1.0000    	  1.3037    	  1.3037    	 7.50120E-02	 7.50120E-02	 0.29000    	  116.00    	 0.90000    	  529.70    	  1.7000    	  460.32    	  460.32    	  125.54    	  125.54    	  516.46    	  149.55    	  149.55    	  47.579    
   278.000    	       -    	  1989.0    	  12.450    	  12.620    	 0.46038    	  6.7772    	  12177.    	  14907.    	  2710.9    	  12438.    	  26.750    	  5462.8    	 -5462.8    	 0.26664    	 2.50000E-03	  1482.1    	  10.058    	  0.0000    	  12516.    	  15227.    	  1.0900    	  20473.    	  1.0000    	  2.0543    	  2.0543    	 8.21786E-02	 8.21786E-02	 0.29000    	  116.00    	  0.0000    	  530.60    	  2.4000    	  461.62    	  461.62    	  125.61    	  125.61    	  517.83    	  201.92    	  210.10    	  48.428    
   279.000    	       -    	  1989.0    	  12.350    	  7.0600    	 0.45762    	  6.9930    	  12099.    	  14993.    	  2797.2    	  12520.    	  0.0000    	  5496.1    	 -5496.1    	 0.26706    	 2.50000E-03	  1488.3    	  10.074    	  0.0000    	  12516.    	  15313.    	  1.2500    	  20565.    	  1.0000    	 0.39988    	 0.39988    	 4.50306E-02	 4.50306E-02	 0.29000    	  116.00    	  8.4000    	  530.60    	  3.5000    	  463.67    	  463.67    	  125.69    	  125.69    	  519.97    	  104.31    	  207.60    	  49.629    
   280.000    	       -    	  1989.0    	  10.200    	  8.8000    	 0.45486    	  6.9875    	  12022.    	  14991.    	  2795.0    	  12610.    	  0.0000    	  5513.4    	 -5513.4    	 0.26770    	 2.50000E-03	  1491.8    	  10.049    	  0.0000    	  12516.    	  15311.    	  1.0700    	  20580.    	  1.0000    	 0.56984    	 0.56984    	 5.14101E-02	 5.14101E-02	 0.29000    	  116.00    	  7.6000    	  539.00    	  2.9000    	  464.07    	  464.07    	  125.74    	  125.74    	  519.97    	  0.0000    	  0.0000    	  50.823    
   281.000    	       -    	  1989.0    	  10.450    	  9.4200    	 0.45210    	 0.80000    	  11946.    	  14991.    	  320.00    	  12610.    	  0.0000    	  5513.4    	 -5513.4    	 0.26770    	 2.50000E-03	  1496.1    	  10.020    	  0.0000    	  14991.    	  15311.    	  1.0800    	  20580.    	  1.0000    	 0.39015    	 0.39015    	  1.1434    	  1.1434    	 0.29000    	  116.00    	  1.4000    	  546.60    	  1.9000    	  464.64    	  464.64    	  125.79    	  125.79    	  519.97    	  53.866    	  181.16    	  0.0000    
   282.000    	       -    	  1989.0    	  10.900    	  5.5100    	 0.44935    	 0.90449    	  12295.    	  15033.    	  361.79    	  12613.    	  0.0000    	  5522.2    	 -5522.2    	 0.26747    	 2.50000E-03	  1497.9    	  10.036    	  0.0000    	  14991.    	  15353.    	  1.1300    	  20631.    	  1.0000    	 0.17567    	 0.17567    	 0.58740    	 0.58740    	 0.29000    	  116.00    	  3.2000    	  548.00    	  1.6000    	  465.03    	  465.03    	  126.93    	  126.93    	  520.30    	  34.615    	  192.65    	  1.0553    
   283.000    	       -    	  1989.0    	  10.100    	  7.2000    	 0.44661    	 0.96774    	  12638.    	  15058.    	  387.10    	  12616.    	  0.0000    	  5528.0    	 -5528.0    	 0.26735    	 2.50000E-03	  1499.1    	  10.045    	  0.0000    	  14991.    	  15378.    	 0.99000    	  20662.    	  1.0000    	 0.40964    	 0.40964    	 0.76050    	 0.76050    	 0.29000    	  116.00    	  0.0000    	  551.20    	  2.1000    	  465.21    	  465.21    	  127.52    	  127.52    	  520.30    	  47.570    	  186.53    	  2.1456    
   284.000    	       -    	  1989.0    	  10.800    	  9.6300    	 0.44387    	  1.0574    	  12980.    	  15094.    	  422.97    	  12620.    	  0.0000    	  5535.8    	 -5535.8    	 0.26716    	 2.50000E-03	  1500.7    	  10.058    	  0.0000    	  14991.    	  15414.    	  1.0700    	  20706.    	  1.0000    	 0.50921    	 0.50921    	  1.0538    	  1.0538    	 0.29000    	  116.00    	  2.7000    	  551.20    	  2.3000    	  465.62    	  465.62    	  128.28    	  128.28    	  521.47    	  67.859    	  201.95    	  3.1726    
   285.000    	       -    	  1989.0    	  11.950    	  3.2800    	 0.44114    	  1.1886    	  13315.    	  15146.    	  475.42    	  12625.    	  0.0000    	  5547.0    	 -5547.0    	 0.26688    	 2.50000E-03	  1502.9    	  10.078    	  0.0000    	  14991.    	  15466.    	  1.3992    	  20769.    	  1.0000    	 0.26621    	 0.26621    	 0.37168    	 0.37168    	 0.29000    	  116.00    	  0.0000    	  553.90    	  3.1000    	  466.13    	  466.13    	  129.33    	  129.33    	  521.47    	  25.087    	  223.23    	  4.2552    
   286.000    	       -    	  1989.0    	  12.850    	  4.4100    	 0.43841    	  1.2291    	  13641.    	  15163.    	  491.64    	  12629.    	  0.0000    	  5551.1    	 -5551.1    	 0.26682    	 2.50000E-03	  1503.8    	  10.083    	  0.0000    	  14991.    	  15483.    	  1.4400    	  20790.    	  1.0000    	 0.23047    	 0.23047    	 0.51138    	 0.51138    	 0.29000    	  116.00    	  5.7000    	  553.90    	  4.1000    	  466.39    	  466.39    	  129.71    	  129.71    	  522.11    	  34.509    	  240.51    	  5.4218    
   287.000    	       -    	  1989.0    	  9.9000    	  6.6500    	 0.43569    	  1.2889    	  13970.    	  15187.    	  515.56    	  12634.    	  0.0000    	  5556.8    	 -5556.8    	 0.26671    	 2.50000E-03	  1504.9    	  10.091    	  0.0000    	  14991.    	  15507.    	  1.0700    	  20819.    	  1.0000    	 0.41315    	 0.41315    	 0.71461    	 0.71461    	 0.29000    	  116.00    	  3.2000    	  559.60    	  3.9000    	  466.62    	  466.62    	  130.22    	  130.22    	  522.11    	  53.718    	  202.85    	  6.6487    
   288.000    	       -    	  1989.0    	  9.8000    	  8.5800    	 0.43297    	  1.3882    	  14303.    	  15226.    	  555.29    	  12639.    	  0.0000    	  5565.7    	 -5565.7    	 0.26652    	 2.50000E-03	  1506.7    	  10.106    	  0.0000    	  14991.    	  15546.    	  1.0100    	  20868.    	  1.0000    	 0.62029    	 0.62029    	 0.76699    	 0.76699    	 0.29000    	  116.00    	 0.10000    	  562.80    	  2.2000    	  467.04    	  467.04    	  130.93    	  130.93    	  522.11    	  72.745    	  205.96    	  7.6591    
   289.000    	       -    	  1989.0    	  11.100    	  7.2500    	 0.43026    	  1.5263    	  14218.    	  15282.    	  610.50    	  12645.    	  0.0000    	  5577.7    	 -5577.7    	 0.26624    	 2.50000E-03	  1509.1    	  10.126    	  0.0000    	  14991.    	  15602.    	  1.1900    	  20935.    	  1.0000    	 0.67524    	 0.67524    	 0.66967    	 0.66967    	 0.29000    	  116.00    	  0.0000    	  562.90    	  3.0000    	  467.66    	  467.66    	  131.70    	  131.70    	  523.50    	  65.227    	  225.86    	  8.6610    
   290.000    	       -    	  1989.0    	  11.650    	  9.9400    	 0.42756    	  1.6472    	  14135.    	  15330.    	  658.89    	  12651.    	  0.0000    	  5588.5    	 -5588.5    	 0.26600    	 2.50000E-03	  1511.3    	  10.144    	  0.0000    	  14991.    	  15650.    	  1.1600    	  20994.    	  1.0000    	 0.87592    	 0.87592    	 0.78958    	 0.78958    	 0.29000    	  116.00    	  0.0000    	  562.90    	  1.5000    	  468.33    	  468.33    	  132.37    	  132.37    	  524.84    	  93.606    	  232.69    	  9.7664    
   291.000    	       -    	  1989.0    	  12.500    	  9.0600    	 0.42487    	  1.8262    	  14052.    	  15402.    	  730.50    	  12657.    	  0.0000    	  5603.9    	 -5603.9    	 0.26563    	 2.50000E-03	  1514.4    	  10.170    	  0.0000    	  14991.    	  15722.    	  1.1800    	  21081.    	  1.0000    	 0.82470    	 0.82470    	 0.64170    	 0.64170    	 0.29000    	  116.00    	  0.0000    	  562.90    	  1.5000    	  469.21    	  469.21    	  133.16    	  133.16    	  526.51    	  90.470    	  243.13    	  10.912    
   292.000    	       -    	  1989.0    	  13.800    	  6.7300    	 0.42219    	  1.9969    	  13969.    	  15470.    	  798.77    	  12665.    	  0.0000    	  5618.8    	 -5618.8    	 0.26529    	 2.50000E-03	  1517.4    	  10.195    	  0.0000    	  14991.    	  15790.    	  1.4500    	  21165.    	  1.0000    	 0.74719    	 0.74719    	 0.49845    	 0.49845    	 0.29000    	  116.00    	  0.0000    	  562.90    	  2.1000    	  470.03    	  470.03    	  133.80    	  133.80    	  527.98    	  70.488    	  258.19    	  12.116    
   293.000    	       -    	  1989.0    	  12.500    	  6.8700    	 0.41952    	  2.1242    	  14703.    	  15521.    	  849.68    	  12673.    	  0.0000    	  5630.5    	 -5630.5    	 0.26506    	 2.50000E-03	  1519.8    	  10.212    	  0.0000    	  14991.    	  15841.    	  1.2600    	  21227.    	  1.0000    	 0.70591    	 0.70591    	 0.57146    	 0.57146    	 0.29000    	  116.00    	  6.2000    	  562.90    	  5.3000    	  470.78    	  470.78    	  134.30    	  134.30    	  529.22    	  74.241    	  254.40    	  13.402    
   294.000    	       -    	  1989.0    	  16.350    	  4.8300    	 0.41685    	  2.2580    	  14614.    	  15574.    	  903.22    	  12681.    	  0.0000    	  5642.7    	 -5642.7    	 0.26482    	 2.50000E-03	  1522.3    	  10.231    	  0.0000    	  14991.    	  15894.    	  1.5700    	  21293.    	  1.0000    	 0.64149    	 0.64149    	 0.48303    	 0.48303    	 0.29000    	  116.00    	 0.80000    	  569.10    	  6.1000    	  471.49    	  471.49    	  134.87    	  134.87    	  529.22    	  53.758    	  299.66    	  14.606    
   295.000    	       -    	  1989.0    	  17.200    	  8.3600    	 0.41420    	  2.3478    	  14525.    	  15610.    	  939.12    	  12690.    	  0.0000    	  5651.6    	 -5651.6    	 0.26468    	 2.50000E-03	  1524.1    	  10.243    	  0.0000    	  14991.    	  15930.    	  1.4000    	  21338.    	  1.0000    	  1.2998    	  1.2998    	 0.65171    	 0.65171    	 0.29000    	  116.00    	  0.0000    	  569.90    	  4.1000    	  472.13    	  472.13    	  135.35    	  135.35    	  530.11    	  94.744    	  306.61    	  16.033    
   296.000    	       -    	  1989.0    	  14.400    	  2.1900    	 0.41156    	  2.5222    	  14432.    	  15680.    	  1008.9    	  12699.    	  0.0000    	  5667.2    	 -5667.2    	 0.26435    	 2.50000E-03	  1527.2    	  10.267    	  0.0000    	  14991.    	  16000.    	  1.5200    	  21423.    	  1.0000    	 0.14698    	 0.14698    	 9.37413E-02	 9.37413E-02	 0.29000    	  116.00    	 0.10000    	  569.90    	  1.2000    	  473.43    	  473.43    	  136.00    	  136.00    	  532.06    	  25.617    	  274.07    	  17.502    
   297.000    	       -    	  1989.0    	  12.550    	  8.5400    	 0.40893    	  2.5506    	  14336.    	  15691.    	  1020.2    	  12709.    	  0.0000    	  5671.4    	 -5671.4    	 0.26436    	 2.50000E-03	  1528.1    	  10.269    	  0.0000    	  14991.    	  16011.    	  1.3200    	  21439.    	  1.0000    	  1.0024    	  1.0024    	 0.48578    	 0.48578    	 0.29000    	  116.00    	 0.20000    	  570.00    	  2.8000    	  473.58    	  473.58    	  136.10    	  136.10    	  532.30    	  100.37    	  248.73    	  18.823    
   298.000    	       -    	  1989.0    	  11.800    	  4.4600    	 0.40631    	  2.7347    	  14239.    	  15765.    	  1093.9    	  12720.    	  0.0000    	  5688.0    	 -5688.0    	 0.26402    	 2.50000E-03	  1531.4    	  10.294    	  0.0000    	  14991.    	  16085.    	  1.2700    	  21529.    	  1.0000    	 0.54422    	 0.54422    	 0.21340    	 0.21340    	 0.29000    	  116.00    	  0.0000    	  570.20    	  2.2000    	  474.58    	  474.58    	  136.58    	  136.58    	  533.79    	  53.934    	  236.59    	  20.030    
   299.000    	       -    	  1989.0    	  12.950    	  2.4500    	 0.40371    	  2.8201    	  14143.    	  15799.    	  1128.0    	  12730.    	  0.0000    	  5696.9    	 -5696.9    	 0.26390    	 2.50000E-03	  1533.2    	  10.305    	  0.0000    	  14991.    	  16119.    	  1.4700    	  21572.    	  1.0000    	 3.06832E-02	 3.06832E-02	 0.12160    	 0.12160    	 0.29000    	  116.00    	 0.60000    	  570.20    	  2.1000    	  475.12    	  475.12    	  136.80    	  136.80    	  534.55    	  29.983    	  250.68    	  21.186    
   300.000    	       -    	  1989.0    	  14.650    	  5.3100    	 0.40112    	  2.8546    	  14048.    	  15813.    	  1141.9    	  12742.    	  0.0000    	  5701.9    	 -5701.9    	 0.26390    	 2.50000E-03	  1534.2    	  10.307    	  0.0000    	  14991.    	  16133.    	  1.3800    	  21591.    	  1.0000    	 0.74606    	 0.74606    	 0.26829    	 0.26829    	 0.29000    	  116.00    	  0.0000    	  570.80    	  3.1000    	  475.15    	  475.15    	  136.92    	  136.92    	  534.70    	  65.284    	  269.67    	  22.420    
   301.000    	       -    	  1989.0    	  13.150    	  3.1900    	 0.39854    	  2.9625    	  13954.    	  15856.    	  1185.0    	  12753.    	  0.0000    	  5712.6    	 -5712.6    	 0.26374    	 2.50000E-03	  1536.4    	  10.320    	  0.0000    	  14991.    	  16176.    	  1.0800    	  21645.    	  1.0000    	 0.27738    	 0.27738    	 0.20861    	 0.20861    	 0.29000    	  116.00    	  2.1000    	  570.80    	  4.3000    	  475.90    	  475.90    	  137.19    	  137.19    	  535.72    	  39.761    	  249.87    	  23.755    
   302.000    	       -    	  1989.0    	  11.350    	  1.4100    	 0.39598    	  3.0160    	  14449.    	  15877.    	  1206.4    	  12765.    	  0.0000    	  5719.2    	 -5719.2    	 0.26371    	 2.50000E-03	  1537.7    	  10.325    	  0.0000    	  14991.    	  16197.    	  1.1300    	  21673.    	  1.0000    	 6.70087E-02	 6.70087E-02	 0.13365    	 0.13365    	 0.29000    	  116.00    	  5.5000    	  572.90    	  5.7000    	  476.18    	  476.18    	  137.40    	  137.40    	  535.72    	  17.687    	  233.37    	  25.001    
   303.000    	       -    	  1989.0    	  13.250    	  1.8600    	 0.39344    	  3.0230    	  14350.    	  15880.    	  1209.2    	  12777.    	  0.0000    	  5722.1    	 -5722.1    	 0.26377    	 2.50000E-03	  1538.3    	  10.323    	  0.0000    	  14991.    	  16200.    	  1.3600    	  21678.    	  1.0000    	 7.37384E-02	 7.37384E-02	 0.13803    	 0.13803    	 0.29000    	  116.00    	  12.000    	  578.40    	  5.8000    	  476.24    	  476.24    	  137.53    	  137.53    	  535.72    	  23.351    	  258.26    	  26.125    
   304.000    	       -    	  1989.0    	  9.8500    	  1.3300    	 0.39091    	  3.0416    	  14252.    	  15888.    	  1216.6    	  12789.    	  0.0000    	  5726.0    	 -5726.0    	 0.26381    	 2.50000E-03	  1539.1    	  10.323    	  0.0000    	  14991.    	  16208.    	  1.2166    	  21690.    	  1.0000    	  0.0000    	  0.0000    	 5.65577E-02	 5.65577E-02	 0.29000    	  116.00    	  8.5000    	  590.40    	  2.5000    	  476.32    	  476.32    	  137.67    	  137.67    	  535.72    	  16.734    	  206.09    	  27.378    
   305.000    	       -    	  1989.0    	  12.100    	  3.9900    	 0.38840    	  3.0463    	  14154.    	  15890.    	  1218.5    	  12801.    	  0.0000    	  5728.7    	 -5728.7    	 0.26388    	 2.50000E-03	  1539.6    	  10.320    	  0.0000    	  14991.    	  16210.    	  1.2000    	  21694.    	  1.0000    	 0.35070    	 0.35070    	 0.11887    	 0.11887    	 0.29000    	  116.00    	  0.0000    	  598.90    	  1.1000    	  476.32    	  476.32    	  137.72    	  137.72    	  535.72    	  50.228    	  239.41    	  28.384    
   306.000    	       -    	  1989.0    	  11.900    	  4.7200    	 0.38591    	  3.1208    	  14060.    	  15919.    	  1248.3    	  12813.    	  0.0000    	  5737.0    	 -5737.0    	 0.26380    	 2.50000E-03	  1541.3    	  10.328    	  0.0000    	  14991.    	  16239.    	  1.1900    	  21732.    	  1.0000    	 0.29596    	 0.29596    	 0.20634    	 0.20634    	 0.29000    	  116.00    	  2.5000    	  598.90    	  3.4000    	  476.67    	  476.67    	  137.84    	  137.84    	  536.19    	  59.915    	  235.01    	  29.561    
   307.000    	       -    	  1989.0    	  8.3500    	  3.7600    	 0.38344    	  3.2148    	  13965.    	  15957.    	  1285.9    	  12826.    	  0.0000    	  5746.9    	 -5746.9    	 0.26368    	 2.50000E-03	  1543.3    	  10.339    	  0.0000    	  14991.    	  16277.    	  1.0000    	  21780.    	  1.0000    	 0.48089    	 0.48089    	 0.13708    	 0.13708    	 0.29000    	  116.00    	  0.0000    	  601.40    	  2.9000    	  476.96    	  476.96    	  138.05    	  138.05    	  536.19    	  48.205    	  174.42    	  30.724    
   308.000    	       -    	  1989.0    	  8.4000    	  4.5400    	 0.38100    	  3.2835    	  14358.    	  15984.    	  1313.4    	  12838.    	  0.0000    	  5754.8    	 -5754.8    	 0.26362    	 2.50000E-03	  1544.9    	  10.346    	  0.0000    	  14991.    	  16304.    	 0.98000    	  21815.    	  1.0000    	 0.28856    	 0.28856    	 0.18720    	 0.18720    	 0.29000    	  116.00    	  2.2000    	  601.40    	  4.6000    	  477.44    	  477.44    	  138.19    	  138.19    	  536.80    	  58.604    	  180.35    	  31.593    
   309.000    	       -    	  1989.0    	  6.2000    	  4.0300    	 0.37857    	  3.3731    	  14265.    	  16020.    	  1349.3    	  12851.    	  0.0000    	  5764.5    	 -5764.5    	 0.26351    	 2.50000E-03	  1546.9    	  10.357    	  0.0000    	  14991.    	  16340.    	 0.85000    	  21861.    	  1.0000    	 5.11848E-02	 5.11848E-02	 0.12282    	 0.12282    	 0.29000    	  116.00    	  2.5000    	  603.60    	  2.5000    	  477.73    	  477.73    	  138.37    	  138.37    	  536.80    	  52.462    	  127.51    	  32.467    
   310.000    	       -    	  1989.0    	  3.7500    	  2.3400    	 0.37617    	  3.4491    	  14176.    	  16051.    	  1379.6    	  12865.    	  0.0000    	  5773.2    	 -5773.2    	 0.26343    	 2.50000E-03	  1548.6    	  10.365    	  0.0000    	  14991.    	  16371.    	 0.77000    	  21900.    	  1.0000    	 0.24242    	 0.24242    	 6.05307E-02	 6.05307E-02	 0.29000    	  116.00    	  0.0000    	  606.10    	  1.3000    	  477.78    	  477.78    	  138.50    	  138.50    	  536.80    	  30.668    	  41.694    	  33.089    
   311.000    	       -    	  1989.0    	  6.4000    	  4.2700    	 0.37379    	  3.4788    	  14091.    	  16063.    	  1391.5    	  12879.    	  0.0000    	  5778.2    	 -5778.2    	 0.26346    	 2.50000E-03	  1549.6    	  10.365    	  0.0000    	  14991.    	  16383.    	 0.80000    	  21917.    	  1.0000    	 0.32040    	 0.32040    	 0.11577    	 0.11577    	 0.29000    	  116.00    	 0.30000    	  606.10    	  2.3000    	  478.03    	  478.03    	  138.56    	  138.56    	  537.11    	  56.106    	  131.29    	  33.294    
   312.000    	       -    	  1989.0    	  8.5500    	  1.8200    	 0.37143    	  3.5613    	  14012.    	  16096.    	  1424.5    	  12892.    	  0.0000    	  5787.5    	 -5787.5    	 0.26338    	 2.50000E-03	  1551.5    	  10.374    	  0.0000    	  14991.    	  16416.    	 0.84000    	  21959.    	  1.0000    	 0.18954    	 0.18954    	 0.13542    	 0.13542    	 0.29000    	  116.00    	 0.90000    	  606.40    	  5.7000    	  478.35    	  478.35    	  138.67    	  138.67    	  537.54    	  24.078    	  178.96    	  33.942    
   313.000    	       -    	  1989.0    	  7.8000    	  5.1400    	 0.36910    	  3.5761    	  13937.    	  16101.    	  1430.5    	  12907.    	  0.0000    	  5791.5    	 -5791.5    	 0.26344    	 2.50000E-03	  1552.3    	  10.373    	  0.0000    	  14991.    	  16421.    	 0.84000    	  21969.    	  1.0000    	 0.45212    	 0.45212    	 0.19922    	 0.19922    	 0.29000    	  116.00    	  4.8000    	  607.30    	  4.8000    	  478.54    	  478.54    	  138.81    	  138.81    	  537.86    	  68.080    	  162.74    	  34.831    
   314.000    	       -    	  1989.0    	  7.8500    	 0.92000    	 0.36680    	  3.6827    	  14155.    	  16144.    	  1473.1    	  12921.    	  0.0000    	  5802.7    	 -5802.7    	 0.26330    	 2.50000E-03	  1554.6    	  10.385    	  0.0000    	  14991.    	  16464.    	 0.98000    	  22023.    	  1.0000    	  0.0000    	  0.0000    	 4.77930E-02	 4.77930E-02	 0.29000    	  116.00    	  3.2000    	  612.10    	  5.5000    	  478.99    	  478.99    	  139.01    	  139.01    	  537.86    	  12.286    	  166.37    	  35.643    
   315.000    	       -    	  1989.0    	  9.1500    	  5.3300    	 0.36453    	  3.6717    	  14081.    	  16140.    	  1468.7    	  12935.    	  0.0000    	  5804.7    	 -5804.7    	 0.26342    	 2.50000E-03	  1555.0    	  10.379    	  0.0000    	  14991.    	  16460.    	 0.85000    	  22020.    	  1.0000    	 0.72129    	 0.72129    	 0.15595    	 0.15595    	 0.29000    	  116.00    	  0.0000    	  615.30    	  3.0000    	  478.99    	  478.99    	  139.05    	  139.05    	  537.86    	  71.118    	  191.24    	  36.461    
   316.000    	       -    	  1989.0    	  6.3000    	  4.4900    	 0.36229    	  3.7836    	  14009.    	  16184.    	  1513.4    	  12950.    	  0.0000    	  5816.5    	 -5816.5    	 0.26328    	 2.50000E-03	  1557.4    	  10.392    	  0.0000    	  14991.    	  16504.    	 0.80000    	  22077.    	  1.0000    	 0.43025    	 0.43025    	 9.04056E-02	 9.04056E-02	 0.29000    	  116.00    	  0.0000    	  615.30    	  1.4000    	  479.71    	  479.71    	  139.21    	  139.21    	  538.74    	  60.393    	  127.89    	  37.406    
   317.000    	       -    	  1989.0    	  5.1500    	  5.0100    	 0.36008    	  3.8720    	  13937.    	  16220.    	  1548.8    	  12965.    	  0.0000    	  5826.4    	 -5826.4    	 0.26319    	 2.50000E-03	  1559.4    	  10.402    	  0.0000    	  14991.    	  16540.    	 0.71000    	  22122.    	  1.0000    	 0.38283    	 0.38283    	 7.89649E-02	 7.89649E-02	 0.29000    	  116.00    	  0.0000    	  615.30    	 0.70000    	  480.14    	  480.14    	  139.30    	  139.30    	  539.26    	  67.788    	  93.733    	  38.041    
   318.000    	       -    	  1989.0    	  4.2000    	  5.2500    	 0.35790    	  3.9750    	  14070.    	  16261.    	  1590.0    	  12981.    	  0.0000    	  5837.6    	 -5837.6    	 0.26308    	 2.50000E-03	  1561.6    	  10.413    	  0.0000    	  14991.    	  16581.    	 0.82000    	  22175.    	  1.0000    	 0.65010    	 0.65010    	 0.11715    	 0.11715    	 0.29000    	  116.00    	  0.0000    	  615.30    	  1.0000    	  480.52    	  480.52    	  139.38    	  139.38    	  539.72    	  60.403    	  60.403    	  38.509    
   319.000    	       -    	  1989.0    	  7.6000    	  3.0000    	 0.35576    	  4.0615    	  14004.    	  16296.    	  1624.6    	  12996.    	  11.095    	  5847.6    	 -5847.6    	 0.26287    	 2.50000E-03	  1564.0    	  10.419    	  0.0000    	  14991.    	  16616.    	 0.87000    	  22230.    	  1.0000    	 0.23803    	 0.23803    	 4.44214E-02	 4.44214E-02	 0.29000    	  116.00    	  0.0000    	  615.30    	  1.4000    	  481.17    	  481.17    	  139.50    	  139.50    	  540.48    	  52.161    	  159.18    	  38.808    
   320.000    	       -    	  1989.0    	  4.6500    	  5.9000    	 0.35365    	  4.1282    	  13941.    	  16322.    	  1651.3    	  13013.    	  0.0000    	  5856.2    	 -5856.2    	 0.26297    	 2.50000E-03	  1565.4    	  10.427    	  0.0000    	  14991.    	  16642.    	 0.62000    	  22254.    	  1.0000    	 0.82535    	 0.82535    	 0.13470    	 0.13470    	 0.29000    	  116.00    	  0.0000    	  615.30    	  3.5000    	  481.41    	  481.41    	  139.54    	  139.54    	  540.77    	  76.772    	  76.772    	  39.599    
   321.000    	       -    	  1989.0    	  3.4500    	  5.4400    	 0.35158    	  4.2434    	  14006.    	  16368.    	  1697.4    	  13031.    	  4.2938    	  5868.8    	 -5868.8    	 0.26279    	 2.50000E-03	  1568.1    	  10.438    	  0.0000    	  14991.    	  16688.    	 0.53000    	  22318.    	  1.0000    	 0.89810    	 0.89810    	 0.13456    	 0.13456    	 0.29000    	  116.00    	  0.0000    	  615.30    	  4.3000    	  482.24    	  482.24    	  139.68    	  139.68    	  541.73    	  27.264    	  27.264    	  39.982    
   322.000    	       -    	  1989.0    	  2.5000    	  5.2100    	 0.34954    	  4.2504    	  13946.    	  16371.    	  1700.2    	  13051.    	  50.086    	  5873.3    	 -5873.3    	 0.26237    	 2.50000E-03	  1570.6    	  10.424    	  0.0000    	  14991.    	  16691.    	 0.44000    	  22371.    	  1.0000    	 0.73159    	 0.73159    	 0.11055    	 0.11055    	 0.29000    	  116.00    	  0.0000    	  615.30    	  3.5000    	  483.13    	  483.13    	  139.81    	  139.81    	  542.76    	  0.0000    	  0.0000    	  40.118    
   323.000    	       -    	  1989.0    	  3.3500    	  5.0000    	 0.34755    	  4.2003    	  13972.    	  16351.    	  1680.1    	  13071.    	  113.73    	  5873.3    	 -5873.3    	 0.26186    	 2.50000E-03	  1573.0    	  10.395    	  0.0000    	  14991.    	  16671.    	 0.54000    	  22414.    	  1.0000    	 0.48547    	 0.48547    	 7.92377E-02	 7.92377E-02	 0.29000    	  116.00    	  0.0000    	  615.30    	  2.2000    	  483.87    	  483.87    	  139.92    	  139.92    	  543.60    	  22.295    	  22.295    	  40.118    
   324.000    	       -    	  1989.0    	  6.9000    	  3.5700    	 0.34559    	  4.1988    	  13994.    	  16351.    	  1679.5    	  13091.    	  145.57    	  5877.0    	 -5877.0    	 0.26161    	 2.50000E-03	  1575.3    	  10.379    	  0.0000    	  14991.    	  16671.    	 0.73000    	  22449.    	  1.0000    	 0.37581    	 0.37581    	 6.16913E-02	 6.16913E-02	 0.29000    	  116.00    	  0.0000    	  615.30    	  2.4000    	  484.35    	  484.35    	  140.00    	  140.00    	  544.17    	  142.94    	  142.94    	  40.229    
   325.000    	       -    	  1989.0    	  7.0500    	  1.8600    	 0.34368    	  4.4492    	  14008.    	  16451.    	  1779.7    	  13110.    	  37.759    	  5900.6    	 -5900.6    	 0.26248    	 2.50000E-03	  1576.9    	  10.432    	  0.0000    	  14991.    	  16771.    	 0.85000    	  22465.    	  1.0000    	 0.10181    	 0.10181    	 2.87168E-02	 2.87168E-02	 0.29000    	  116.00    	 0.20000    	  615.30    	  2.5000    	  484.73    	  484.73    	  140.06    	  140.06    	  544.60    	  56.458    	  146.68    	  40.939    
   326.000    	       -    	  1989.0    	  3.1000    	  4.9400    	 0.34181    	  4.5080    	  13958.    	  16474.    	  1803.2    	  13133.    	  0.0000    	  5909.9    	 -5909.9    	 0.26295    	 2.50000E-03	  1577.8    	  10.441    	  0.0000    	  14991.    	  16794.    	 0.66000    	  22460.    	  1.0000    	 0.32233    	 0.32233    	 7.09274E-02	 7.09274E-02	 0.29000    	  116.00    	 0.40000    	  615.50    	  1.7000    	  484.83    	  484.83    	  140.09    	  140.09    	  544.73    	  9.3606    	  9.3606    	  41.668    
   327.000    	       -    	  1989.0    	  5.1500    	  2.5600    	 0.33999    	  4.4657    	  13936.    	  16457.    	  1786.3    	  13158.    	  41.053    	  5911.5    	 -5911.5    	 0.26272    	 2.50000E-03	  1580.1    	  10.415    	  0.0000    	  14991.    	  16777.    	 0.70000    	  22486.    	  1.0000    	 0.13499    	 0.13499    	 3.97030E-02	 3.97030E-02	 0.29000    	  116.00    	 0.30000    	  615.90    	  2.6000    	  485.15    	  485.15    	  140.16    	  140.16    	  545.13    	  64.594    	  93.724    	  41.715    
   328.000    	       -    	  1989.0    	  2.5000    	  2.3200    	 0.33821    	  4.5407    	  13917.    	  16487.    	  1816.3    	  13182.    	  0.0000    	  5922.1    	 -5922.1    	 0.26320    	 2.50000E-03	  1581.3    	  10.426    	  0.0000    	  14991.    	  16807.    	 0.47000    	  22485.    	  1.0000    	  0.0000    	  0.0000    	 2.86725E-02	 2.86725E-02	 0.29000    	  116.00    	  3.0000    	  616.20    	  2.6000    	  485.29    	  485.29    	  140.20    	  140.20    	  545.30    	  0.0000    	  0.0000    	  42.183    
   329.000    	       -    	  1989.0    	 -2.5500    	  5.5400    	 0.33648    	  4.4773    	  13890.    	  16462.    	  1790.9    	  13207.    	  20.661    	  5922.1    	 -5922.1    	 0.26325    	 2.50000E-03	  1582.4    	  10.403    	  0.0000    	  14991.    	  16782.    	 0.41000    	  22481.    	  1.0000    	 0.49073    	 0.49073    	 6.74121E-02	 6.74121E-02	 0.29000    	  116.00    	  0.0000    	  619.20    	  2.0000    	  485.29    	  485.29    	  140.23    	  140.23    	  545.30    	  0.0000    	  0.0000    	  42.183    
   330.000    	       -    	  1989.0    	  3.2500    	 0.99000    	 0.33481    	  4.4169    	  13867.    	  16438.    	  1766.8    	  13232.    	  64.170    	  5922.1    	 -5922.1    	 0.26303    	 2.50000E-03	  1585.0    	  10.371    	  0.0000    	  14991.    	  16758.    	 0.70000    	  22500.    	  1.0000    	  0.0000    	  0.0000    	 2.46033E-02	 2.46033E-02	 0.29000    	  116.00    	  1.0000    	  619.20    	  4.2000    	  485.78    	  485.78    	  140.30    	  140.30    	  545.86    	  17.116    	  17.116    	  42.183    
   331.000    	       -    	  1989.0    	  7.2500    	  1.1500    	 0.33318    	  4.3950    	  13846.    	  16429.    	  1758.0    	  13255.    	  52.500    	  5925.0    	 -5925.0    	 0.26336    	 2.50000E-03	  1585.4    	  10.363    	  0.0000    	  14991.    	  16749.    	 0.90000    	  22482.    	  1.0000    	 6.03773E-02	 6.03773E-02	 2.27590E-02	 2.27590E-02	 0.29000    	  116.00    	 0.20000    	  620.20    	  3.1000    	  485.78    	  485.78    	  140.32    	  140.32    	  545.89    	  58.269    	  149.60    	  42.268    
   332.000    	       -    	  1989.0    	  2.0000    	  4.7500    	 0.33160    	  4.4601    	  13825.    	  16455.    	  1784.0    	  13277.    	  0.0000    	  5934.6    	 -5934.6    	 0.26398    	 2.50000E-03	  1586.0    	  10.375    	  0.0000    	  14991.    	  16775.    	 0.64000    	  22466.    	  1.0000    	 0.49451    	 0.49451    	 6.87294E-02	 6.87294E-02	 0.29000    	  116.00    	  0.0000    	  620.40    	  1.4000    	  485.84    	  485.84    	  140.35    	  140.35    	  545.97    	  0.0000    	  0.0000    	  43.020    
   333.000    	       -    	  1989.0    	 -1.2000    	  4.7700    	 0.33008    	  4.4005    	  13801.    	  16431.    	  1760.2    	  13301.    	  27.147    	  5934.6    	 -5934.6    	 0.26395    	 2.50000E-03	  1588.2    	  10.346    	  0.0000    	  14991.    	  16751.    	 0.47000    	  22469.    	  1.0000    	 0.37943    	 0.37943    	 5.56470E-02	 5.56470E-02	 0.29000    	  116.00    	  0.0000    	  620.40    	  1.1000    	  486.33    	  486.33    	  140.41    	  140.41    	  546.53    	  0.0000    	  0.0000    	  43.020    
   334.000    	       -    	  1989.0    	 -3.5000    	  4.2600    	 0.32862    	  4.3436    	  13779.    	  16408.    	  1737.4    	  13324.    	  50.287    	  5934.6    	 -5934.6    	 0.26394    	 2.50000E-03	  1590.4    	  10.317    	  0.0000    	  14991.    	  16728.    	 0.43000    	  22469.    	  1.0000    	 0.35896    	 0.35896    	 5.31635E-02	 5.31635E-02	 0.29000    	  116.00    	  0.0000    	  620.40    	  1.4000    	  486.71    	  486.71    	  140.47    	  140.47    	  546.97    	  0.0000    	  0.0000    	  43.020    
   335.000    	       -    	  1989.0    	 -2.6000    	  3.9200    	 0.32721    	  4.2893    	  13758.    	  16387.    	  1715.7    	  13346.    	  63.865    	  5934.6    	 -5934.6    	 0.26404    	 2.50000E-03	  1592.4    	  10.291    	  0.0000    	  14991.    	  16707.    	 0.42000    	  22461.    	  1.0000    	 0.28376    	 0.28376    	 4.45075E-02	 4.45075E-02	 0.29000    	  116.00    	  0.0000    	  620.40    	  1.3000    	  487.07    	  487.07    	  140.52    	  140.52    	  547.38    	  0.0000    	  0.0000    	  43.020    
   336.000    	       -    	  1989.0    	-0.15000    	  4.4500    	 0.32586    	  4.2374    	  13735.    	  16366.    	  1695.0    	  13366.    	  68.020    	  5934.6    	 -5934.6    	 0.26423    	 2.50000E-03	  1594.2    	  10.266    	  0.0000    	  14991.    	  16686.    	 0.42000    	  22445.    	  1.0000    	 0.38624    	 0.38624    	 6.16014E-02	 6.16014E-02	 0.29000    	  116.00    	  0.0000    	  620.40    	  2.2000    	  487.35    	  487.35    	  140.57    	  140.57    	  547.71    	  0.0000    	  0.0000    	  43.020    
   337.000    	       -    	  1989.0    	  1.7500    	  4.2200    	 0.32457    	  4.1878    	  13735.    	  16346.    	  1675.1    	  13386.    	  68.020    	  5934.6    	 -5934.6    	 0.26447    	 2.50000E-03	  1596.2    	  10.241    	  0.0000    	  14991.    	  16666.    	 0.45000    	  22425.    	  1.0000    	 0.16744    	 0.16744    	 3.27588E-02	 3.27588E-02	 0.29000    	  116.00    	  0.0000    	  620.40    	  1.1000    	  487.74    	  487.74    	  140.63    	  140.63    	  548.16    	  0.0000    	  0.0000    	  43.020    
   338.000    	       -    	  1989.0    	 -1.6000    	  1.6100    	 0.32335    	  4.1403    	  13735.    	  16327.    	  1656.1    	  13405.    	  68.020    	  5934.6    	 -5934.6    	 0.26469    	 2.50000E-03	  1598.2    	  10.216    	  0.0000    	  14991.    	  16647.    	 0.54339    	  22406.    	  1.0000    	 1.46001E-02	 1.46001E-02	 2.69340E-02	 2.69340E-02	 0.29000    	  116.00    	 0.30000    	  620.40    	 0.90000    	  487.91    	  487.91    	  140.66    	  140.66    	  548.36    	  0.0000    	  0.0000    	  43.020    
   339.000    	       -    	  1989.0    	  3.4000    	  2.9600    	 0.32218    	  4.0948    	  13735.    	  16309.    	  1637.9    	  13423.    	  68.020    	  5934.6    	 -5934.6    	 0.26490    	 2.50000E-03	  1598.9    	  10.200    	  0.0000    	  14991.    	  16629.    	 0.72000    	  22388.    	  1.0000    	 0.12778    	 0.12778    	 4.83574E-02	 4.83574E-02	 0.29000    	  116.00    	 0.30000    	  620.70    	 0.90000    	  487.92    	  487.92    	  140.69    	  140.69    	  548.40    	  24.345    	  24.345    	  43.020    
   340.000    	       -    	  1989.0    	  5.8000    	  1.5100    	 0.32108    	  4.1020    	  13735.    	  16312.    	  1640.8    	  13441.    	  43.675    	  5938.6    	 -5938.6    	 0.26529    	 2.50000E-03	  1600.2    	  10.193    	  0.0000    	  14991.    	  16632.    	 0.87000    	  22370.    	  1.0000    	  0.0000    	  0.0000    	 2.52701E-02	 2.52701E-02	 0.29000    	  116.00    	  1.2000    	  621.00    	  1.4000    	  488.05    	  488.05    	  140.74    	  140.74    	  548.57    	  43.675    	  111.85    	  43.144    
   341.000    	       -    	  1989.0    	  3.8000    	  2.1700    	 0.32004    	  4.1492    	  13735.    	  16331.    	  1659.7    	  13458.    	  0.0000    	  5945.8    	 -5945.8    	 0.26582    	 2.50000E-03	  1600.9    	  10.201    	  0.0000    	  14991.    	  16651.    	 0.74000    	  22353.    	  1.0000    	 0.19054    	 0.19054    	 3.25700E-02	 3.25700E-02	 0.29000    	  116.00    	  0.0000    	  622.20    	  1.1000    	  488.05    	  488.05    	  140.76    	  140.76    	  548.57    	  0.0000    	  42.568    	  43.710    
   342.000    	       -    	  1989.0    	  2.8000    	  1.6700    	 0.31907    	  4.1034    	  13735.    	  16312.    	  1641.3    	  13477.    	  0.0000    	  5945.8    	 -5945.8    	 0.26604    	 2.50000E-03	  1601.9    	  10.183    	  0.0000    	  14991.    	  16632.    	 0.69000    	  22334.    	  1.0000    	 0.11400    	 0.11400    	 2.07681E-02	 2.07681E-02	 0.29000    	  116.00    	  0.0000    	  622.20    	 0.80000    	  488.24    	  488.24    	  140.79    	  140.79    	  548.80    	  0.0000    	  0.0000    	  43.926    
   343.000    	       -    	  1989.0    	  1.5000    	  2.0100    	 0.31816    	  4.0594    	  13735.    	  16295.    	  1623.8    	  13494.    	  0.0000    	  5945.8    	 -5945.8    	 0.26625    	 2.50000E-03	  1602.7    	  10.167    	  0.0000    	  14991.    	  16615.    	 0.68104    	  22317.    	  1.0000    	 0.23038    	 0.23038    	 3.94893E-02	 3.94893E-02	 0.29000    	  116.00    	  0.0000    	  622.20    	  1.0000    	  488.35    	  488.35    	  140.82    	  140.82    	  548.93    	  0.0000    	  0.0000    	  43.926    
   344.000    	       -    	  1989.0    	 -3.1000    	  1.2500    	 0.31733    	  4.0172    	  13735.    	  16278.    	  1606.9    	  13511.    	  0.0000    	  5945.8    	 -5945.8    	 0.26645    	 2.50000E-03	  1603.6    	  10.151    	  0.0000    	  14991.    	  16598.    	 0.48611    	  22300.    	  1.0000    	 0.11891    	 0.11891    	 2.08837E-02	 2.08837E-02	 0.29000    	  116.00    	  0.0000    	  622.20    	  1.6000    	  488.59    	  488.59    	  140.86    	  140.86    	  549.20    	  0.0000    	  0.0000    	  43.926    
   345.000    	       -    	  1989.0    	  2.4500    	  2.0700    	 0.31656    	  3.9767    	  13735.    	  16262.    	  1590.7    	  13527.    	  0.0000    	  5945.8    	 -5945.8    	 0.26665    	 2.50000E-03	  1604.2    	  10.137    	  0.0000    	  14991.    	  16582.    	 0.66000    	  22284.    	  1.0000    	 0.16820    	 0.16820    	 3.18445E-02	 3.18445E-02	 0.29000    	  116.00    	  0.0000    	  622.20    	  1.4000    	  488.70    	  488.70    	  140.88    	  140.88    	  549.34    	  0.0000    	  0.0000    	  43.926    
   346.000    	       -    	  1989.0    	  3.2000    	 0.38000    	 0.31587    	  3.9372    	  13735.    	  16246.    	  1574.9    	  13543.    	  0.0000    	  5945.8    	 -5945.8    	 0.26683    	 2.50000E-03	  1605.1    	  10.121    	  0.0000    	  14991.    	  16566.    	 0.71000    	  22268.    	  1.0000    	  0.0000    	  0.0000    	 8.34111E-03	 8.34111E-03	 0.29000    	  116.00    	  5.1000    	  622.20    	  3.0000    	  488.87    	  488.87    	  140.91    	  140.91    	  549.54    	  0.0000    	  14.413    	  43.926    
   347.000    	       -    	  1989.0    	  6.7500    	 0.42000    	 0.31524    	  3.8980    	  13735.    	  16230.    	  1559.2    	  13559.    	  0.0000    	  5945.8    	 -5945.8    	 0.26702    	 2.50000E-03	  1605.3    	  10.110    	  0.0000    	  14991.    	  16550.    	 0.85000    	  22252.    	  1.0000    	  0.0000    	  0.0000    	  0.0000    	  0.0000    	 0.29000    	  116.00    	  15.400    	  627.30    	  2.2000    	  488.87    	  488.87    	  140.92    	  140.92    	  549.54    	  0.0000    	  136.70    	  43.999    
   348.000    	       -    	  1989.0    	  10.550    	 0.53000    	 0.31469    	  3.8592    	  13735.    	  16215.    	  1543.7    	  13574.    	  0.0000    	  5945.8    	 -5945.8    	 0.26721    	 2.50000E-03	  1605.5    	  10.100    	  0.0000    	  14991.    	  16535.    	  1.0400    	  22236.    	  1.0000    	  0.0000    	  0.0000    	 7.20360E-02	 7.20360E-02	 0.29000    	  116.00    	  15.200    	  642.70    	  5.9000    	  488.87    	  488.87    	  140.92    	  140.92    	  549.54    	  0.0000    	  209.86    	  44.691    
   349.000    	       -    	  1989.0    	  7.0000    	 0.55000    	 0.31421    	  3.8208    	  13735.    	  16199.    	  1528.3    	  13590.    	  0.0000    	  5945.8    	 -5945.8    	 0.26739    	 2.50000E-03	  1605.7    	  10.089    	  0.0000    	  14991.    	  16519.    	 0.82000    	  22221.    	  1.0000    	 5.16102E-02	 5.16102E-02	 3.67471E-02	 3.67471E-02	 0.29000    	  116.00    	 0.30000    	  657.90    	  4.3000    	  488.87    	  488.87    	  140.99    	  140.99    	  549.54    	 0.59338    	  142.66    	  45.755    
   350.000    	       -    	  1989.0    	  8.6000    	  1.2200    	 0.31380    	  3.7840    	  13716.    	  16185.    	  1513.6    	  13605.    	  0.0000    	  5945.9    	 -5945.9    	 0.26757    	 2.50000E-03	  1606.0    	  10.078    	  0.0000    	  14991.    	  16505.    	  1.0100    	  22207.    	  1.0000    	  0.0000    	  0.0000    	 4.24229E-02	 4.24229E-02	 0.29000    	  116.00    	  9.3000    	  658.20    	  3.9000    	  488.92    	  488.92    	  141.02    	  141.02    	  549.63    	  2.4944    	  176.13    	  46.477    
   351.000    	       -    	  1989.0    	  11.450    	  2.3300    	 0.31346    	  3.7516    	  13701.    	  16172.    	  1500.6    	  13620.    	  0.0000    	  5946.3    	 -5946.3    	 0.26774    	 2.50000E-03	  1606.5    	  10.066    	  0.0000    	  14991.    	  16492.    	  1.0000    	  22194.    	  1.0000    	 0.67176    	 0.67176    	 0.21495    	 0.21495    	 0.29000    	  116.00    	  1.3000    	  667.50    	  7.6000    	  488.92    	  488.92    	  141.07    	  141.07    	  549.63    	  7.7801    	  222.72    	  47.371    
   352.000    	       -    	  1989.0    	  10.400    	 0.79000    	 0.31320    	  3.7305    	  13695.    	  16163.    	  1492.2    	  13635.    	  0.0000    	  5947.6    	 -5947.6    	 0.26789    	 2.50000E-03	  1607.6    	  10.055    	  0.0000    	  14991.    	  16483.    	  1.0400    	  22187.    	  1.0000    	  0.0000    	  0.0000    	 4.72009E-02	 4.72009E-02	 0.29000    	  116.00    	  5.6000    	  668.80    	  4.3000    	  489.60    	  489.60    	  141.28    	  141.28    	  550.15    	  4.1596    	  206.92    	  48.502    
   353.000    	       -    	  1989.0    	  7.2000    	 0.73000    	 0.31302    	  3.7020    	  13707.    	  16152.    	  1480.8    	  13650.    	  0.0000    	  5948.3    	 -5948.3    	 0.26805    	 2.50000E-03	  1607.9    	  10.045    	  0.0000    	  14991.    	  16472.    	 0.83000    	  22176.    	  1.0000    	  0.0000    	  0.0000    	 5.86770E-02	 5.86770E-02	 0.29000    	  116.00    	 0.90000    	  674.40    	  5.0000    	  489.60    	  489.60    	  141.33    	  141.33    	  550.15    	  4.8970    	  146.97    	  49.553    
   354.000    	       -    	  1989.0    	  8.6500    	 0.28000    	 0.31290    	  3.6754    	  13737.    	  16141.    	  1470.2    	  13665.    	  0.0000    	  5949.1    	 -5949.1    	 0.26820    	 2.50000E-03	  1608.2    	  10.037    	  0.0000    	  14991.    	  16461.    	  1.0700    	  22166.    	  1.0000    	  0.0000    	  0.0000    	 2.06061E-02	 2.06061E-02	 0.29000    	  116.00    	  11.800    	  675.30    	  5.4000    	  489.60    	  489.60    	  141.39    	  141.39    	  550.21    	  2.0011    	  177.36    	  50.299    
   355.000    	       -    	  1989.0    	  12.800    	  1.6400    	 0.31287    	  3.6430    	  13775.    	  16128.    	  1457.2    	  13679.    	  0.0000    	  5949.4    	 -5949.4    	 0.26837    	 2.50000E-03	  1608.4    	  10.028    	  0.0000    	  14991.    	  16448.    	  1.0700    	  22154.    	  1.0000    	 0.86978    	 0.86978    	 0.17441    	 0.17441    	 0.29000    	  116.00    	  0.0000    	  687.10    	  6.4000    	  489.60    	  489.60    	  141.41    	  141.41    	  550.21    	  12.990    	  242.24    	  51.198    
   356.000    	       -    	  1989.0    	  8.0000    	 0.66000    	 0.31290    	  3.6339    	  13828.    	  16125.    	  1453.6    	  13694.    	  0.0000    	  5951.6    	 -5951.6    	 0.26849    	 2.50000E-03	  1609.1    	  10.021    	  0.0000    	  14991.    	  16445.    	  1.0000    	  22152.    	  1.0000    	  0.0000    	  0.0000    	 1.93398E-02	 1.93398E-02	 0.29000    	  116.00    	  6.8000    	  687.10    	  3.1000    	  490.47    	  490.47    	  141.58    	  141.58    	  551.26    	  6.4229    	  165.64    	  52.421    
   357.000    	       -    	  1989.0    	  5.4500    	  2.2600    	 0.31302    	  3.6112    	  13912.    	  16115.    	  1444.5    	  13708.    	  0.0000    	  5952.6    	 -5952.6    	 0.26863    	 2.50000E-03	  1609.4    	  10.013    	  0.0000    	  14991.    	  16435.    	 0.78000    	  22144.    	  1.0000    	  0.0000    	  0.0000    	 8.56611E-02	 8.56611E-02	 0.29000    	  116.00    	  1.8000    	  693.90    	  4.6000    	  490.47    	  490.47    	  141.60    	  141.60    	  551.26    	  22.761    	  102.96    	  53.255    
   358.000    	       -    	  1989.0    	  8.5000    	  2.0500    	 0.31320    	  3.6227    	  14008.    	  16120.    	  1449.1    	  13722.    	  0.0000    	  5956.4    	 -5956.4    	 0.26870    	 2.50000E-03	  1610.4    	  10.010    	  0.0000    	  14991.    	  16440.    	 0.87000    	  22152.    	  1.0000    	 3.59191E-02	 3.59191E-02	 0.10287    	 0.10287    	 0.29000    	  116.00    	  1.2000    	  695.70    	  4.7000    	  490.47    	  490.47    	  141.69    	  141.69    	  551.26    	  19.934    	  177.93    	  53.770    
   359.000    	       -    	  1989.0    	  8.9000    	  1.8500    	 0.31346    	  3.6283    	  13956.    	  16122.    	  1451.3    	  13737.    	  0.0000    	  5959.7    	 -5959.7    	 0.26878    	 2.50000E-03	  1611.3    	  10.006    	  0.0000    	  14991.    	  16442.    	 0.72000    	  22158.    	  1.0000    	 0.28507    	 0.28507    	 6.22329E-02	 6.22329E-02	 0.29000    	  116.00    	  0.0000    	  696.90    	  3.3000    	  490.50    	  490.50    	  141.79    	  141.79    	  551.26    	  18.903    	  184.92    	  54.654    
   360.000    	       -    	  1989.0    	  3.7500    	  1.3800    	 0.31380    	  3.6317    	  14051.    	  16124.    	  1452.7    	  13751.    	  0.0000    	  5962.8    	 -5962.8    	 0.26887    	 2.50000E-03	  1612.1    	  10.002    	  0.0000    	  14991.    	  16444.    	 0.66000    	  22162.    	  1.0000    	 1.82847E-02	 1.82847E-02	 7.82963E-03	 7.82963E-03	 0.29000    	  116.00    	  0.0000    	  696.90    	  1.4000    	  490.79    	  490.79    	  141.85    	  141.85    	  551.60    	  14.860    	  41.327    	  55.576    
   361.000    	       -    	  1989.0    	  0.0000    	  1.2600    	 0.31421    	  3.6265    	  13996.    	  16122.    	  1450.6    	  13766.    	  0.0000    	  5965.2    	 -5965.2    	 0.26897    	 2.50000E-03	  1612.7    	  9.9965    	  0.0000    	  14991.    	  16442.    	 0.61000    	  22163.    	  1.0000    	 0.13018    	 0.13018    	 2.87917E-02	 2.87917E-02	 0.29000    	  116.00    	  0.0000    	  696.90    	  1.1000    	  490.80    	  490.80    	  141.86    	  141.86    	  551.63    	  0.0000    	  0.0000    	  55.780    
   362.000    	       -    	  1989.0    	  1.4000    	 0.40000    	 0.31469    	  3.5905    	  14085.    	  16107.    	  1436.2    	  13780.    	  12.458    	  5965.2    	 -5965.2    	 0.26900    	 2.50000E-03	  1613.3    	  9.9841    	  0.0000    	  14991.    	  16427.    	 0.63000    	  22161.    	  1.0000    	  0.0000    	  0.0000    	 1.95299E-03	 1.95299E-03	 0.29000    	  116.00    	 0.30000    	  696.90    	  1.7000    	  490.93    	  490.93    	  141.89    	  141.89    	  551.79    	  0.0000    	  0.0000    	  55.780    
   363.000    	       -    	  1989.0    	 0.20000    	 0.89000    	 0.31524    	  3.5547    	  14038.    	  16093.    	  1421.9    	  13795.    	  15.689    	  5965.2    	 -5965.2    	 0.26913    	 2.50000E-03	  1613.5    	  9.9742    	  0.0000    	  14991.    	  16413.    	 0.54000    	  22150.    	  1.0000    	 9.15917E-02	 9.15917E-02	 2.11591E-02	 2.11591E-02	 0.29000    	  116.00    	  0.0000    	  697.20    	  2.9000    	  490.93    	  490.93    	  141.89    	  141.89    	  551.79    	  0.0000    	  0.0000    	  55.780    
   364.000    	       -    	  1989.0    	 0.35000    	 0.56000    	 0.31587    	  3.5194    	  13994.    	  16079.    	  1407.7    	  13809.    	  21.764    	  5965.2    	 -5965.2    	 0.26923    	 2.50000E-03	  1613.9    	  9.9630    	  0.0000    	  14991.    	  16399.    	 0.55000    	  22142.    	  1.0000    	  0.0000    	  0.0000    	 1.01382E-02	 1.01382E-02	 0.29000    	  116.00    	 0.30000    	  697.20    	  2.6000    	  491.03    	  491.03    	  141.91    	  141.91    	  551.90    	  0.0000    	  0.0000    	  55.780    
   365.000    	       -    	  1989.0    	 0.30000    	 0.39000    	 0.31656    	  3.4843    	  14019.    	  16065.    	  1393.7    	  13823.    	  24.781    	  5965.2    	 -5965.2    	 0.26936    	 2.50000E-03	  1614.1    	  9.9528    	  0.0000    	  14991.    	  16385.    	 0.59000    	  22131.    	  1.0000    	  0.0000    	  0.0000    	 7.07163E-03	 7.07163E-03	 0.29000    	  116.00    	 0.30000    	  697.50    	  2.4000    	  491.03    	  491.03    	  141.92    	  141.92    	  551.91    	  0.0000    	  0.0000    	  55.780    




*----------------------------------------------------------------------------
* Output from rerun set:    1
* Output table format  : Spreadsheet output
* Simulation results
* LINGRA-new-JRC
 
TIME	SLA	YEAR	DAVTMP	DTR	DAYL	LAI	TILLER	YIELD	WLVG	WLVD1	WRE	WRT	WRTMIN	RRATIO	SLAINT	PARCU	LUEYCU	RUNNR	GRASS	TADRW	VP	NEWBIO	TRANRF	TRAN	PTRAN	EVAP	PEVAP	WC	WA	RAIN	RAINCU	WN	TRAMCU	TRACU	EVAMCU	EVACU	IRRCU	GTW	GTWSI	LENGTH
 
   1.00000    	 2.50000E-03	       -    	       -    	       -    	       -    	       -    	       -    	       -    	       -    	       -    	       -    	       -    	       -    	       -    	       -    	       -    	       -    	       -    	       -    	       -    	       -    	       -    	       -    	       -    	       -    	       -    	       -    	       -    	       -    	       -    	       -    	       -    	       -    	       -    	       -    	       -    	       -    	       -    	       -    	       -    
   1.00000    	       -    	  1989.0    	  6.4500    	 0.90000    	 0.31733    	 0.10000    	  7000.0    	  0.0000    	  40.000    	  0.0000    	  200.00    	  4.0000    	 -4.0000    	  0.0000    	 2.50000E-03	  0.0000    	  0.0000    	  1.0000    	  0.0000    	  40.000    	 0.90000    	  0.0000    	  1.0000    	 1.60141E-03	 1.60141E-03	 4.90198E-02	 4.90198E-02	 0.29000    	  116.00    	  0.0000    	  0.0000    	 0.80000    	  0.0000    	  0.0000    	  0.0000    	  0.0000    	  0.0000    	  65.871    	  65.871    	  0.0000    
   2.00000    	       -    	  1989.0    	  5.8500    	  1.7300    	 0.31817    	 0.23651    	  7042.5    	  0.0000    	  94.604    	 0.39801    	  134.44    	  14.869    	 -14.869    	  0.0000    	 2.50000E-03	 2.62060E-02	  0.0000    	  1.0000    	  0.0000    	  94.604    	 0.81000    	-8.35390E-02	  1.0000    	 1.45585E-02	 1.45585E-02	 0.14726    	 0.14732    	 0.28987    	  115.95    	  0.0000    	  0.0000    	  1.5000    	 1.60141E-03	 1.60141E-03	 4.90198E-02	 4.90198E-02	  0.0000    	  58.068    	  58.068    	 0.65479    
   3.00000    	       -    	  1989.0    	  2.7000    	  2.4000    	 0.31907    	 0.35537    	  7088.4    	  0.0000    	  142.15    	  1.3393    	  77.848    	  24.450    	 -24.450    	  1.0000    	 2.50000E-03	 0.14064    	  0.0000    	  1.0000    	  0.0000    	  142.15    	 0.66000    	 0.44793    	  1.0000    	 5.17162E-02	 5.17162E-02	 0.30230    	 0.30287    	 0.28947    	  115.79    	  0.0000    	  0.0000    	  2.8000    	 1.61599E-02	 1.61599E-02	 0.19634    	 0.19628    	  0.0000    	  0.0000    	  0.0000    	  1.2285    
   4.00000    	       -    	  1989.0    	  2.9500    	 0.66000    	 0.32004    	 0.35184    	  7135.7    	  0.0000    	  140.74    	  2.7537    	  80.911    	  24.450    	 -24.450    	  1.0000    	 2.50000E-03	 0.37107    	  0.0000    	  1.0000    	  0.0000    	  140.74    	 0.68000    	  2.0966    	  1.0000    	  0.0000    	  0.0000    	 0.12613    	 0.12676    	 0.28858    	  115.43    	  1.8000    	  0.0000    	  3.8000    	 6.78762E-02	 6.78762E-02	 0.49921    	 0.49858    	  0.0000    	  0.0000    	  0.0000    	  1.2285    
   5.00000    	       -    	  1989.0    	  3.9500    	  1.9600    	 0.32108    	 0.34834    	  7175.4    	  0.0000    	  139.34    	  4.1541    	  81.651    	  24.450    	 -24.450    	  1.0000    	 2.50000E-03	 0.43388    	  0.0000    	  1.0000    	  0.0000    	  139.34    	 0.77000    	  1.4363    	  1.0000    	 5.82847E-03	 5.82847E-03	 0.29107    	 0.29107    	 0.29000    	  116.00    	  5.4000    	  1.8000    	  3.9000    	 6.78762E-02	 6.78762E-02	 0.62597    	 0.62471    	  0.0000    	  25.551    	  25.551    	  1.2285    
   6.00000    	       -    	  1989.0    	  6.9500    	  1.4100    	 0.32218    	 0.39821    	  7209.5    	  0.0000    	  159.28    	  5.5405    	  58.055    	  28.666    	 -28.666    	  1.0000    	 2.50000E-03	 0.61871    	  0.0000    	  1.0000    	  0.0000    	  159.28    	 0.97000    	  2.0046    	  1.0000    	  0.0000    	  0.0000    	 0.19333    	 0.19333    	 0.29000    	  116.00    	  5.5000    	  7.2000    	  2.3000    	 7.37046E-02	 7.37046E-02	 0.91704    	 0.91578    	  0.0000    	  59.566    	  74.263    	  1.4763    
   7.00000    	       -    	  1989.0    	  4.9500    	  1.9100    	 0.32335    	 0.51859    	  7241.1    	  0.0000    	  207.44    	  7.1254    	  0.0000    	  38.494    	 -38.494    	  1.0000    	 2.50000E-03	 0.76854    	  0.0000    	  1.0000    	  0.0000    	  207.44    	 0.86971    	  1.9312    	  1.0000    	 6.48435E-02	 6.48435E-02	 0.24826    	 0.24826    	 0.29000    	  116.00    	  0.0000    	  12.700    	  2.4000    	 7.37046E-02	 7.37046E-02	  1.1104    	  1.1091    	  0.0000    	  2.9237    	  45.277    	  2.1931    
   8.00000    	       -    	  1989.0    	  9.1500    	 0.60000    	 0.32457    	 0.51954    	  7278.2    	  0.0000    	  207.81    	  9.1894    	  0.0000    	  38.977    	 -38.977    	  1.0000    	 2.50000E-03	  1.0239    	  0.0000    	  1.0000    	  0.0000    	  207.81    	  1.1000    	  2.7909    	  1.0000    	  0.0000    	  0.0000    	 9.43355E-02	 9.45953E-02	 0.28922    	  115.69    	 0.20000    	  12.700    	  3.4000    	 0.13855    	 0.13855    	  1.3586    	  1.3574    	  0.0000    	 0.92188    	  98.846    	  2.6282    
   9.00000    	       -    	  1989.0    	  8.0500    	 0.54000    	 0.32586    	 0.51629    	  7315.6    	  0.0000    	  206.52    	  11.257    	  0.0000    	  39.129    	 -39.129    	  1.0000    	 2.50000E-03	  1.1043    	  0.0000    	  1.0000    	  0.0000    	  206.52    	  1.0200    	  1.6449    	  1.0000    	  0.0000    	  0.0000    	 7.81333E-02	 7.83652E-02	 0.28916    	  115.66    	 0.30000    	  12.900    	  3.2000    	 0.13855    	 0.13855    	  1.4532    	  1.4517    	  0.0000    	  1.0081    	  88.177    	  3.5732    
   10.0000    	       -    	  1989.0    	  4.5500    	 0.73000    	 0.32721    	 0.51326    	  7366.3    	  0.0000    	  205.30    	  13.312    	  0.0000    	  39.295    	 -39.295    	  1.0000    	 2.50000E-03	  1.1762    	  0.0000    	  1.0000    	  0.0000    	  205.30    	 0.84570    	 0.59821    	  1.0000    	  0.0000    	  0.0000    	 9.37046E-02	 9.39060E-02	 0.28939    	  115.76    	  3.7000    	  13.200    	  2.7000    	 0.13855    	 0.13855    	  1.5316    	  1.5298    	  0.0000    	  1.5136    	  38.657    	  4.4119    
   11.0000    	       -    	  1989.0    	  2.6500    	  2.1100    	 0.32862    	 0.51131    	  7426.8    	  0.0000    	  204.52    	  15.355    	  0.0000    	  39.545    	 -39.545    	  1.0000    	 2.50000E-03	  1.2729    	  0.0000    	  1.0000    	  0.0000    	  204.52    	 0.68000    	 6.89735E-02	  1.0000    	 6.33563E-02	 6.33563E-02	 0.24745    	 0.24745    	 0.29000    	  116.00    	  0.0000    	  16.900    	  2.8000    	 0.13855    	 0.13855    	  1.6255    	  1.6235    	  0.0000    	  0.0000    	  0.0000    	  4.7770    
   12.0000    	       -    	  1989.0    	  5.6000    	 0.91000    	 0.33009    	 0.50622    	  7484.0    	  0.0000    	  202.49    	  17.390    	  4.1838    	  39.545    	 -39.545    	  1.0000    	 2.50000E-03	  1.5516    	  0.0000    	  1.0000    	  0.0000    	  202.49    	 0.82000    	  2.2177    	  1.0000    	  0.0000    	  0.0000    	 0.18294    	 0.18344    	 0.28922    	  115.69    	  3.6000    	  16.900    	  4.3000    	 0.20190    	 0.20190    	  1.8729    	  1.8710    	  0.0000    	  5.7689    	  57.810    	  4.7770    
   13.0000    	       -    	  1989.0    	  5.0000    	  3.9500    	 0.33161    	 0.51323    	  7532.1    	  0.0000    	  205.29    	  19.405    	  0.0000    	  40.497    	 -40.497    	  1.0000    	 2.50000E-03	  1.6708    	  0.0000    	  1.0000    	  0.0000    	  205.29    	 0.72000    	  1.7880    	  1.0000    	 0.15447    	 0.15447    	 0.58868    	 0.58868    	 0.29000    	  116.00    	  0.0000    	  20.500    	  3.9000    	 0.20190    	 0.20190    	  2.0564    	  2.0539    	  0.0000    	  7.0820    	  48.000    	  5.3145    
   14.0000    	       -    	  1989.0    	  6.9500    	  2.5400    	 0.33318    	 0.52290    	  7581.6    	  0.0000    	  209.16    	  21.447    	  0.0000    	  41.665    	 -41.665    	  1.0000    	 2.50000E-03	  2.1943    	  0.0000    	  1.0000    	  0.0000    	  209.16    	 0.80000    	  6.8273    	  1.0000    	 8.39683E-02	 8.39683E-02	 0.53747    	 0.54099    	 0.28814    	  115.26    	 0.40000    	  20.500    	  4.9000    	 0.35637    	 0.35637    	  2.6451    	  2.6426    	  0.0000    	  4.5748    	  78.095    	  5.7580    
   15.0000    	       -    	  1989.0    	  6.3000    	  2.0700    	 0.33481    	 0.52725    	  7630.4    	  0.0000    	  210.90    	  23.529    	  0.0000    	  42.420    	 -42.420    	  1.0000    	 2.50000E-03	  2.5363    	  0.0000    	  1.0000    	  0.0000    	  210.90    	 0.88000    	  9.3210    	  1.0000    	 0.10049    	 0.10049    	 0.36252    	 0.36604    	 0.28726    	  114.90    	  0.0000    	  20.900    	  5.2000    	 0.44034    	 0.44034    	  3.1861    	  3.1801    	  0.0000    	  4.0444    	  69.662    	  6.4747    
   16.0000    	       -    	  1989.0    	  6.7500    	  1.1800    	 0.33649    	 0.53045    	  7685.4    	  0.0000    	  212.18    	  25.627    	  0.0000    	  43.088    	 -43.088    	  1.0000    	 2.50000E-03	  2.8170    	  0.0000    	  1.0000    	  0.0000    	  212.18    	 0.91000    	  11.267    	  1.0000    	 4.41883E-02	 4.41883E-02	 0.16222    	 0.16446    	 0.28610    	  114.44    	  0.0000    	  20.900    	  3.2000    	 0.54084    	 0.54084    	  3.5521    	  3.5426    	  0.0000    	  2.4041    	  76.488    	  7.1100    
   17.0000    	       -    	  1989.0    	  2.8000    	 0.75000    	 0.33821    	 0.53019    	  7743.9    	  0.0000    	  212.08    	  27.738    	  0.0000    	  43.484    	 -43.484    	  1.0000    	 2.50000E-03	  2.9778    	  0.0000    	  1.0000    	  0.0000    	  212.08    	 0.74739    	  11.560    	  1.0000    	  0.0000    	  0.0000    	 8.87539E-02	 9.01494E-02	 0.28559    	  114.24    	 0.80000    	  20.900    	  3.4000    	 0.58502    	 0.58502    	  3.7166    	  3.7048    	  0.0000    	  0.0000    	  0.0000    	  7.8025    
   18.0000    	       -    	  1989.0    	  2.7000    	  2.7100    	 0.33999    	 0.52491    	  7807.4    	  0.0000    	  209.97    	  29.849    	  1.6046    	  43.484    	 -43.484    	  1.0000    	 2.50000E-03	  3.0800    	  0.0000    	  1.0000    	  0.0000    	  209.97    	 0.71000    	  11.054    	  1.0000    	 8.08967E-02	 8.08967E-02	 0.30463    	 0.30784    	 0.28703    	  114.81    	  0.0000    	  21.700    	  2.1000    	 0.58502    	 0.58502    	  3.8067    	  3.7936    	  0.0000    	  0.0000    	  0.0000    	  7.8025    
   19.0000    	       -    	  1989.0    	 0.70000    	  1.1600    	 0.34181    	 0.51969    	  7861.3    	  0.0000    	  207.88    	  31.938    	  6.7345    	  43.484    	 -43.484    	  1.0000    	 2.50000E-03	  3.4461    	  0.0000    	  1.0000    	  0.0000    	  207.88    	 0.62000    	  14.095    	  1.0000    	 2.90066E-02	 2.90066E-02	 0.11147    	 0.11303    	 0.28607    	  114.43    	  0.0000    	  21.700    	  1.8000    	 0.66592    	 0.66592    	  4.1145    	  4.0982    	  0.0000    	  0.0000    	  0.0000    	  7.8025    
   20.0000    	       -    	  1989.0    	 0.85000    	 0.72000    	 0.34368    	 0.51452    	  7906.7    	  0.0000    	  205.81    	  34.006    	  8.6660    	  43.484    	 -43.484    	  1.0000    	 2.50000E-03	  3.6014    	  0.0000    	  1.0000    	  0.0000    	  205.81    	 0.61000    	  13.958    	  1.0000    	 1.84454E-02	 1.84454E-02	 7.13441E-02	 7.24319E-02	 0.28572    	  114.29    	  0.0000    	  21.700    	  2.6000    	 0.69493    	 0.69493    	  4.2276    	  4.2097    	  0.0000    	  0.0000    	  0.0000    	  7.8025    
   21.0000    	       -    	  1989.0    	  4.3500    	  1.0700    	 0.34559    	 0.50940    	  7938.7    	  0.0000    	  203.76    	  36.054    	  9.6039    	  43.484    	 -43.484    	  1.0000    	 2.50000E-03	  3.6971    	  0.0000    	  1.0000    	  0.0000    	  203.76    	 0.73000    	  12.848    	  1.0000    	  0.0000    	  0.0000    	 0.17996    	 0.18285    	 0.28550    	  114.20    	 0.50000    	  21.700    	  3.8000    	 0.71337    	 0.71337    	  4.3000    	  4.2810    	  0.0000    	  10.666    	  37.404    	  7.8025    
   22.0000    	       -    	  1989.0    	  4.5000    	  4.5500    	 0.34755    	 0.52660    	  7960.7    	  0.0000    	  210.64    	  38.081    	  0.0000    	  45.244    	 -45.244    	  1.0000    	 2.50000E-03	  3.8379    	  0.0000    	  1.0000    	  0.0000    	  210.64    	 0.76000    	  11.883    	  1.0000    	 0.13182    	 0.13182    	 0.49878    	 0.50592    	 0.28598    	  114.39    	  0.0000    	  22.200    	  1.5000    	 0.71337    	 0.71337    	  4.4829    	  4.4610    	  0.0000    	  4.6802    	  40.726    	  8.1304    
   23.0000    	       -    	  1989.0    	  2.8500    	  4.2200    	 0.34954    	 0.53113    	  7982.8    	  0.0000    	  212.45    	  40.177    	  0.0000    	  46.016    	 -46.016    	  1.0000    	 2.50000E-03	  4.4543    	  0.0000    	  1.0000    	  0.0000    	  212.45    	 0.68000    	  14.467    	  1.0000    	 0.12980    	 0.12980    	 0.47695    	 0.48651    	 0.28440    	  113.76    	  0.0000    	  22.200    	  2.5000    	 0.84519    	 0.84519    	  4.9888    	  4.9598    	  0.0000    	  0.0000    	  0.0000    	  8.4863    
   24.0000    	       -    	  1989.0    	 -1.6000    	  1.1400    	 0.35158    	 0.52584    	  8005.5    	  0.0000    	  210.34    	  42.291    	  4.4535    	  46.016    	 -46.016    	  1.0000    	 2.50000E-03	  5.0301    	  0.0000    	  1.0000    	  0.0000    	  210.34    	 0.54339    	  16.806    	  1.0000    	 3.08363E-02	 3.08363E-02	 0.11331    	 0.11621    	 0.28288    	  113.15    	  0.0000    	  22.200    	  2.3000    	 0.97500    	 0.97500    	  5.4753    	  5.4367    	  0.0000    	  0.0000    	  0.0000    	  8.4863    
   25.0000    	       -    	  1989.0    	 0.35000    	  4.3400    	 0.35365    	 0.52061    	  8024.8    	  0.0000    	  208.24    	  44.384    	  5.5132    	  46.016    	 -46.016    	  1.0000    	 2.50000E-03	  5.1843    	  0.0000    	  1.0000    	  0.0000    	  208.24    	 0.54000    	  15.773    	  1.0000    	 0.11514    	 0.11514    	 0.43200    	 0.44364    	 0.28252    	  113.01    	  0.0000    	  22.200    	  2.3000    	  1.0058    	  1.0058    	  5.5915    	  5.5500    	  0.0000    	  0.0000    	  0.0000    	  8.4863    
   26.0000    	       -    	  1989.0    	  2.5500    	  5.6000    	 0.35576    	 0.51543    	  8031.5    	  0.0000    	  206.17    	  46.456    	  7.5065    	  46.016    	 -46.016    	  1.0000    	 2.50000E-03	  5.7665    	  0.0000    	  1.0000    	  0.0000    	  206.17    	 0.56000    	  15.695    	  1.0000    	 0.14612    	 0.14612    	 0.55826    	 0.57614    	 0.28116    	  112.46    	  0.0000    	  22.200    	  2.1000    	  1.1210    	  1.1210    	  6.0351    	  5.9820    	  0.0000    	  0.0000    	  0.0000    	  8.4863    
   27.0000    	       -    	  1989.0    	  3.8500    	  5.4600    	 0.35790    	 0.51030    	  8032.6    	  0.0000    	  204.12    	  48.508    	  8.6174    	  46.016    	 -46.016    	  1.0000    	 2.50000E-03	  6.5113    	  0.0000    	  1.0000    	  0.0000    	  204.12    	 0.58000    	  14.754    	  1.0000    	 0.16324    	 0.16324    	 0.61855    	 0.64246    	 0.27939    	  111.76    	  0.0000    	  22.200    	  2.7000    	  1.2671    	  1.2671    	  6.6113    	  6.5403    	  0.0000    	  9.3896    	  26.147    	  8.4863    
   28.0000    	       -    	  1989.0    	  4.6000    	  5.7300    	 0.36008    	 0.52482    	  8032.6    	  0.0000    	  209.93    	  50.539    	  0.0000    	  47.566    	 -47.566    	  1.0000    	 2.50000E-03	  7.2313    	  0.0000    	  1.0000    	  0.0000    	  209.93    	 0.64000    	  13.495    	  1.0000    	 0.10495    	 0.10495    	 0.62591    	 0.65477    	 0.27744    	  110.98    	 0.40000    	  22.200    	  2.4000    	  1.4303    	  1.4303    	  7.2537    	  7.1588    	  0.0000    	  1.1417    	  43.200    	  8.7128    
   29.0000    	       -    	  1989.0    	  3.3500    	  1.6700    	 0.36229    	 0.52199    	  8033.6    	  0.0000    	  208.79    	  52.627    	  0.0000    	  47.754    	 -47.754    	  1.0000    	 2.50000E-03	  8.0053    	  0.0000    	  1.0000    	  0.0000    	  208.79    	 0.77000    	  12.548    	  1.0000    	 5.23726E-02	 5.23726E-02	 0.19017    	 0.19979    	 0.27628    	  110.51    	  0.0000    	  22.600    	  1.7000    	  1.5353    	  1.5353    	  7.9085    	  7.7847    	  0.0000    	 0.51362    	  12.820    	  9.0871    
   30.0000    	       -    	  1989.0    	  3.4500    	  2.5200    	 0.36453    	 0.51786    	  8036.9    	  0.0000    	  207.15    	  54.705    	  0.0000    	  47.839    	 -47.839    	  1.0000    	 2.50000E-03	  8.2298    	  0.0000    	  1.0000    	  0.0000    	  207.15    	 0.73000    	  10.984    	  1.0000    	 7.45465E-02	 7.45465E-02	 0.27439    	 0.28891    	 0.27568    	  110.27    	  0.0000    	  22.600    	  2.3000    	  1.5877    	  1.5877    	  8.1083    	  7.9749    	  0.0000    	 0.76352    	  15.645    	  9.1981    
   31.0000    	       -    	  1989.0    	  2.7000    	  1.9000    	 0.36681    	 0.51430    	  8040.2    	  0.0000    	  205.72    	  56.766    	  0.0000    	  47.965    	 -47.965    	  1.0000    	 2.50000E-03	  8.5663    	  0.0000    	  1.0000    	  0.0000    	  205.72    	 0.71000    	  9.6865    	  1.0000    	 5.35818E-02	 5.35818E-02	 0.19853    	 0.20971    	 0.27481    	  109.92    	  0.0000    	  22.600    	  2.0000    	  1.6622    	  1.6622    	  8.3972    	  8.2493    	  0.0000    	  0.0000    	  0.0000    	  9.3335    
   32.0000    	       -    	  1989.0    	  2.0000    	 0.81000    	 0.36911    	 0.50919    	  8043.5    	  0.0000    	  203.67    	  58.813    	 0.58317    	  47.965    	 -47.965    	  1.0000    	 2.50000E-03	  8.8185    	  0.0000    	  1.0000    	  0.0000    	  203.67    	 0.66000    	  8.2227    	  1.0000    	 2.38147E-02	 2.38147E-02	 8.82028E-02	 9.33879E-02	 0.27418    	  109.67    	  0.0000    	  22.600    	  2.9000    	  1.7158    	  1.7158    	  8.6069    	  8.4478    	  0.0000    	  0.0000    	  0.0000    	  9.3335    
   33.0000    	       -    	  1989.0    	 0.50000    	  1.5200    	 0.37143    	 0.50412    	  8045.7    	  0.0000    	  201.65    	  60.840    	 0.78582    	  47.965    	 -47.965    	  1.0000    	 2.50000E-03	  8.9252    	  0.0000    	  1.0000    	  0.0000    	  201.65    	 0.57000    	  6.3987    	  1.0000    	 3.90745E-02	 3.90745E-02	 0.14749    	 0.15632    	 0.27390    	  109.56    	  0.0000    	  22.600    	  2.6000    	  1.7396    	  1.7396    	  8.7003    	  8.5360    	  0.0000    	  0.0000    	  0.0000    	  9.3335    
   34.0000    	       -    	  1989.0    	  1.8000    	  1.6000    	 0.37379    	 0.49910    	  8045.8    	  0.0000    	  199.64    	  62.846    	  1.0061    	  47.965    	 -47.965    	  1.0000    	 2.50000E-03	  9.1235    	  0.0000    	  1.0000    	  0.0000    	  199.64    	 0.68000    	  4.6126    	  1.0000    	 4.83617E-02	 4.83617E-02	 0.18158    	 0.19279    	 0.27343    	  109.37    	  0.0000    	  22.600    	  3.4000    	  1.7787    	  1.7787    	  8.8566    	  8.6835    	  0.0000    	  0.0000    	  0.0000    	  9.3335    
   35.0000    	       -    	  1989.0    	  2.8500    	  3.1800    	 0.37617    	 0.49414    	  8045.8    	  0.0000    	  197.66    	  64.833    	  1.0061    	  47.965    	 -47.965    	  1.0000    	 2.50000E-03	  9.3306    	  0.0000    	  1.0000    	  0.0000    	  197.66    	 0.66000    	  2.6261    	  1.0000    	 0.11974    	 0.11974    	 0.44465    	 0.47311    	 0.27285    	  109.14    	  0.0000    	  22.600    	  4.5000    	  1.8270    	  1.8270    	  9.0494    	  8.8651    	  0.0000    	  0.0000    	  0.0000    	  9.3335    
   36.0000    	       -    	  1989.0    	  6.5500    	  4.7000    	 0.37857    	 0.48922    	  8045.8    	  0.0000    	  195.69    	  66.799    	  1.0061    	  47.965    	 -47.965    	  1.0000    	 2.50000E-03	  9.7385    	  0.0000    	  1.0000    	  0.0000    	  195.69    	 0.86000    	 0.65944    	  1.0000    	 0.11520    	 0.11520    	 0.66662    	 0.71304    	 0.27144    	  108.58    	  5.0000    	  22.600    	  4.1000    	  1.9468    	  1.9468    	  9.5225    	  9.3098    	  0.0000    	  1.0061    	  77.189    	  9.3335    
   37.0000    	       -    	  1989.0    	  10.000    	  5.6900    	 0.38100    	 0.48645    	  8045.8    	  0.0000    	  194.58    	  68.746    	  0.0000    	  48.131    	 -48.131    	  0.0000    	 2.50000E-03	  10.336    	  0.0000    	  1.0000    	  0.0000    	  194.58    	  1.0100    	 -1.2877    	  1.0000    	 0.28033    	 0.28033    	  1.0879    	  1.1206    	 0.28168    	  112.67    	  0.0000    	  27.600    	  5.5000    	  2.0620    	  2.0620    	  10.236    	  9.9764    	  0.0000    	 0.79293    	  117.80    	  10.001    
   38.0000    	       -    	  1989.0    	  8.8500    	  6.6800    	 0.38345    	 0.48327    	  8045.9    	  0.0000    	  193.31    	  70.683    	  0.0000    	  48.262    	 -48.262    	  0.0000    	 2.50000E-03	  11.056    	  0.0000    	  1.0000    	  0.0000    	  193.31    	 0.93000    	 -2.4309    	  1.0000    	 0.24880    	 0.24880    	 0.98485    	  1.0272    	 0.27826    	  111.31    	  0.0000    	  27.600    	  3.5000    	  2.3423    	  2.3423    	  11.356    	  11.064    	  0.0000    	  4.3640    	  106.07    	  11.020    
   39.0000    	       -    	  1989.0    	  6.1000    	  7.1300    	 0.38592    	 0.48757    	  8058.8    	  0.0000    	  195.03    	  72.606    	  0.0000    	  48.982    	 -48.982    	  1.0000    	 2.50000E-03	  11.897    	  0.0000    	  1.0000    	  0.0000    	  195.03    	 0.80000    	 9.71222E-03	  1.0000    	 0.21338    	 0.21338    	 0.84159    	 0.88776    	 0.27518    	  110.07    	  0.0000    	  27.600    	  2.0000    	  2.5911    	  2.5911    	  12.383    	  12.049    	  0.0000    	  7.3981    	  70.471    	  11.937    
   40.0000    	       -    	  1989.0    	  5.8000    	  7.7300    	 0.38841    	 0.49816    	  8083.9    	  0.0000    	  199.26    	  74.547    	  0.0000    	  50.202    	 -50.202    	  1.0000    	 2.50000E-03	  12.801    	  0.0000    	  1.0000    	  0.0000    	  199.26    	 0.73000    	  5.4673    	  1.0000    	 0.24197    	 0.24197    	 0.91825    	 0.97817    	 0.27254    	  109.02    	  0.0000    	  27.600    	  2.5000    	  2.8045    	  2.8045    	  13.271    	  12.891    	  0.0000    	  9.2105    	  65.828    	  12.546    
   41.0000    	       -    	  1989.0    	  5.1500    	  7.2000    	 0.39091    	 0.51243    	  8113.8    	  0.0000    	  204.97    	  76.529    	  0.0000    	  51.722    	 -51.722    	  1.0000    	 2.50000E-03	  13.800    	  0.0000    	  1.0000    	  0.0000    	  204.97    	 0.68000    	  12.695    	  1.0000    	 0.21732    	 0.21732    	 0.79422    	 0.85532    	 0.26964    	  107.86    	  0.0000    	  27.600    	  2.3000    	  3.0465    	  3.0465    	  14.249    	  13.809    	  0.0000    	  9.5109    	  54.568    	  13.112    
   42.0000    	       -    	  1989.0    	  5.5500    	  4.4800    	 0.39344    	 0.52719    	  8147.4    	  0.0000    	  210.88    	  78.569    	  0.0000    	  53.291    	 -53.291    	  1.0000    	 2.50000E-03	  14.753    	  0.0000    	  1.0000    	  0.0000    	  210.88    	 0.76000    	  20.166    	  1.0000    	 0.14022    	 0.14022    	 0.49153    	 0.53445    	 0.26711    	  106.84    	  0.0000    	  27.600    	  2.4000    	  3.2638    	  3.2638    	  15.105    	  14.603    	  0.0000    	  6.2401    	  62.063    	  13.580    
   43.0000    	       -    	  1989.0    	  5.6500    	  1.8800    	 0.39598    	 0.53497    	  8182.5    	  0.0000    	  213.99    	  80.667    	  0.0000    	  54.321    	 -54.321    	  1.0000    	 2.50000E-03	  15.360    	  0.0000    	  1.0000    	  0.0000    	  213.99    	 0.81000    	  24.308    	  1.0000    	 2.33599E-02	 2.33599E-02	 0.29562    	 0.32338    	 0.26553    	  106.21    	 0.60000    	  27.600    	  4.4000    	  3.4040    	  3.4040    	  15.639    	  15.095    	  0.0000    	  2.7811    	  64.074    	  14.110    
   44.0000    	       -    	  1989.0    	  3.9500    	  5.7300    	 0.39854    	 0.53545    	  8220.3    	  0.0000    	  214.18    	  82.796    	  0.0000    	  54.780    	 -54.780    	  1.0000    	 2.50000E-03	  15.618    	  0.0000    	  1.0000    	  0.0000    	  214.18    	 0.52000    	  24.960    	  1.0000    	 0.19277    	 0.19277    	 0.85138    	 0.93002    	 0.26590    	  106.36    	  8.8000    	  28.200    	  4.3000    	  3.4274    	  3.4274    	  15.962    	  15.390    	  0.0000    	  8.8864    	  29.272    	  14.655    
   45.0000    	       -    	  1989.0    	  5.8000    	  4.9100    	 0.40112    	 0.54867    	  8260.9    	  0.0000    	  219.47    	  84.927    	  0.0000    	  56.246    	 -56.246    	  1.0000    	 2.50000E-03	  16.406    	  0.0000    	  1.0000    	  0.0000    	  219.47    	 0.65000    	  31.716    	  1.0000    	 0.24470    	 0.24470    	  1.0495    	  1.0685    	 0.28496    	  113.98    	 0.60000    	  37.000    	  5.9000    	  3.6201    	  3.6201    	  16.892    	  16.242    	  0.0000    	  7.3887    	  67.269    	  14.903    
   46.0000    	       -    	  1989.0    	  6.8500    	  1.6600    	 0.40371    	 0.55864    	  8298.6    	  0.0000    	  223.46    	  87.111    	  0.0000    	  57.465    	 -57.465    	  1.0000    	 2.50000E-03	  17.094    	  0.0000    	  1.0000    	  0.0000    	  223.46    	 0.67000    	  36.920    	  1.0000    	 0.16380    	 0.16380    	 0.73265    	 0.75143    	 0.28288    	  113.15    	  13.900    	  37.600    	  6.2000    	  3.8648    	  3.8648    	  17.961    	  17.291    	  0.0000    	  2.6797    	  84.047    	  15.470    
   47.0000    	       -    	  1989.0    	  2.5000    	  5.5100    	 0.40631    	 0.55867    	  8339.7    	  0.0000    	  223.47    	  89.335    	  0.0000    	  57.907    	 -57.907    	  1.0000    	 2.50000E-03	  17.331    	  0.0000    	  1.0000    	  0.0000    	  223.47    	 0.59000    	  37.377    	  1.0000    	 0.11682    	 0.11682    	 0.65522    	 0.65522    	 0.29000    	  116.00    	 0.20000    	  51.500    	  3.1000    	  4.0286    	  4.0286    	  18.712    	  18.024    	  0.0000    	  0.0000    	  0.0000    	  16.174    
   48.0000    	       -    	  1989.0    	  2.2500    	  5.0400    	 0.40893    	 0.55311    	  8387.5    	  0.0000    	  221.25    	  91.558    	  9.8181    	  57.907    	 -57.907    	  1.0000    	 2.50000E-03	  18.115    	  0.0000    	  1.0000    	  0.0000    	  221.25    	 0.61000    	  44.971    	  1.0000    	 9.62759E-02	 9.62759E-02	 0.58465    	 0.58832    	 0.28822    	  115.29    	 0.20000    	  51.700    	  3.0000    	  4.1454    	  4.1454    	  19.368    	  18.679    	  0.0000    	  0.0000    	  0.0000    	  16.174    
   49.0000    	       -    	  1989.0    	  9.7500    	 0.65000    	 0.41156    	 0.54761    	  8426.9    	  0.0000    	  219.04    	  93.759    	  17.619    	  57.907    	 -57.907    	  1.0000    	 2.50000E-03	  18.827    	  0.0000    	  1.0000    	  0.0000    	  219.04    	  1.1400    	  50.571    	  1.0000    	  0.0000    	  0.0000    	 0.18022    	 0.18235    	 0.28667    	  114.67    	  8.5000    	  51.900    	  5.8000    	  4.2417    	  4.2417    	  19.956    	  19.264    	  0.0000    	  18.476    	  120.83    	  16.174    
   50.0000    	       -    	  1989.0    	  11.200    	  3.2800    	 0.41420    	 0.58073    	  8458.6    	  0.0000    	  232.29    	  95.939    	  0.0000    	  60.956    	 -60.956    	  1.0000    	 2.50000E-03	  18.918    	  0.0000    	  1.0000    	  0.0000    	  232.29    	  1.1800    	  49.249    	  1.0000    	 0.11737    	 0.11737    	 0.62199    	 0.62199    	 0.29000    	  116.00    	  7.3000    	  60.400    	  5.1000    	  4.2417    	  4.2417    	  20.138    	  19.444    	  0.0000    	  6.0428    	  135.27    	  17.172    
   51.0000    	       -    	  1989.0    	  5.5500    	  7.9300    	 0.41685    	 0.58757    	  8506.8    	  0.0000    	  235.03    	  98.250    	  0.0000    	  61.953    	 -61.953    	  1.0000    	 2.50000E-03	  19.400    	  0.0000    	  1.0000    	  0.0000    	  235.03    	 0.79000    	  52.980    	  1.0000    	 0.24579    	 0.24579    	  1.0542    	  1.0542    	 0.29000    	  116.00    	  1.7000    	  67.700    	  3.7000    	  4.3591    	  4.3591    	  20.760    	  20.066    	  0.0000    	  19.074    	  64.801    	  18.285    
   52.0000    	       -    	  1989.0    	  4.0000    	  8.4900    	 0.41952    	 0.62154    	  8578.5    	  0.0000    	  248.61    	  100.59    	  0.0000    	  65.100    	 -65.100    	 0.87643    	 2.50000E-03	  20.578    	  0.0000    	  1.0000    	  0.0000    	  248.61    	 0.62000    	  69.715    	  1.0000    	 0.24995    	 0.24995    	 0.80530    	 0.80530    	 0.29000    	  116.00    	  0.0000    	  69.400    	  1.1000    	  4.6049    	  4.6049    	  21.814    	  21.120    	  0.0000    	  21.277    	  31.835    	  18.815    
   53.0000    	       -    	  1989.0    	  3.4500    	  8.3400    	 0.42219    	 0.65977    	  8649.6    	  0.0000    	  263.91    	  103.06    	  0.0000    	  68.611    	 -68.611    	 0.72991    	 2.50000E-03	  21.900    	  0.0000    	  1.0000    	  0.0000    	  263.91    	 0.67000    	  88.519    	  1.0000    	 0.26560    	 0.26560    	 0.99440    	  1.0037    	 0.28736    	  114.94    	  1.0000    	  69.400    	  3.7000    	  4.8548    	  4.8548    	  22.620    	  21.926    	  0.0000    	  16.837    	  16.837    	  19.073    
   54.0000    	       -    	  1989.0    	  4.8000    	  6.1400    	 0.42487    	 0.68835    	  8713.8    	  0.0000    	  275.34    	  105.69    	  3.7360    	  71.389    	 -71.389    	 0.63296    	 2.50000E-03	  23.263    	  0.0000    	  1.0000    	  0.0000    	  275.34    	 0.71000    	  106.47    	  1.0000    	 0.20589    	 0.20589    	 0.78610    	 0.79644    	 0.28630    	  114.52    	  1.3000    	  70.400    	  3.9000    	  5.1204    	  5.1204    	  23.623    	  22.920    	  0.0000    	  18.125    	  51.287    	  19.209    
   55.0000    	       -    	  1989.0    	  5.0000    	  9.2400    	 0.42757    	 0.71934    	  8770.0    	  0.0000    	  287.74    	  108.43    	  0.0000    	  74.380    	 -74.380    	 0.59585    	 2.50000E-03	  24.302    	  0.0000    	  1.0000    	  0.0000    	  287.74    	 0.66000    	  118.12    	  1.0000    	 0.37494    	 0.37494    	  1.1878    	  1.2019    	 0.28664    	  114.66    	 0.50000    	  71.700    	  4.1000    	  5.3263    	  5.3263    	  24.420    	  23.706    	  0.0000    	  21.940    	  55.889    	  19.618    
   56.0000    	       -    	  1989.0    	  6.7500    	  4.5000    	 0.43027    	 0.75798    	  8824.3    	  0.0000    	  303.19    	  111.29    	  0.0000    	  78.000    	 -78.000    	 0.53939    	 2.50000E-03	  25.921    	  0.0000    	  1.0000    	  0.0000    	  303.19    	 0.70000    	  137.19    	  1.0000    	 0.31760    	 0.31760    	 0.93765    	 0.95942    	 0.28353    	  113.41    	  2.6000    	  72.200    	  6.1000    	  5.7013    	  5.7013    	  25.622    	  24.894    	  0.0000    	  11.011    	  87.823    	  20.062    
   57.0000    	       -    	  1989.0    	  3.6000    	  3.2100    	 0.43297    	 0.77343    	  8877.5    	  0.0000    	  309.37    	  114.31    	  0.0000    	  79.817    	 -79.817    	 0.52220    	 2.50000E-03	  26.743    	  0.0000    	  1.0000    	  0.0000    	  309.37    	 0.66000    	  145.19    	  1.0000    	 0.14313    	 0.14313    	 0.54234    	 0.54924    	 0.28642    	  114.57    	  3.9000    	  74.800    	  5.9000    	  6.0189    	  6.0189    	  26.581    	  25.831    	  0.0000    	  8.5234    	  21.788    	  20.754    
   58.0000    	       -    	  1989.0    	  3.9500    	  3.4500    	 0.43569    	 0.78352    	  8936.3    	  0.0000    	  313.41    	  117.39    	  0.0000    	  81.223    	 -81.223    	 0.51266    	 2.50000E-03	  27.339    	  0.0000    	  1.0000    	  0.0000    	  313.41    	 0.71000    	  150.63    	  1.0000    	 0.12457    	 0.12457    	 0.50867    	 0.50867    	 0.29000    	  116.00    	  3.6000    	  78.700    	  5.5000    	  6.1620    	  6.1620    	  27.130    	  26.374    	  0.0000    	  8.5618    	  31.822    	  20.925    
   59.0000    	       -    	  1989.0    	  4.0500    	  6.5100    	 0.43841    	 0.79360    	  8988.8    	  0.0000    	  317.44    	  120.50    	  0.0000    	  82.636    	 -82.636    	 0.50383    	 2.50000E-03	  27.986    	  0.0000    	  1.0000    	  0.0000    	  317.44    	 0.69000    	  156.08    	  1.0000    	 0.26740    	 0.26740    	 0.83691    	 0.83691    	 0.29000    	  116.00    	  6.1000    	  82.300    	  4.9000    	  6.2866    	  6.2866    	  27.639    	  26.882    	  0.0000    	  15.389    	  34.689    	  21.173    
   60.0000    	       -    	  1989.0    	  5.3500    	  2.0000    	 0.44114    	 0.81783    	  9036.9    	  7.1310    	  327.13    	  123.66    	  0.0000    	  85.175    	 -85.175    	 0.48231    	 2.50000E-03	  29.219    	 0.24405    	  1.0000    	  0.0000    	  327.13    	 0.79000    	  168.31    	  1.0000    	 0.10244    	 0.10244    	 0.43181    	 0.43181    	 0.29000    	  116.00    	  15.500    	  88.400    	  7.1000    	  6.5540    	  6.5540    	  28.476    	  27.719    	  0.0000    	  4.6000    	  64.883    	  21.441    
   61.0000    	       -    	  1989.0    	  6.5000    	  5.1300    	 0.44387    	 0.81929    	  9081.4    	  7.7170    	  327.72    	  126.92    	  0.0000    	  85.934    	 -85.934    	 0.48296    	 2.50000E-03	  29.607    	 0.26065    	  1.0000    	  0.0000    	  327.72    	 0.82000    	  169.65    	  1.0000    	 0.20874    	 0.20874    	 0.68544    	 0.68544    	 0.29000    	  116.00    	  9.1000    	  103.90    	  4.3000    	  6.6564    	  6.6564    	  28.908    	  28.151    	  0.0000    	  12.038    	  86.293    	  21.941    
   62.0000    	       -    	  1989.0    	  7.9500    	  4.7600    	 0.44661    	 0.83627    	  9127.3    	  14.508    	  334.51    	  130.18    	  0.0000    	  87.920    	 -87.920    	 0.47033    	 2.50000E-03	  30.603    	 0.47408    	  1.0000    	  0.0000    	  334.51    	 0.94000    	  178.43    	  1.0000    	 0.13754    	 0.13754    	 0.53437    	 0.53437    	 0.29000    	  116.00    	  1.5000    	  113.00    	  2.4000    	  6.8651    	  6.8651    	  29.593    	  28.837    	  0.0000    	  12.186    	  108.65    	  22.602    
   63.0000    	       -    	  1989.0    	  7.4500    	  5.5100    	 0.44936    	 0.85339    	  9178.5    	  21.355    	  341.35    	  133.51    	  0.0000    	  89.931    	 -89.931    	 0.45882    	 2.50000E-03	  31.542    	 0.67702    	  1.0000    	  0.0000    	  341.35    	 0.93000    	  187.29    	  1.0000    	 0.20697    	 0.20697    	 0.66634    	 0.66634    	 0.29000    	  116.00    	 0.30000    	  114.50    	  3.4000    	  7.0027    	  7.0027    	  30.128    	  29.371    	  0.0000    	  16.173    	  102.15    	  23.430    
   64.0000    	       -    	  1989.0    	  11.650    	  5.1400    	 0.45211    	 0.87866    	  9240.3    	  31.463    	  351.46    	  136.90    	  0.0000    	  92.599    	 -92.599    	 0.44286    	 2.50000E-03	  32.646    	 0.96374    	  1.0000    	  0.0000    	  351.46    	  1.1600    	  200.06    	  1.0000    	 0.17911    	 0.17911    	 0.59903    	 0.60319    	 0.28803    	  115.21    	 0.40000    	  114.80    	  2.4000    	  7.2096    	  7.2096    	  30.794    	  30.037    	  0.0000    	  16.695    	  152.12    	  24.205    
   65.0000    	       -    	  1989.0    	  12.900    	  11.800    	 0.45486    	 0.90476    	  9310.0    	  41.906    	  361.91    	  140.40    	  0.0000    	  95.354    	 -95.354    	 0.42837    	 2.50000E-03	  33.699    	  1.2435    	  1.0000    	  0.0000    	  361.91    	  1.0000    	  213.26    	  1.0000    	 0.76352    	 0.76352    	  1.5017    	  1.5202    	 0.28654    	  114.62    	  0.0000    	  115.20    	  3.0000    	  7.3888    	  7.3888    	  31.397    	  30.636    	  0.0000    	  46.162    	  164.58    	  25.350    
   66.0000    	       -    	  1989.0    	  8.6500    	  1.7700    	 0.45762    	 0.99212    	  9406.3    	  76.850    	  396.85    	  144.00    	  0.0000    	  102.97    	 -102.97    	 0.38688    	 2.50000E-03	  36.171    	  2.1246    	  1.0000    	  0.0000    	  396.85    	 0.99000    	  255.82    	  1.0000    	  0.0000    	  0.0000    	 0.17161    	 0.17728    	 0.28088    	  112.35    	  19.600    	  115.20    	  2.7000    	  8.1523    	  8.1523    	  32.917    	  32.138    	  0.0000    	  9.3109    	  121.44    	  26.580    
   67.0000    	       -    	  1989.0    	  5.2000    	  6.3000    	 0.46038    	  1.0017    	  9534.6    	  80.676    	  400.68    	  147.95    	  0.0000    	  104.51    	 -104.51    	 0.38482    	 2.50000E-03	  36.568    	  2.2062    	  1.0000    	  0.0000    	  400.68    	 0.72000    	  261.18    	  1.0000    	 0.28636    	 0.28636    	 0.70935    	 0.70935    	 0.29000    	  116.00    	  1.8000    	  134.80    	  3.9000    	  8.1523    	  8.1523    	  33.095    	  32.310    	  0.0000    	  34.860    	  65.222    	  27.479    
   68.0000    	       -    	  1989.0    	  6.8500    	  8.3700    	 0.46315    	  1.0645    	  9673.9    	  105.80    	  425.80    	  151.94    	  0.0000    	  110.26    	 -110.26    	 0.36383    	 2.50000E-03	  37.991    	  2.7848    	  1.0000    	  0.0000    	  425.80    	 0.74000    	  292.06    	  1.0000    	 0.58688    	 0.58688    	 0.93848    	 0.93848    	 0.29000    	  116.00    	  0.0000    	  136.60    	  3.7000    	  8.4386    	  8.4386    	  33.804    	  33.019    	  0.0000    	  46.161    	  97.975    	  27.955    
   69.0000    	       -    	  1989.0    	  10.250    	  13.220    	 0.46592    	  1.1503    	  9802.5    	  140.11    	  460.11    	  156.17    	  0.0000    	  117.88    	 -117.88    	 0.34096    	 2.50000E-03	  39.966    	  3.5056    	  1.0000    	  0.0000    	  460.11    	 0.81000    	  333.98    	  1.0000    	 0.98750    	 0.98750    	  1.4231    	  1.4424    	 0.28619    	  114.47    	  0.0000    	  136.60    	  3.1000    	  9.0255    	  9.0255    	  34.742    	  33.957    	  0.0000    	  71.381    	  146.40    	  28.659    
   70.0000    	       -    	  1989.0    	  8.2500    	  4.2800    	 0.46869    	  1.2878    	  9929.5    	  195.13    	  515.13    	  160.75    	  0.0000    	  129.65    	 -129.65    	 0.31352    	 2.50000E-03	  43.261    	  4.5105    	  1.0000    	  0.0000    	  515.13    	 0.95000    	  400.78    	  1.0000    	 0.24899    	 0.24899    	 0.36690    	 0.38002    	 0.28016    	  112.06    	 0.10000    	  136.60    	  2.4000    	  10.013    	  10.013    	  36.185    	  35.381    	  0.0000    	  29.207    	  122.59    	  29.699    
   71.0000    	       -    	  1989.0    	  5.7000    	  9.6300    	 0.47146    	  1.3360    	  10071.    	  214.39    	  534.39    	  165.88    	  0.0000    	  134.47    	 -134.47    	 0.30709    	 2.50000E-03	  44.413    	  4.8272    	  1.0000    	  0.0000    	  534.39    	 0.84000    	  424.86    	  1.0000    	 0.69563    	 0.69563    	 0.79900    	 0.83223    	 0.27862    	  111.45    	  0.0000    	  136.70    	  2.4000    	  10.262    	  10.262    	  36.565    	  35.748    	  0.0000    	  68.952    	  79.921    	  30.558    
   72.0000    	       -    	  1989.0    	  7.6000    	  2.7400    	 0.47424    	  1.4666    	  10219.    	  266.65    	  586.65    	  171.20    	  0.0000    	  145.85    	 -145.85    	 0.29038    	 2.50000E-03	  47.068    	  5.6652    	  1.0000    	  0.0000    	  586.65    	 0.81000    	  488.50    	  1.0000    	 0.31036    	 0.31036    	 0.45888    	 0.48458    	 0.27488    	  109.95    	  2.0000    	  136.70    	  6.3000    	  10.958    	  10.958    	  37.397    	  36.547    	  0.0000    	  20.039    	  116.16    	  31.110    
   73.0000    	       -    	  1989.0    	  7.2500    	  10.150    	 0.47702    	  1.4939    	  10353.    	  277.54    	  597.54    	  177.03    	  0.0000    	  149.16    	 -149.16    	 0.28875    	 2.50000E-03	  47.870    	  5.7979    	  1.0000    	  0.0000    	  597.54    	 0.75000    	  502.70    	  1.0000    	 0.84940    	 0.84940    	 0.98830    	  1.0354    	 0.27704    	  110.82    	 0.60000    	  138.70    	  5.0000    	  11.268    	  11.268    	  37.882    	  37.005    	  0.0000    	  75.613    	  111.87    	  31.901    
   74.0000    	       -    	  1989.0    	  7.1500    	  6.9200    	 0.47980    	  1.6368    	  10491.    	  334.74    	  654.74    	  182.98    	  0.0000    	  161.63    	 -161.63    	 0.27540    	 2.50000E-03	  50.874    	  6.5797    	  1.0000    	  0.0000    	  654.74    	 0.84000    	  572.37    	  1.0000    	 0.56336    	 0.56336    	 0.63095    	 0.67093    	 0.27302    	  109.21    	  2.2000    	  139.30    	  5.4000    	  12.117    	  12.117    	  38.917    	  37.994    	  0.0000    	  54.708    	  111.62    	  32.653    
   75.0000    	       -    	  1989.0    	  4.6500    	  1.9800    	 0.48258    	  1.7348    	  10625.    	  373.90    	  693.90    	  189.49    	  0.0000    	  170.66    	 -170.66    	 0.26856    	 2.50000E-03	  53.038    	  7.0497    	  1.0000    	  0.0000    	  693.90    	 0.82000    	  620.56    	  1.0000    	  0.0000    	  0.0000    	 0.12593    	 0.13317    	 0.27451    	  109.80    	  11.700    	  141.50    	  2.5000    	  12.681    	  12.681    	  39.588    	  38.625    	  0.0000    	  16.164    	  58.514    	  33.393    
   76.0000    	       -    	  1989.0    	  3.1500    	  7.2300    	 0.48537    	  1.7512    	  10756.    	  380.49    	  700.49    	  196.40    	  0.0000    	  173.33    	 -173.33    	 0.26885    	 2.50000E-03	  53.678    	  7.0884    	  1.0000    	  0.0000    	  700.49    	 0.66000    	  629.82    	  1.0000    	 0.34649    	 0.34649    	 0.45995    	 0.45995    	 0.29000    	  116.00    	  8.3000    	  153.20    	  2.5000    	  12.681    	  12.681    	  39.721    	  38.751    	  0.0000    	  9.2660    	  9.2660    	  33.776    
   77.0000    	       -    	  1989.0    	  2.3500    	  13.090    	 0.48815    	  1.7532    	  10875.    	  381.26    	  701.26    	  203.37    	  46.468    	  174.85    	 -174.85    	 0.25178    	 2.50000E-03	  56.029    	  6.8047    	  1.0000    	  0.0000    	  701.26    	 0.54000    	  678.58    	  1.0000    	 0.98062    	 0.98062    	 0.79796    	 0.79796    	 0.29000    	  116.00    	  0.0000    	  161.50    	  2.3000    	  13.027    	  13.027    	  40.181    	  39.211    	  0.0000    	  0.0000    	  0.0000    	  33.836    
   78.0000    	       -    	  1989.0    	  6.9500    	  4.1000    	 0.49094    	  1.7357    	  10976.    	  374.28    	  694.28    	  210.35    	  131.43    	  174.85    	 -174.85    	 0.22583    	 2.50000E-03	  60.288    	  6.2082    	  1.0000    	  0.0000    	  694.28    	 0.81000    	  756.56    	  1.0000    	 0.35484    	 0.35484    	 0.32415    	 0.32929    	 0.28555    	  114.22    	 0.10000    	  161.50    	  3.5000    	  14.008    	  14.008    	  40.979    	  40.008    	  0.0000    	  113.07    	  113.07    	  33.836    
   79.0000    	       -    	  1989.0    	  7.5500    	  7.5000    	 0.49373    	  1.9545    	  11061.    	  461.79    	  781.79    	  217.25    	  43.422    	  193.51    	 -193.51    	 0.24462    	 2.50000E-03	  61.615    	  7.4947    	  1.0000    	  0.0000    	  781.79    	 0.78000    	  774.72    	  1.0000    	 0.56428    	 0.56428    	 0.48105    	 0.49164    	 0.28386    	  113.54    	 0.30000    	  161.60    	  2.8000    	  14.363    	  14.363    	  41.308    	  40.333    	  0.0000    	  93.587    	  124.86    	  34.553    
   80.0000    	       -    	  1989.0    	  5.7500    	  11.470    	 0.49652    	  2.1304    	  11142.    	  532.15    	  852.15    	  225.03    	  0.0000    	  208.95    	 -208.95    	 0.25083    	 2.50000E-03	  64.204    	  8.2885    	  1.0000    	  0.0000    	  852.15    	 0.72000    	  817.10    	  1.0000    	  1.0423    	  1.0423    	 0.74497    	 0.76859    	 0.28124    	  112.50    	  2.5000    	  161.90    	  4.8000    	  14.927    	  14.927    	  41.800    	  40.814    	  0.0000    	  80.704    	  89.581    	  35.338    
   81.0000    	       -    	  1989.0    	  9.2000    	  3.9200    	 0.49930    	  2.2777    	  11224.    	  591.06    	  911.06    	  233.51    	  0.0000    	  222.27    	 -222.27    	 0.24543    	 2.50000E-03	  68.342    	  8.6486    	  1.0000    	  0.0000    	  911.06    	 0.96000    	  889.33    	  1.0000    	 0.49217    	 0.49217    	 0.38266    	 0.39415    	 0.28169    	  112.68    	  2.5000    	  164.40    	  6.8000    	  15.969    	  15.969    	  42.569    	  41.559    	  0.0000    	  28.913    	  153.17    	  35.898    
   82.0000    	       -    	  1989.0    	  5.5000    	  10.960    	 0.50209    	  2.3153    	  11300.    	  606.14    	  926.14    	  242.58    	  0.0000    	  227.04    	 -227.04    	 0.24532    	 2.50000E-03	  69.802    	  8.6837    	  1.0000    	  0.0000    	  926.14    	 0.64000    	  909.18    	  1.0000    	  1.3533    	  1.3533    	 0.80576    	 0.82211    	 0.28433    	  113.73    	  1.8000    	  166.90    	  6.9000    	  16.461    	  16.461    	  42.963    	  41.941    	  0.0000    	  84.859    	  84.859    	  36.847    
   83.0000    	       -    	  1989.0    	  8.4000    	  1.6400    	 0.50488    	  2.4695    	  11386.    	  667.78    	  987.78    	  251.79    	  1.8575    	  241.04    	 -241.04    	 0.24024    	 2.50000E-03	  73.916    	  9.0343    	  1.0000    	  0.0000    	  987.78    	 0.70000    	  986.68    	  1.0000    	 0.40572    	 0.40572    	 0.29506    	 0.30359    	 0.28199    	  112.80    	  21.200    	  168.70    	  5.9000    	  17.815    	  17.815    	  43.785    	  42.747    	  0.0000    	  15.092    	  143.02    	  37.370    
   84.0000    	       -    	  1989.0    	  6.3000    	  16.970    	 0.50767    	  2.4764    	  11463.    	  670.55    	  990.55    	  261.62    	  0.0000    	  243.53    	 -243.53    	 0.24193    	 2.50000E-03	  74.550    	  8.9947    	  1.0000    	  0.0000    	  990.55    	 0.65000    	  990.09    	  1.0000    	  2.0382    	  2.0382    	 0.93388    	 0.93388    	 0.29000    	  116.00    	  0.0000    	  189.90    	  4.2000    	  18.220    	  18.220    	  44.088    	  43.042    	  0.0000    	  104.65    	  104.65    	  38.244    
   85.0000    	       -    	  1989.0    	  9.7500    	  13.120    	 0.51045    	  2.6702    	  11548.    	  748.08    	  1068.1    	  271.48    	  17.496    	  260.80    	 -260.80    	 0.23295    	 2.50000E-03	  81.114    	  9.2226    	  1.0000    	  0.0000    	  1068.1    	 0.90000    	  1102.4    	  1.0000    	  1.5220    	  1.5220    	 0.60610    	 0.62233    	 0.28257    	  113.03    	  0.0000    	  189.90    	  2.3000    	  20.259    	  20.259    	  45.022    	  43.976    	  0.0000    	  123.80    	  165.58    	  38.879    
   86.0000    	       -    	  1989.0    	  13.850    	  15.550    	 0.51324    	  2.9021    	  11625.    	  840.83    	  1160.8    	  282.10    	  0.0000    	  281.23    	 -281.23    	 0.23140    	 2.50000E-03	  86.353    	  9.7372    	  1.0000    	  0.0000    	  1160.8    	 0.99000    	  1198.1    	  1.0000    	  2.3716    	  2.3716    	 0.78124    	 0.81783    	 0.27725    	  110.90    	  0.0000    	  189.90    	  3.8000    	  21.781    	  21.781    	  45.645    	  44.582    	  0.0000    	  133.03    	  215.35    	  39.877    
   87.0000    	       -    	  1989.0    	  15.800    	  15.000    	 0.51602    	  3.1509    	  11703.    	  940.36    	  1260.4    	  293.65    	  0.0000    	  303.18    	 -303.18    	 0.22673    	 2.50000E-03	  92.765    	  10.137    	  1.0000    	  0.0000    	  1260.4    	 0.79000    	  1319.5    	  1.0000    	  2.1815    	  2.1815    	 0.60378    	 0.65090    	 0.26937    	  107.75    	  0.0000    	  189.90    	  3.0000    	  24.152    	  24.152    	  46.463    	  45.363    	  0.0000    	  157.39    	  235.20    	  41.166    
   88.0000    	       -    	  1989.0    	  10.900    	  15.690    	 0.51881    	  3.4481    	  11793.    	  1059.2    	  1379.2    	  306.20    	  0.0000    	  329.15    	 -329.15    	 0.22204    	 2.50000E-03	  99.132    	  10.685    	  1.0000    	  0.0000    	  1379.2    	 0.82000    	  1464.4    	  1.0000    	  2.0407    	  2.0407    	 0.45952    	 0.50878    	 0.26240    	  104.96    	  0.0000    	  189.90    	  2.3000    	  26.334    	  26.334    	  47.113    	  45.967    	  0.0000    	  179.49    	  184.79    	  42.564    
   89.0000    	       -    	  1989.0    	  10.650    	  13.670    	 0.52159    	  3.7885    	  11883.    	  1195.4    	  1515.4    	  319.92    	  0.0000    	  358.76    	 -358.76    	 0.21762    	 2.50000E-03	  105.99    	  11.279    	  1.0000    	  0.0000    	  1515.4    	  1.0200    	  1630.2    	  1.0000    	  1.9466    	  1.9466    	 0.34611    	 0.39276    	 0.25615    	  102.46    	  0.0000    	  189.90    	  2.6000    	  28.375    	  28.375    	  47.622    	  46.427    	  0.0000    	  168.86    	  182.90    	  43.655    
   90.0000    	       -    	  1989.0    	  10.450    	  16.230    	 0.52437    	  4.1033    	  11952.    	  1321.3    	  1641.3    	  335.00    	  0.0000    	  386.62    	 -386.62    	 0.21448    	 2.50000E-03	  112.12    	  11.785    	  1.0000    	  0.0000    	  1641.3    	  1.0000    	  1783.9    	  1.0000    	  2.1849    	  2.1849    	 0.31926    	 0.37075    	 0.25042    	  100.17    	  0.0000    	  189.90    	  1.3000    	  30.321    	  30.321    	  48.015    	  46.773    	  0.0000    	  181.26    	  181.26    	  44.726    
   91.0000    	       -    	  1989.0    	  7.9500    	  16.740    	 0.52715    	  4.4377    	  12001.    	  1455.1    	  1775.1    	  352.59    	  10.446    	  416.53    	 -416.53    	 0.21068    	 2.50000E-03	  119.54    	  12.172    	  1.0000    	  0.0000    	  1775.1    	 0.82000    	  1958.0    	  1.0000    	  2.4820    	  2.4820    	 0.28728    	 0.34234    	 0.24416    	  97.664    	  0.0000    	  189.90    	  3.5000    	  32.506    	  32.506    	  48.386    	  47.092    	  0.0000    	  142.86    	  142.86    	  45.781    
   92.0000    	       -    	  1989.0    	  4.7000    	  16.310    	 0.52992    	  4.6773    	  12026.    	  1550.9    	  1870.9    	  376.01    	  66.010    	  440.10    	 -440.10    	 0.20445    	 2.50000E-03	  127.33    	  12.181    	  1.0000    	  0.0000    	  1870.9    	 0.45000    	  2133.0    	  1.0000    	  2.7872    	  2.7872    	 0.26766    	 0.32846    	 0.23724    	  94.895    	  0.0000    	  189.90    	  5.3000    	  34.988    	  34.988    	  48.728    	  47.379    	  0.0000    	  67.761    	  67.761    	  46.609    
   93.0000    	       -    	  1989.0    	  4.2500    	  10.380    	 0.53270    	  4.7488    	  12033.    	  1579.5    	  1899.5    	  404.01    	  195.72    	  451.28    	 -451.28    	 0.19426    	 2.50000E-03	  134.99    	  11.701    	  1.0000    	  0.0000    	  1899.5    	 0.43000    	  2302.5    	  1.0000    	  2.0409    	  2.0409    	 0.17980    	 0.22815    	 0.22960    	  91.840    	  0.0000    	  189.90    	  5.5000    	  37.775    	  37.775    	  49.056    	  47.647    	  0.0000    	  53.357    	  53.357    	  47.001    
   94.0000    	       -    	  1989.0    	  3.0000    	  3.5700    	 0.53547    	  4.7866    	  12036.    	  1594.6    	  1914.6    	  433.44    	  287.81    	  460.09    	 -460.09    	 0.18858    	 2.50000E-03	  139.88    	  11.400    	  1.0000    	  0.0000    	  1914.6    	 0.53000    	  2418.5    	  1.0000    	 0.29267    	 0.29267    	 7.34807E-02	 9.56041E-02	 0.22405    	  89.620    	  1.5000    	  189.90    	  5.7000    	  39.816    	  39.816    	  49.285    	  47.827    	  0.0000    	  0.0000    	  0.0000    	  47.310    
   95.0000    	       -    	  1989.0    	  4.2000    	  2.8300    	 0.53824    	  4.7111    	  12035.    	  1564.4    	  1884.4    	  463.64    	  338.33    	  460.09    	 -460.09    	 0.18701    	 2.50000E-03	  141.56    	  11.051    	  1.0000    	  0.0000    	  1884.4    	 0.64000    	  2438.8    	  1.0000    	 0.21891    	 0.21891    	 4.57458E-02	 5.95615E-02	 0.22389    	  89.557    	 0.60000    	  191.40    	  4.2000    	  40.109    	  40.109    	  49.380    	  47.900    	  0.0000    	  51.667    	  51.667    	  47.310    
   96.0000    	       -    	  1989.0    	  4.7000    	  3.4600    	 0.54100    	  4.7473    	  12038.    	  1578.9    	  1898.9    	  492.32    	  323.24    	  468.61    	 -468.61    	 0.18989    	 2.50000E-03	  142.89    	  11.050    	  1.0000    	  0.0000    	  1898.9    	 0.80000    	  2446.8    	  1.0000    	  0.0000    	  0.0000    	 5.01207E-02	 6.54555E-02	 0.22323    	  89.292    	  7.7000    	  192.00    	  6.1000    	  40.328    	  40.328    	  49.440    	  47.946    	  0.0000    	  67.830    	  67.830    	  47.609    
   97.0000    	       -    	  1989.0    	  8.0000    	  11.620    	 0.54376    	  4.8153    	  12038.    	  1606.1    	  1926.1    	  521.72    	  296.89    	  479.80    	 -479.80    	 0.19351    	 2.50000E-03	  144.52    	  11.113    	  1.0000    	  0.0000    	  1926.1    	 0.81000    	  2458.8    	  1.0000    	  1.3898    	  1.3898    	 0.18077    	 0.21980    	 0.23939    	  95.755    	  3.4000    	  199.70    	  4.8000    	  40.328    	  40.328    	  49.505    	  47.996    	  0.0000    	  144.20    	  144.20    	  48.001    
   98.0000    	       -    	  1989.0    	  7.4000    	  14.710    	 0.54652    	  5.0394    	  12034.    	  1695.8    	  2015.8    	  552.51    	  279.22    	  503.60    	 -503.60    	 0.19557    	 2.50000E-03	  150.01    	  11.304    	  1.0000    	  0.0000    	  2015.8    	 0.78000    	  2554.6    	  1.0000    	  2.0661    	  2.0661    	 0.17067    	 0.20615    	 0.24095    	  96.381    	  0.0000    	  203.10    	  2.5000    	  41.718    	  41.718    	  49.725    	  48.177    	  0.0000    	  132.96    	  132.96    	  48.834    
   99.0000    	       -    	  1989.0    	  8.1500    	  18.940    	 0.54927    	  5.2281    	  12021.    	  1771.2    	  2091.2    	  588.06    	  299.87    	  525.54    	 -525.54    	 0.19514    	 2.50000E-03	  157.01    	  11.281    	  1.0000    	  0.0000    	  2091.2    	 0.73000    	  2672.6    	  1.0000    	  2.8834    	  2.8834    	 0.20867    	 0.25817    	 0.23536    	  94.144    	  0.0000    	  203.10    	  3.2000    	  43.784    	  43.784    	  49.931    	  48.348    	  0.0000    	  146.66    	  146.66    	  49.603    
   100.000    	       -    	  1989.0    	  11.750    	  6.6800    	 0.55202    	  5.4347    	  12008.    	  1853.9    	  2173.9    	  627.85    	  332.43    	  549.74    	 -549.74    	 0.19407    	 2.50000E-03	  166.07    	  11.164    	  1.0000    	  0.0000    	  2173.9    	  1.1100    	  2812.1    	  1.0000    	 0.63124    	 0.63124    	 8.06835E-02	 0.10329    	 0.22763    	  91.052    	  2.8000    	  203.10    	  4.5000    	  46.667    	  46.667    	  50.189    	  48.556    	  0.0000    	  198.90    	  198.90    	  50.452    
   101.000    	       -    	  1989.0    	  11.550    	  12.280    	 0.55476    	  5.7383    	  11992.    	  1975.3    	  2295.3    	  672.52    	  214.92    	  582.55    	 -582.55    	 0.20309    	 2.50000E-03	  169.28    	  11.669    	  1.0000    	  0.0000    	  2295.3    	  1.0400    	  2848.8    	  1.0000    	 0.75813    	 0.75813    	 8.30317E-02	 0.10543    	 0.22945    	  91.781    	  8.2000    	  205.90    	  0.0000    	  47.298    	  47.298    	  50.293    	  48.637    	  0.0000    	  196.19    	  196.19    	  51.605    
   102.000    	       -    	  1989.0    	  9.7000    	  3.8400    	 0.55750    	  6.0171    	  11972.    	  2086.9    	  2406.9    	  724.79    	  176.98    	  614.93    	 -614.93    	 0.20676    	 2.50000E-03	  175.22    	  11.910    	  1.0000    	  0.0000    	  2406.9    	  1.1700    	  2954.8    	  1.0000    	  0.0000    	  0.0000    	 2.98209E-02	 3.55213E-02	 0.24426    	  97.706    	  4.2000    	  214.10    	  2.1000    	  48.057    	  48.057    	  50.398    	  48.720    	  0.0000    	  170.93    	  170.93    	  52.743    
   103.000    	       -    	  1989.0    	  6.3000    	  6.1100    	 0.56023    	  6.2247    	  11948.    	  2169.9    	  2489.9    	  784.52    	  62.091    	  643.13    	 -643.13    	 0.21657    	 2.50000E-03	  177.09    	  12.253    	  1.0000    	  0.0000    	  2489.9    	 0.95526    	  2951.1    	  1.0000    	 0.80548    	 0.80548    	 4.12386E-02	 4.77903E-02	 0.25093    	  100.37    	 0.20000    	  218.30    	  1.4000    	  48.057    	  48.057    	  50.434    	  48.750    	  0.0000    	  109.08    	  109.08    	  53.736    
   104.000    	       -    	  1989.0    	  7.8500    	  1.7000    	 0.56295    	  6.2884    	  11921.    	  2195.4    	  2515.4    	  850.08    	  42.474    	  661.13    	 -661.13    	 0.22088    	 2.50000E-03	  180.07    	  12.192    	  1.0000    	  0.0000    	  2515.4    	 0.99000    	  2975.0    	  1.0000    	  0.0000    	  0.0000    	 1.34435E-02	 1.57146E-02	 0.24881    	  99.525    	  18.000    	  218.50    	  4.2000    	  48.862    	  48.862    	  50.481    	  48.791    	  0.0000    	  67.388    	  140.11    	  54.372    
   105.000    	       -    	  1989.0    	  9.5500    	  15.070    	 0.56567    	  6.2606    	  11893.    	  2184.2    	  2504.2    	  917.49    	  0.0000    	  672.25    	 -672.25    	 0.22788    	 2.50000E-03	  180.90    	  12.074    	  1.0000    	  0.0000    	  2504.2    	 0.86000    	  2932.5    	  1.0000    	  2.1859    	  2.1859    	 0.11480    	 0.11486    	 0.28985    	  115.94    	  0.0000    	  236.50    	  1.9000    	  48.862    	  48.862    	  50.497    	  48.804    	  0.0000    	  167.59    	  167.59    	  55.190    
   106.000    	       -    	  1989.0    	  7.8000    	  5.0000    	 0.56838    	  6.4440    	  11866.    	  2257.6    	  2577.6    	  984.09    	  28.177    	  699.90    	 -699.90    	 0.22729    	 2.50000E-03	  188.26    	  11.992    	  1.0000    	  0.0000    	  2577.6    	 0.96000    	  3061.7    	  1.0000    	 0.74914    	 0.74914    	 3.46913E-02	 3.54251E-02	 0.28410    	  113.64    	  0.0000    	  236.50    	  2.7000    	  51.048    	  51.048    	  50.612    	  48.919    	  0.0000    	  101.61    	  138.56    	  56.170    
   107.000    	       -    	  1989.0    	  6.2500    	  17.040    	 0.57109    	  6.4761    	  11837.    	  2270.4    	  2590.4    	  1056.1    	  0.0000    	  716.66    	 -716.66    	 0.23266    	 2.50000E-03	  190.71    	  11.905    	  1.0000    	  0.0000    	  2590.4    	 0.78000    	  3063.1    	  1.0000    	  1.7486    	  1.7486    	 0.11503    	 0.11829    	 0.28214    	  112.85    	  2.4000    	  236.50    	  3.3000    	  51.797    	  51.797    	  50.647    	  48.954    	  0.0000    	  106.94    	  106.94    	  56.983    
   108.000    	       -    	  1989.0    	  4.1500    	  8.7800    	 0.57378    	  6.5169    	  11807.    	  2286.8    	  2606.8    	  1129.0    	  104.05    	  734.31    	 -734.31    	 0.22814    	 2.50000E-03	  199.05    	  11.488    	  1.0000    	  0.0000    	  2606.8    	 0.76000    	  3201.1    	  1.0000    	  1.1384    	  1.1384    	 5.20318E-02	 5.40359E-02	 0.27943    	  111.77    	 0.10000    	  238.90    	  2.3000    	  53.546    	  53.546    	  50.766    	  49.069    	  0.0000    	  49.000    	  49.000    	  57.611    
   109.000    	       -    	  1989.0    	  6.1500    	  11.560    	 0.57647    	  6.4337    	  11777.    	  2253.5    	  2573.5    	  1203.2    	  182.67    	  742.39    	 -742.39    	 0.22688    	 2.50000E-03	  203.36    	  11.081    	  1.0000    	  0.0000    	  2573.5    	 0.78000    	  3254.5    	  1.0000    	 0.85145    	 0.85145    	 7.49304E-02	 7.86696E-02	 0.27645    	  110.58    	  1.8000    	  239.00    	  2.6000    	  54.684    	  54.684    	  50.820    	  49.121    	  0.0000    	  104.14    	  104.14    	  57.900    
   110.000    	       -    	  1989.0    	  5.0500    	  12.800    	 0.57915    	  6.4718    	  11750.    	  2268.7    	  2588.7    	  1274.9    	  228.10    	  759.58    	 -759.58    	 0.22674    	 2.50000E-03	  209.01    	  10.854    	  1.0000    	  0.0000    	  2588.7    	 0.70000    	  3332.4    	  1.0000    	  1.5740    	  1.5740    	 7.04202E-02	 7.44381E-02	 0.27462    	  109.85    	  0.0000    	  240.80    	  1.0000    	  55.536    	  55.536    	  50.898    	  49.196    	  0.0000    	  76.276    	  76.276    	  58.515    
   111.000    	       -    	  1989.0    	  6.0500    	  11.240    	 0.58182    	  6.4490    	  11723.    	  2259.6    	  2579.6    	  1347.8    	  307.77    	  772.16    	 -772.16    	 0.22490    	 2.50000E-03	  215.28    	  10.496    	  1.0000    	  0.0000    	  2579.6    	 0.82000    	  3415.5    	  1.0000    	  1.5788    	  1.5788    	 6.94718E-02	 7.45727E-02	 0.27051    	  108.20    	  0.0000    	  240.80    	  2.1000    	  57.110    	  57.110    	  50.973    	  49.266    	  0.0000    	  101.37    	  101.37    	  58.967    
   112.000    	       -    	  1989.0    	  7.9500    	  14.990    	 0.58447    	  6.4802    	  11698.    	  2272.1    	  2592.1    	  1419.9    	  340.78    	  788.89    	 -788.89    	 0.22569    	 2.50000E-03	  220.79    	  10.291    	  1.0000    	  0.0000    	  2592.1    	 0.82000    	  3477.8    	  1.0000    	  2.3202    	  2.3202    	 9.84204E-02	 0.10731    	 0.26639    	  106.55    	  0.0000    	  240.80    	  3.0000    	  58.688    	  58.688    	  51.047    	  49.336    	  0.0000    	  139.25    	  139.25    	  59.569    
   113.000    	       -    	  1989.0    	  5.0000    	  5.4700    	 0.58712    	  6.5882    	  11672.    	  2315.3    	  2635.3    	  1493.0    	  360.92    	  811.86    	 -811.86    	 0.22667    	 2.50000E-03	  228.13    	  10.149    	  1.0000    	  0.0000    	  2635.3    	 0.82000    	  3564.1    	  1.0000    	  0.0000    	  0.0000    	 2.88941E-02	 3.22506E-02	 0.26034    	  104.14    	  3.2000    	  240.80    	  1.7000    	  61.009    	  61.009    	  51.155    	  49.434    	  0.0000    	  74.382    	  74.382    	  60.397    
   114.000    	       -    	  1989.0    	  9.2500    	  14.640    	 0.58976    	  6.5525    	  11645.    	  2301.0    	  2621.0    	  1569.4    	  353.49    	  824.14    	 -824.14    	 0.23072    	 2.50000E-03	  230.81    	  9.9693    	  1.0000    	  0.0000    	  2621.0    	 0.93000    	  3554.6    	  1.0000    	  1.4262    	  1.4262    	 9.14636E-02	 0.10059    	 0.26415    	  105.66    	  2.0000    	  244.00    	  2.3000    	  61.009    	  61.009    	  51.187    	  49.463    	  0.0000    	  159.66    	  159.66    	  60.840    
   115.000    	       -    	  1989.0    	  7.1500    	  5.6300    	 0.59238    	  6.6976    	  11619.    	  2359.0    	  2679.0    	  1644.7    	  346.06    	  850.48    	 -850.48    	 0.23309    	 2.50000E-03	  237.99    	  9.9125    	  1.0000    	  0.0000    	  2679.0    	 0.92000    	  3631.6    	  1.0000    	 3.13299E-02	 3.13299E-02	 3.22035E-02	 3.58153E-02	 0.26126    	  104.50    	  3.8000    	  246.00    	  3.2000    	  62.435    	  62.435    	  51.288    	  49.555    	  0.0000    	  123.62    	  123.62    	  61.794    
   116.000    	       -    	  1989.0    	  3.9500    	  5.4100    	 0.59499    	  6.7562    	  11591.    	  2382.5    	  2702.5    	  1724.4    	  291.68    	  870.88    	 -870.88    	 0.23940    	 2.50000E-03	  240.75    	  9.8960    	  1.0000    	  0.0000    	  2702.5    	 0.70000    	  3621.0    	  1.0000    	 0.42388    	 0.42388    	 2.66958E-02	 2.91044E-02	 0.26641    	  106.57    	 0.60000    	  249.80    	  2.7000    	  62.466    	  62.466    	  51.323    	  49.587    	  0.0000    	  41.275    	  41.275    	  62.535    
   117.000    	       -    	  1989.0    	  5.4500    	  23.260    	 0.59759    	  6.6383    	  11562.    	  2335.3    	  2655.3    	  1806.1    	  316.95    	  877.69    	 -877.69    	 0.24229    	 2.50000E-03	  243.41    	  9.5942    	  1.0000    	  0.0000    	  2655.3    	 0.58000    	  3605.9    	  1.0000    	  3.1406    	  3.1406    	 0.12316    	 0.13485    	 0.26529    	  106.12    	  0.0000    	  250.40    	  2.0000    	  62.890    	  62.890    	  51.353    	  49.613    	  0.0000    	  85.569    	  85.569    	  62.783    
   118.000    	       -    	  1989.0    	  4.9000    	  17.670    	 0.60017    	  6.6221    	  11536.    	  2328.8    	  2648.8    	  1884.0    	  416.95    	  891.81    	 -891.81    	 0.23907    	 2.50000E-03	  254.82    	  9.1391    	  1.0000    	  0.0000    	  2648.8    	 0.63000    	  3713.6    	  1.0000    	  2.3453    	  2.3453    	 8.98320E-02	 0.10154    	 0.25713    	  102.85    	  0.0000    	  250.40    	  2.0000    	  66.031    	  66.031    	  51.487    	  49.737    	  0.0000    	  70.737    	  70.737    	  63.297    
   119.000    	       -    	  1989.0    	  5.6000    	  23.340    	 0.60274    	  6.5762    	  11511.    	  2310.5    	  2630.5    	  1961.4    	  506.12    	  903.48    	 -903.48    	 0.23695    	 2.50000E-03	  263.49    	  8.7687    	  1.0000    	  0.0000    	  2630.5    	 0.66000    	  3796.1    	  1.0000    	  3.0780    	  3.0780    	 0.11824    	 0.13697    	 0.25104    	  100.42    	  0.0000    	  250.40    	  1.2000    	  68.376    	  68.376    	  51.589    	  49.826    	  0.0000    	  88.916    	  88.916    	  63.724    
   120.000    	       -    	  1989.0    	  7.1000    	  20.120    	 0.60529    	  6.5718    	  11487.    	  2308.7    	  2628.7    	  2037.4    	  587.33    	  918.15    	 -918.15    	 0.23499    	 2.50000E-03	  274.93    	  8.3973    	  1.0000    	  0.0000    	  2628.7    	 0.68000    	  3890.2    	  1.0000    	  2.6274    	  2.6274    	 9.86029E-02	 0.11805    	 0.24305    	  97.220    	  0.0000    	  250.40    	  1.1000    	  71.454    	  71.454    	  51.726    	  49.945    	  0.0000    	  121.25    	  121.25    	  64.262    
   121.000    	       -    	  1989.0    	  11.100    	  22.230    	 0.60783    	  6.6352    	  11463.    	  2334.1    	  2654.1    	  2113.3    	  623.50    	  938.15    	 -938.15    	 0.23520    	 2.50000E-03	  284.80    	  8.1955    	  1.0000    	  0.0000    	  2654.1    	 0.88000    	  3971.7    	  1.0000    	  3.4445    	  3.4445    	 0.12054    	 0.14857    	 0.23624    	  94.494    	  0.0000    	  250.40    	  1.9000    	  74.081    	  74.081    	  51.844    	  50.043    	  0.0000    	  182.09    	  182.09    	  64.996    
   122.000    	       -    	  1989.0    	  12.050    	  16.760    	 0.61034    	  6.8207    	  11438.    	  2408.3    	  2728.3    	  2191.1    	  608.02    	  968.20    	 -968.20    	 0.23746    	 2.50000E-03	  295.71    	  8.1442    	  1.0000    	  0.0000    	  2728.3    	  1.2400    	  4060.5    	  1.0000    	  2.7988    	  2.7988    	 8.50319E-02	 0.10900    	 0.22732    	  90.929    	  0.0000    	  250.40    	  1.8000    	  77.526    	  77.526    	  51.992    	  50.164    	  0.0000    	  192.91    	  192.91    	  66.101    
   123.000    	       -    	  1989.0    	  12.400    	  23.660    	 0.61284    	  7.0142    	  11410.    	  2485.7    	  2805.7    	  2274.8    	  581.43    	  1000.0    	 -1000.0    	 0.24040    	 2.50000E-03	  303.95    	  8.1780    	  1.0000    	  0.0000    	  2805.7    	  1.1100    	  4143.1    	  1.0000    	  3.9578    	  3.9578    	 0.10541    	 0.13966    	 0.22011    	  88.045    	  0.0000    	  250.40    	  2.0000    	  80.325    	  80.325    	  52.101    	  50.249    	  0.0000    	  196.33    	  196.33    	  67.275    
   124.000    	       -    	  1989.0    	  15.400    	  25.370    	 0.61532    	  7.1990    	  11378.    	  2559.6    	  2879.6    	  2364.8    	  602.35    	  1032.4    	 -1032.4    	 0.24083    	 2.50000E-03	  315.60    	  8.1103    	  1.0000    	  0.0000    	  2879.6    	  1.1700    	  4270.4    	  1.0000    	  4.4469    	  4.4469    	 0.10291    	 0.14310    	 0.20995    	  83.982    	  0.0000    	  250.40    	  2.1000    	  84.282    	  84.282    	  52.241    	  50.354    	  0.0000    	  225.19    	  225.19    	  68.472    
   125.000    	       -    	  1989.0    	  13.800    	  22.630    	 0.61778    	  7.4285    	  11342.    	  2651.4    	  2971.4    	  2461.1    	  621.98    	  1069.6    	 -1069.6    	 0.24114    	 2.50000E-03	  328.12    	  8.0806    	  1.0000    	  0.0000    	  2971.4    	  1.2300    	  4419.0    	 0.92447    	  3.5715    	  3.8633    	 7.50064E-02	 0.11043    	 0.19858    	  79.432    	  0.0000    	  250.40    	  1.7000    	  88.729    	  88.729    	  52.384    	  50.457    	  0.0000    	  211.50    	  211.50    	  69.849    
   126.000    	       -    	  1989.0    	  8.7000    	  20.240    	 0.62022    	  7.6055    	  11300.    	  2722.2    	  3042.2    	  2565.3    	  633.16    	  1106.0    	 -1106.0    	 0.24288    	 2.50000E-03	  339.30    	  8.0229    	  1.0000    	  0.0000    	  3042.2    	 0.80000    	  4537.4    	 0.81722    	  2.6940    	  3.2965    	 5.51708E-02	 8.52398E-02	 0.18946    	  75.786    	  0.0000    	  250.40    	  3.2000    	  92.593    	  92.301    	  52.495    	  50.532    	  0.0000    	  149.88    	  149.88    	  71.135    
   127.000    	       -    	  1989.0    	  9.0500    	  17.320    	 0.62263    	  7.6351    	  11253.    	  2734.0    	  3054.0    	  2676.0    	  672.66    	  1133.5    	 -1133.5    	 0.24468    	 2.50000E-03	  349.32    	  7.8268    	  1.0000    	  0.0000    	  3054.0    	 0.81000    	  4616.1    	 0.73637    	  1.7727    	  2.4074    	 3.90313E-02	 6.26378E-02	 0.18259    	  73.036    	  0.0000    	  250.40    	  1.2000    	  95.889    	  94.995    	  52.580    	  50.587    	  0.0000    	  156.18    	  156.18    	  72.039    
   128.000    	       -    	  1989.0    	  10.550    	  23.900    	 0.62503    	  7.6717    	  11206.    	  2748.7    	  3068.7    	  2787.7    	  674.87    	  1163.3    	 -1163.3    	 0.24862    	 2.50000E-03	  357.89    	  7.6803    	  1.0000    	  0.0000    	  3068.7    	 0.96000    	  4662.8    	 0.68308    	  2.5776    	  3.7735    	 5.78484E-02	 9.52654E-02	 0.17806    	  71.225    	  0.0000    	  250.40    	  1.6000    	  98.296    	  96.767    	  52.643    	  50.626    	  0.0000    	  177.83    	  177.83    	  72.975    
   129.000    	       -    	  1989.0    	  14.700    	  23.670    	 0.62739    	  7.7465    	  11159.    	  2778.6    	  3098.6    	  2900.7    	  664.21    	  1198.1    	 -1198.1    	 0.25316    	 2.50000E-03	  369.72    	  7.5155    	  1.0000    	  0.0000    	  3098.6    	  1.0900    	  4716.9    	 0.60557    	  2.4322    	  4.0164    	 5.72083E-02	 9.79399E-02	 0.17147    	  68.589    	  0.0000    	  250.40    	  1.9000    	  102.07    	  99.345    	  52.738    	  50.684    	  0.0000    	  225.07    	  225.07    	  74.038    
   130.000    	       -    	  1989.0    	  10.750    	  26.270    	 0.62973    	  7.9050    	  11110.    	  2842.0    	  3162.0    	  3016.6    	  587.08    	  1244.0    	 -1244.0    	 0.26110    	 2.50000E-03	  381.44    	  7.4507    	  1.0000    	  0.0000    	  3162.0    	 0.78000    	  4749.0    	 0.53235    	  2.1876    	  4.1093    	 5.18962E-02	 9.22960E-02	 0.16525    	  66.100    	  0.0000    	  250.40    	  1.9000    	  106.09    	  101.78    	  52.836    	  50.741    	  0.0000    	  182.25    	  182.25    	  75.376    
   131.000    	       -    	  1989.0    	  9.3500    	  8.5700    	 0.63205    	  7.9600    	  11057.    	  2864.0    	  3184.0    	  3138.4    	  537.21    	  1282.4    	 -1282.4    	 0.26859    	 2.50000E-03	  394.46    	  7.2606    	  1.0000    	  0.0000    	  3184.0    	  1.1500    	  4759.6    	 0.46648    	 0.42347    	 0.90779    	 1.65086E-02	 3.04230E-02	 0.15965    	  63.860    	  1.0000    	  250.40    	  2.2000    	  110.20    	  103.96    	  52.928    	  50.793    	  0.0000    	  163.24    	  163.24    	  76.455    
   132.000    	       -    	  1989.0    	  10.300    	  12.550    	 0.63434    	  7.9696    	  11002.    	  2867.8    	  3187.8    	  3262.3    	  433.44    	  1317.9    	 -1317.9    	 0.27983    	 2.50000E-03	  398.71    	  7.1928    	  1.0000    	  0.0000    	  3187.8    	  1.0000    	  4695.1    	 0.45354    	 0.63051    	  1.3902    	 2.72755E-02	 5.06249E-02	 0.15855    	  63.420    	  9.7000    	  251.40    	  4.8000    	  111.10    	  104.39    	  52.958    	  50.810    	  0.0000    	  176.27    	  176.27    	  77.418    
   133.000    	       -    	  1989.0    	  10.850    	  16.780    	 0.63659    	  8.0032    	  10949.    	  2881.3    	  3201.3    	  3386.6    	  337.01    	  1356.4    	 -1356.4    	 0.29079    	 2.50000E-03	  404.93    	  7.1155    	  1.0000    	  0.0000    	  3201.3    	 0.96000    	  4650.7    	 0.66089    	  1.3193    	  1.9963    	 3.78558E-02	 6.30282E-02	 0.17618    	  70.470    	  2.7000    	  261.10    	  3.7000    	  112.49    	  105.02    	  53.009    	  50.837    	  0.0000    	  178.03    	  178.03    	  78.461    
   134.000    	       -    	  1989.0    	  12.100    	  26.000    	 0.63882    	  8.0463    	  10894.    	  2898.5    	  3218.5    	  3512.1    	  298.98    	  1391.7    	 -1391.7    	 0.29745    	 2.50000E-03	  413.25    	  7.0139    	  1.0000    	  0.0000    	  3218.5    	 0.99000    	  4665.2    	 0.64154    	  2.7427    	  4.2752    	 5.30524E-02	 8.91870E-02	 0.17453    	  69.812    	  0.0000    	  263.80    	  1.8000    	  114.49    	  106.34    	  53.072    	  50.875    	  0.0000    	  192.36    	  192.36    	  79.548    
   135.000    	       -    	  1989.0    	  13.050    	  25.080    	 0.64101    	  8.1154    	  10839.    	  2926.2    	  3246.2    	  3638.3    	  266.12    	  1430.2    	 -1430.2    	 0.30354    	 2.50000E-03	  426.15    	  6.8666    	  1.0000    	  0.0000    	  3246.2    	 0.99000    	  4698.5    	 0.55931    	  2.3006    	  4.1133    	 4.74021E-02	 8.31149E-02	 0.16754    	  67.016    	  0.0000    	  263.80    	  1.7000    	  118.77    	  109.08    	  53.161    	  50.928    	  0.0000    	  0.0000    	  0.0000    	  80.725    
   136.000    	       -    	  1989.0    	  14.500    	  24.940    	 0.64317    	 0.80000    	  10782.    	  2926.2    	  320.00    	  3638.3    	  266.12    	  1430.2    	 -1430.2    	 0.30354    	 2.50000E-03	  438.59    	  6.6718    	  1.0000    	  2926.2    	  3246.2    	  1.1200    	  4698.5    	 0.49025    	 0.69620    	  1.4201    	  1.8227    	  3.3157    	 0.16167    	  64.668    	  0.0000    	  263.80    	  1.7000    	  122.88    	  111.38    	  53.244    	  50.975    	  0.0000    	  218.73    	  218.73    	  0.0000    
   137.000    	       -    	  1989.0    	  15.350    	  21.830    	 0.64530    	  1.2014    	  11080.    	  3086.7    	  480.56    	  3649.5    	  93.977    	  1477.2    	 -1477.2    	 0.31120    	 2.50000E-03	  443.35    	  6.9624    	  1.0000    	  2926.2    	  3406.7    	  1.2100    	  4733.9    	 0.41616    	 0.70710    	  1.6991    	  1.2536    	  2.3759    	 0.15537    	  62.150    	  0.0000    	  263.80    	  1.6000    	  124.30    	  112.08    	  56.560    	  52.798    	  0.0000    	  145.48    	  234.95    	  1.3271    
   138.000    	       -    	  1989.0    	  18.450    	  24.040    	 0.64739    	  1.4381    	  11365.    	  3181.4    	  575.24    	  3668.0    	  0.0000    	  1509.5    	 -1509.5    	 0.31582    	 2.50000E-03	  448.95    	  7.0863    	  1.0000    	  2926.2    	  3501.4    	  1.2700    	  4766.9    	 0.35850    	 0.77826    	  2.1709    	  1.2186    	  2.3875    	 0.15047    	  60.189    	  0.0000    	  263.80    	  1.6000    	  126.00    	  112.78    	  58.936    	  54.052    	  0.0000    	  51.295    	  269.72    	  2.7016    
   139.000    	       -    	  1989.0    	  18.150    	  21.660    	 0.64945    	  1.4779    	  11648.    	  3197.3    	  591.15    	  3691.7    	  0.0000    	  1521.2    	 -1521.2    	 0.31645    	 2.50000E-03	  455.90    	  7.0132    	  1.0000    	  2926.2    	  3517.3    	  1.2600    	  4794.5    	 0.29976    	 0.60361    	  2.0136    	  1.0482    	  2.1265    	 0.14548    	  58.192    	  0.0000    	  263.80    	  1.9000    	  128.17    	  113.56    	  61.324    	  55.270    	  0.0000    	  42.354    	  276.03    	  4.2287    
   140.000    	       -    	  1989.0    	  20.400    	  23.190    	 0.65146    	  1.4940    	  11952.    	  3203.8    	  597.59    	  3717.7    	  0.0000    	  1531.1    	 -1531.1    	 0.31743    	 2.50000E-03	  462.27    	  6.9305    	  1.0000    	  2926.2    	  3523.8    	  1.3100    	  4810.9    	 0.25118    	 0.59068    	  2.3516    	  1.2443    	  2.6009    	 0.14135    	  56.540    	 0.80000    	  263.80    	  3.2000    	  130.18    	  114.17    	  63.450    	  56.319    	  0.0000    	  36.485    	  303.28    	  5.7422    
   141.000    	       -    	  1989.0    	  20.650    	  26.000    	 0.65344    	  1.4942    	  12278.    	  3203.9    	  597.69    	  3745.4    	  0.0000    	  1539.8    	 -1539.8    	 0.31865    	 2.50000E-03	  469.13    	  6.8293    	  1.0000    	  2926.2    	  3523.9    	  1.3600    	  4819.7    	 0.20975    	 0.64870    	  3.0927    	  1.4630    	  3.1390    	 0.13783    	  55.132    	  0.0000    	  264.60    	  4.1000    	  132.53    	  114.76    	  66.051    	  57.563    	  0.0000    	  31.124    	  315.20    	  7.3527    
   142.000    	       -    	  1989.0    	  18.550    	  27.300    	 0.65537    	  1.4810    	  12633.    	  3198.6    	  592.39    	  3774.2    	  0.0000    	  1547.3    	 -1547.3    	 0.32007    	 2.50000E-03	  476.83    	  6.7080    	  1.0000    	  2926.2    	  3518.6    	 0.84000    	  4821.9    	 0.14765    	 0.48735    	  3.3008    	  1.5086    	  3.3708    	 0.13255    	  53.020    	  0.0000    	  264.60    	  4.5000    	  135.63    	  115.41    	  69.190    	  59.026    	  0.0000    	  21.844    	  308.98    	  8.9733    
   143.000    	       -    	  1989.0    	  18.700    	  28.210    	 0.65726    	  1.4461    	  13019.    	  3184.6    	  578.44    	  3804.6    	  0.0000    	  1552.8    	 -1552.8    	 0.32176    	 2.50000E-03	  484.86    	  6.5681    	  1.0000    	  2926.2    	  3504.6    	  1.0500    	  4813.4    	 8.89418E-02	 0.27239    	  3.0625    	  1.4056    	  3.2686    	 0.12756    	  51.024    	  0.0000    	  264.60    	  3.6000    	  138.93    	  115.89    	  72.561    	  60.535    	  0.0000    	  12.953    	  322.27    	  10.505    
   144.000    	       -    	  1989.0    	  21.500    	  27.560    	 0.65910    	  1.3921    	  13433.    	  3163.0    	  556.84    	  3835.9    	  0.0000    	  1556.1    	 -1556.1    	 0.32368    	 2.50000E-03	  493.05    	  6.4153    	  1.0000    	  2926.2    	  3483.0    	  1.2400    	  4795.1    	 3.95884E-02	 0.11562    	  2.9206    	  1.3727    	  3.3053    	 0.12337    	  49.346    	  0.0000    	  264.60    	  3.2000    	  141.99    	  116.17    	  75.829    	  61.940    	  0.0000    	  5.6327    	  359.89    	  12.043    
   145.000    	       -    	  1989.0    	  19.700    	  27.460    	 0.66090    	  1.3241    	  14626.    	  3135.8    	  529.63    	  3867.2    	  0.0000    	  1557.5    	 -1557.5    	 0.32573    	 2.50000E-03	  500.85    	  6.2610    	  1.0000    	  2926.2    	  3455.8    	  1.2500    	  4769.3    	  0.0000    	  0.0000    	  2.5227    	  1.2426    	  3.0891    	 0.11964    	  47.858    	  0.0000    	  264.60    	  2.2000    	  144.91    	  116.28    	  79.135    	  63.313    	  0.0000    	  0.0000    	  376.63    	  13.697    
   146.000    	       -    	  1989.0    	  16.350    	  25.530    	 0.66266    	  1.2470    	  14578.    	  3105.0    	  498.78    	  3898.1    	  0.0000    	  1557.5    	 -1557.5    	 0.32785    	 2.50000E-03	  508.38    	  6.1076    	  1.0000    	  2926.2    	  3425.0    	  1.2300    	  4738.5    	  0.0000    	  0.0000    	  2.2729    	  1.1705    	  2.9909    	 0.11654    	  46.615    	  0.0000    	  264.60    	  2.8000    	  147.43    	  116.28    	  82.224    	  64.556    	  0.0000    	  0.0000    	  338.68    	  15.279    
   147.000    	       -    	  1989.0    	  14.450    	  27.570    	 0.66436    	  1.1743    	  14529.    	  3075.9    	  469.74    	  3927.1    	  0.0000    	  1557.5    	 -1557.5    	 0.32987    	 2.50000E-03	  515.10    	  5.9715    	  1.0000    	  2926.2    	  3395.9    	 0.93000    	  4709.4    	  0.0000    	  0.0000    	  2.3045    	  1.2488    	  3.2768    	 0.11361    	  45.444    	  0.0000    	  264.60    	  3.1000    	  149.71    	  116.28    	  85.215    	  65.726    	  0.0000    	  0.0000    	  313.27    	  16.706    
   148.000    	       -    	  1989.0    	  13.000    	  26.670    	 0.66601    	  1.1060    	  14479.    	  3048.6    	  442.38    	  3954.5    	  0.0000    	  1557.5    	 -1557.5    	 0.33180    	 2.50000E-03	  522.07    	  5.8394    	  1.0000    	  2926.2    	  3368.6    	  1.0200    	  4682.1    	  0.0000    	  0.0000    	  1.9616    	  1.1239    	  3.0365    	 0.11049    	  44.196    	  0.0000    	  264.60    	  2.1000    	  152.01    	  116.28    	  88.492    	  66.975    	  0.0000    	  0.0000    	  291.51    	  18.030    
   149.000    	       -    	  1989.0    	  12.350    	  26.590    	 0.66761    	  1.0415    	  14429.    	  3022.8    	  416.62    	  3980.3    	  0.0000    	  1557.5    	 -1557.5    	 0.33364    	 2.50000E-03	  528.54    	  5.7192    	  1.0000    	  2926.2    	  3342.8    	  1.0000    	  4656.3    	  0.0000    	  0.0000    	  1.7973    	  1.0864    	  3.0155    	 0.10768    	  43.072    	  0.0000    	  264.60    	  1.6000    	  153.97    	  116.28    	  91.528    	  68.099    	  0.0000    	  0.0000    	  280.51    	  19.266    
   150.000    	       -    	  1989.0    	  10.350    	  16.910    	 0.66916    	 0.98089    	  14380.    	  2998.5    	  392.36    	  4004.5    	  0.0000    	  1557.5    	 -1557.5    	 0.33539    	 2.50000E-03	  534.72    	  5.6077    	  1.0000    	  2926.2    	  3318.5    	  1.0000    	  4632.1    	  0.0000    	  0.0000    	  1.1320    	 0.71147    	  2.0284    	 0.10496    	  41.985    	  0.0000    	  264.60    	  3.1000    	  155.77    	  116.28    	  94.543    	  69.185    	  0.0000    	  0.0000    	  245.22    	  20.460    
   151.000    	       -    	  1989.0    	  9.0500    	  17.480    	 0.67065    	 0.92377    	  14332.    	  2975.7    	  369.51    	  4027.4    	  0.0000    	  1557.5    	 -1557.5    	 0.33705    	 2.50000E-03	  538.48    	  5.5261    	  1.0000    	  2926.2    	  3295.7    	 0.76000    	  4609.2    	  0.0000    	  0.0000    	 0.93442    	 0.63335    	  1.8384    	 0.10318    	  41.274    	  0.0000    	  264.60    	  1.6000    	  156.90    	  116.28    	  96.572    	  69.897    	  0.0000    	  0.0000    	  218.40    	  21.508    
   152.000    	       -    	  1989.0    	  8.8000    	  11.980    	 0.67209    	 0.86998    	  14286.    	  2954.2    	  347.99    	  4048.9    	  0.0000    	  1557.5    	 -1557.5    	 0.33863    	 2.50000E-03	  542.20    	  5.4485    	  1.0000    	  2926.2    	  3274.2    	 0.88000    	  4587.7    	  0.0000    	  0.0000    	 0.62905    	 0.44974    	  1.3269    	 0.10160    	  40.641    	  0.0000    	  264.60    	  1.9000    	  157.84    	  116.28    	  98.410    	  70.530    	  0.0000    	  0.0000    	  212.28    	  22.443    
   153.000    	       -    	  1989.0    	  10.700    	  14.600    	 0.67347    	 0.81931    	  14241.    	  2933.9    	  327.72    	  4069.1    	  0.0000    	  1557.5    	 -1557.5    	 0.34013    	 2.50000E-03	  544.63    	  5.3869    	  1.0000    	  2926.2    	  3253.9    	 0.83000    	  4567.4    	  0.0000    	  0.0000    	 0.70409    	 0.54189    	  1.6175    	 0.10048    	  40.191    	  0.0000    	  264.60    	  1.6000    	  158.46    	  116.28    	  99.737    	  70.980    	  0.0000    	  0.0000    	  249.24    	  23.356    
   154.000    	       -    	  1989.0    	  9.7000    	  11.820    	 0.67479    	 0.77160    	  14197.    	  2926.2    	  308.64    	  4088.2    	  0.0000    	  1557.5    	 -1557.5    	 0.34156    	 2.50000E-03	  547.47    	  5.3449    	  1.0000    	  2926.2    	  3234.8    	 0.97000    	  4548.3    	  0.0000    	  0.0000    	 0.50169    	 0.48010    	  1.4537    	 9.91224E-02	  39.649    	  16.600    	  264.60    	  2.2000    	  159.17    	  116.28    	  101.35    	  71.522    	  0.0000    	  0.0000    	  229.66    	  24.431    
   155.000    	       -    	  1989.0    	  8.5500    	  7.3100    	 0.67605    	 0.72666    	  14155.    	  2926.2    	  290.67    	  4106.2    	  0.0000    	  1557.5    	 -1557.5    	 0.34291    	 2.50000E-03	  549.66    	  5.3236    	  1.0000    	  2926.2    	  3216.8    	  1.0100    	  4530.4    	 0.22282    	 5.92516E-02	 0.26591    	 0.43546    	 0.92658    	 0.13894    	  55.576    	  3.0000    	  281.20    	  2.6000    	  159.67    	  116.28    	  102.81    	  72.002    	  0.0000    	  8.6340    	  198.93    	  25.424    
   156.000    	       -    	  1989.0    	  8.6000    	  11.660    	 0.67725    	 0.70839    	  14114.    	  2926.2    	  283.36    	  4120.1    	  0.0000    	  1559.6    	 -1559.6    	 0.34377    	 2.50000E-03	  550.95    	  5.3112    	  1.0000    	  2926.2    	  3209.5    	 0.92000    	  4525.1    	 0.29116    	 0.12872    	 0.44209    	 0.70094    	  1.4295    	 0.14475    	  57.900    	  7.5000    	  284.20    	  2.0000    	  159.94    	  116.34    	  103.74    	  72.437    	  0.0000    	  16.979    	  197.69    	  26.313    
   157.000    	       -    	  1989.0    	  9.8000    	  18.380    	 0.67838    	 0.70942    	  14074.    	  2926.2    	  283.77    	  4132.7    	  0.0000    	  1563.6    	 -1563.6    	 0.34432    	 2.50000E-03	  552.97    	  5.2918    	  1.0000    	  2926.2    	  3209.9    	 0.93000    	  4529.5    	 0.48214    	 0.44291    	 0.91863    	  1.3422    	  2.4523    	 0.16098    	  64.393    	  0.0000    	  291.70    	  2.8000    	  160.38    	  116.47    	  105.16    	  73.138    	  0.0000    	  37.456    	  215.77    	  27.207    
   158.000    	       -    	  1989.0    	  11.700    	  12.070    	 0.67945    	 0.75784    	  14035.    	  2926.2    	  303.14    	  4142.7    	  0.0000    	  1571.7    	 -1571.7    	 0.34401    	 2.50000E-03	  556.15    	  5.2615    	  1.0000    	  2926.2    	  3229.3    	  1.0700    	  4557.0    	 0.42964    	 0.25511    	 0.59379    	 0.79067    	  1.4872    	 0.15652    	  62.608    	  0.0000    	  291.70    	  1.7000    	  161.30    	  116.91    	  107.62    	  74.480    	  0.0000    	  27.106    	  248.39    	  28.209    
   159.000    	       -    	  1989.0    	  11.550    	  12.340    	 0.68045    	 0.78200    	  13997.    	  2926.2    	  312.80    	  4154.1    	  0.0000    	  1577.7    	 -1577.7    	 0.34415    	 2.50000E-03	  558.36    	  5.2407    	  1.0000    	  2926.2    	  3239.0    	  1.0700    	  4572.6    	 0.39888    	 0.22455    	 0.56295    	 0.82577    	  1.5805    	 0.15390    	  61.562    	  9.6000    	  291.70    	  2.3000    	  161.89    	  117.17    	  109.10    	  75.271    	  0.0000    	  26.205    	  246.36    	  29.358    
   160.000    	       -    	  1989.0    	  13.150    	  15.780    	 0.68139    	 0.80214    	  15115.    	  2927.0    	  320.86    	  4166.4    	  0.0000    	  1583.5    	 -1583.5    	 0.34438    	 2.50000E-03	  560.67    	  5.2206    	  1.0000    	  2926.2    	  3247.0    	  1.1500    	  4586.6    	 0.64459    	 0.54440    	 0.84457    	  1.2365    	  2.0756    	 0.17479    	  69.916    	 0.10000    	  301.30    	  2.2000    	  162.45    	  117.39    	  110.68    	  76.097    	  0.0000    	  50.762    	  282.44    	  30.496    
   161.000    	       -    	  1989.0    	  16.550    	  18.610    	 0.68226    	 0.88172    	  15073.    	  2958.9    	  352.69    	  4175.2    	  0.0000    	  1593.7    	 -1593.7    	 0.34345    	 2.50000E-03	  563.68    	  5.2492    	  1.0000    	  2926.2    	  3278.9    	  1.2400    	  4628.5    	 0.59221    	 0.62388    	  1.0535    	  1.4043    	  2.4206    	 0.17034    	  68.135    	 0.30000    	  301.40    	  2.0000    	  163.30    	  117.94    	  112.76    	  77.333    	  0.0000    	  54.856    	  326.91    	  31.742    
   162.000    	       -    	  1989.0    	  16.150    	  24.180    	 0.68306    	 0.96436    	  15031.    	  2991.9    	  385.74    	  4185.7    	  0.0000    	  1604.9    	 -1604.9    	 0.34260    	 2.50000E-03	  567.51    	  5.2720    	  1.0000    	  2926.2    	  3311.9    	  1.4000    	  4672.8    	 0.53490    	 0.89130    	  1.6663    	  1.7372    	  3.0854    	 0.16547    	  66.187    	  0.0000    	  301.70    	  1.4000    	  164.35    	  118.56    	  115.18    	  78.738    	  0.0000    	  58.241    	  323.68    	  33.179    
   163.000    	       -    	  1989.0    	  19.250    	  28.200    	 0.68379    	  1.0478    	  14988.    	  3025.3    	  419.10    	  4198.4    	  0.0000    	  1617.2    	 -1617.2    	 0.34189    	 2.50000E-03	  572.82    	  5.2814    	  1.0000    	  2926.2    	  3345.3    	  1.3300    	  4718.5    	 0.45759    	  1.0862    	  2.3736    	  2.1152    	  3.9172    	 0.15890    	  63.558    	  0.0000    	  301.70    	  3.2000    	  166.02    	  119.45    	  118.27    	  80.475    	  0.0000    	  53.616    	  359.39    	  34.596    
   164.000    	       -    	  1989.0    	  20.000    	  27.770    	 0.68445    	  1.1144    	  14942.    	  3051.9    	  445.75    	  4213.6    	  0.0000    	  1628.9    	 -1628.9    	 0.34159    	 2.50000E-03	  579.40    	  5.2674    	  1.0000    	  2926.2    	  3371.9    	  1.1300    	  4756.8    	 0.36343    	 0.86813    	  2.3887    	  1.8718    	  3.6566    	 0.15089    	  60.357    	  0.0000    	  301.70    	  2.9000    	  168.39    	  120.54    	  122.18    	  82.590    	  0.0000    	  44.520    	  369.94    	  36.158    
   165.000    	       -    	  1989.0    	  19.300    	  26.560    	 0.68504    	  1.1547    	  14894.    	  3068.1    	  461.89    	  4231.9    	  0.0000    	  1639.0    	 -1639.0    	 0.34183    	 2.50000E-03	  586.17    	  5.2341    	  1.0000    	  2926.2    	  3388.1    	  1.2500    	  4783.1    	 0.28285    	 0.59890    	  2.1174    	  1.5270    	  3.1300    	 0.14404    	  57.617    	  0.0000    	  301.70    	  1.8000    	  170.78    	  121.41    	  125.84    	  84.462    	  0.0000    	  0.0000    	  0.0000    	  37.752    
   166.000    	       -    	  1989.0    	  18.650    	  22.590    	 0.68556    	 0.80000    	  14843.    	  3068.1    	  320.00    	  4231.9    	  0.0000    	  1639.0    	 -1639.0    	 0.34183    	 2.50000E-03	  592.81    	  5.1755    	  1.0000    	  3068.1    	  3388.1    	  1.2600    	  4783.1    	 0.22032    	 0.27856    	  1.2644    	  1.4040    	  2.9923    	 0.13873    	  55.491    	  0.0000    	  301.70    	  1.4000    	  172.90    	  122.00    	  128.97    	  85.989    	  0.0000    	  20.458    	  360.67    	  0.0000    
   167.000    	       -    	  1989.0    	  17.550    	  27.150    	 0.68601    	 0.80055    	  14790.    	  3068.3    	  320.22    	  4247.2    	  0.0000    	  1643.9    	 -1643.9    	 0.34249    	 2.50000E-03	  597.11    	  5.1385    	  1.0000    	  3068.1    	  3388.3    	  1.3300    	  4788.2    	 0.17083    	 0.27991    	  1.6385    	  1.7383    	  3.8249    	 0.13452    	  53.808    	  0.0000    	  301.70    	  1.7000    	  174.16    	  122.28    	  131.96    	  87.393    	  0.0000    	  16.372    	  349.81    	  1.5361    
   168.000    	       -    	  1989.0    	  17.550    	  29.040    	 0.68638    	 0.79125    	  14735.    	  3068.1    	  316.50    	  4263.2    	  0.0000    	  1648.0    	 -1648.0    	 0.34331    	 2.50000E-03	  602.29    	  5.0940    	  1.0000    	  3068.1    	  3384.6    	  1.2600    	  4788.5    	 0.11147    	 0.19950    	  1.7896    	  1.8434    	  4.2207    	 0.12948    	  51.790    	  0.0000    	  301.70    	  2.2000    	  175.80    	  122.56    	  135.79    	  89.131    	  0.0000    	  10.549    	  351.22    	  3.0216    
   169.000    	       -    	  1989.0    	  16.700    	  28.180    	 0.68668    	 0.76906    	  14679.    	  3068.1    	  307.63    	  4280.0    	  0.0000    	  1650.6    	 -1650.6    	 0.34432    	 2.50000E-03	  607.78    	  5.0480    	  1.0000    	  3068.1    	  3375.7    	  1.3400    	  4782.3    	 5.13874E-02	 8.67685E-02	  1.6885    	  1.7237    	  4.1154    	 0.12437    	  49.747    	  0.0000    	  301.70    	  2.1000    	  177.59    	  122.76    	  140.01    	  90.974    	  0.0000    	  4.7689    	  342.87    	  4.5072    
   170.000    	       -    	  1989.0    	  20.000    	  27.780    	 0.68690    	 0.73499    	  14621.    	  3068.1    	  293.99    	  4297.2    	  0.0000    	  1651.9    	 -1651.9    	 0.34547    	 2.50000E-03	  612.99    	  5.0051    	  1.0000    	  3068.1    	  3362.1    	  1.3400    	  4769.9    	  0.0000    	  0.0000    	  1.6282    	  1.6983    	  4.2147    	 0.11984    	  47.937    	  0.0000    	  301.70    	  2.1000    	  179.28    	  122.85    	  144.12    	  92.698    	  0.0000    	  0.0000    	  379.50    	  5.9516    
   171.000    	       -    	  1989.0    	  19.550    	  28.920    	 0.68705    	 0.69218    	  14563.    	  3068.1    	  276.87    	  4314.3    	  0.0000    	  1651.9    	 -1651.9    	 0.34671    	 2.50000E-03	  617.94    	  4.9650    	  1.0000    	  3068.1    	  3344.9    	  1.4300    	  4752.8    	  0.0000    	  0.0000    	  1.5164    	  1.6945    	  4.3667    	 0.11560    	  46.238    	 0.10000    	  301.70    	  1.5000    	  180.91    	  122.85    	  148.34    	  94.396    	  0.0000    	  0.0000    	  373.51    	  7.5457    
   172.000    	       -    	  1989.0    	  17.550    	  25.800    	 0.68712    	 0.65187    	  14503.    	  3068.1    	  260.75    	  4330.4    	  0.0000    	  1651.9    	 -1651.9    	 0.34789    	 2.50000E-03	  622.85    	  4.9258    	  1.0000    	  3068.1    	  3328.8    	  1.4500    	  4736.7    	  0.0000    	  0.0000    	  1.3947    	  1.5403    	  4.1273    	 0.11136    	  44.544    	  0.0000    	  301.80    	  2.5000    	  182.42    	  122.85    	  152.70    	  96.091    	  0.0000    	  0.0000    	  350.81    	  9.1209    
   173.000    	       -    	  1989.0    	  17.000    	  13.840    	 0.68712    	 0.61391    	  14441.    	  3068.1    	  245.56    	  4345.6    	  0.0000    	  1651.9    	 -1651.9    	 0.34901    	 2.50000E-03	  627.03    	  4.8930    	  1.0000    	  3068.1    	  3313.6    	  1.6000    	  4721.5    	  0.0000    	  0.0000    	 0.65742    	 0.75697    	  2.1046    	 0.10751    	  43.004    	  0.0000    	  301.80    	  1.6000    	  183.82    	  122.85    	  156.83    	  97.631    	  0.0000    	  0.0000    	  343.10    	  10.606    
   174.000    	       -    	  1989.0    	  15.400    	  17.620    	 0.68705    	 0.57816    	  14379.    	  3068.1    	  231.26    	  4359.9    	  0.0000    	  1651.9    	 -1651.9    	 0.35007    	 2.50000E-03	  629.16    	  4.8764    	  1.0000    	  3068.1    	  3299.3    	  1.4500    	  4707.2    	  0.0000    	  0.0000    	 0.81471    	 0.97977    	  2.7752    	 0.10562    	  42.247    	  0.0000    	  301.80    	  2.1000    	  184.48    	  122.85    	  158.94    	  98.388    	  0.0000    	  0.0000    	  322.41    	  12.066    
   175.000    	       -    	  1989.0    	  15.250    	  22.450    	 0.68690    	 0.54449    	  14316.    	  3068.1    	  217.80    	  4373.4    	  0.0000    	  1651.9    	 -1651.9    	 0.35108    	 2.50000E-03	  631.74    	  4.8565    	  1.0000    	  3068.1    	  3285.9    	  1.2500    	  4693.7    	  0.0000    	  0.0000    	 0.90407    	  1.1485    	  3.3345    	 0.10317    	  41.267    	  0.0000    	  301.80    	  1.1000    	  185.29    	  122.85    	  161.71    	  99.368    	  0.0000    	  0.0000    	  319.10    	  13.443    
   176.000    	       -    	  1989.0    	  16.900    	  28.650    	 0.68668    	 0.51278    	  14253.    	  3068.1    	  205.11    	  4386.1    	  0.0000    	  1651.9    	 -1651.9    	 0.35203    	 2.50000E-03	  634.87    	  4.8326    	  1.0000    	  3068.1    	  3273.2    	  1.1700    	  4681.0    	  0.0000    	  0.0000    	  1.1073    	  1.4665    	  4.3860    	 0.10030    	  40.118    	  0.0000    	  301.80    	  1.1000    	  186.19    	  122.85    	  165.05    	  100.52    	  0.0000    	  0.0000    	  337.49    	  14.812    
   177.000    	       -    	  1989.0    	  19.850    	  26.570    	 0.68638    	 0.48292    	  14190.    	  3068.1    	  193.17    	  4398.0    	  0.0000    	  1651.9    	 -1651.9    	 0.35293    	 2.50000E-03	  638.67    	  4.8039    	  1.0000    	  3068.1    	  3261.2    	  1.3700    	  4669.1    	  0.0000    	  0.0000    	 0.97764    	  1.4128    	  4.3942    	 9.66295E-02	  38.652    	  5.5000    	  301.80    	  1.6000    	  187.30    	  122.85    	  169.43    	  101.98    	  0.0000    	  0.0000    	  366.86    	  16.266    
   178.000    	       -    	  1989.0    	  15.600    	  11.430    	 0.68601    	 0.45480    	  14127.    	  3068.1    	  181.92    	  4409.3    	  0.0000    	  1651.9    	 -1651.9    	 0.35378    	 2.50000E-03	  642.01    	  4.7789    	  1.0000    	  3068.1    	  3250.0    	  1.3700    	  4657.8    	  0.0000    	  0.0000    	 0.40494    	 0.72949    	  2.0474    	 0.10655    	  42.618    	  3.0000    	  307.30    	  3.5000    	  188.28    	  122.85    	  173.83    	  103.40    	  0.0000    	  0.0000    	  319.23    	  17.854    
   179.000    	       -    	  1989.0    	  14.800    	  19.800    	 0.68556    	 0.42831    	  14062.    	  3068.1    	  171.32    	  4419.9    	  0.0000    	  1651.9    	 -1651.9    	 0.35459    	 2.50000E-03	  643.37    	  4.7687    	  1.0000    	  3068.1    	  3239.4    	  1.1400    	  4647.2    	  0.0000    	  0.0000    	 0.77733    	  1.4601    	  3.8913    	 0.11194    	  44.775    	  2.7000    	  310.30    	  5.0000    	  188.68    	  122.85    	  175.87    	  104.13    	  0.0000    	  0.0000    	  307.76    	  19.242    
   180.000    	       -    	  1989.0    	  11.150    	  3.8900    	 0.68504    	 0.40337    	  13998.    	  3068.1    	  161.35    	  4429.8    	  0.0000    	  1651.9    	 -1651.9    	 0.35535    	 2.50000E-03	  645.62    	  4.7521    	  1.0000    	  3068.1    	  3229.4    	  1.2800    	  4637.3    	  0.0000    	  0.0000    	 7.12364E-02	 0.23868    	 0.61971    	 0.11477    	  45.908    	  12.200    	  313.00    	  2.4000    	  189.46    	  122.85    	  179.77    	  105.59    	  0.0000    	  0.0000    	  252.78    	  20.586    
   181.000    	       -    	  1989.0    	  10.850    	  27.020    	 0.68445    	 0.37988    	  15529.    	  3068.1    	  151.95    	  4439.2    	  0.0000    	  1651.9    	 -1651.9    	 0.35607    	 2.50000E-03	  646.03    	  4.7491    	  1.0000    	  3068.1    	  3220.0    	  1.0200    	  4627.9    	 0.28731    	 0.20705    	 0.72067    	  2.0533    	  4.1974    	 0.14442    	  57.768    	 0.10000    	  325.20    	  1.4000    	  189.53    	  122.85    	  180.38    	  105.82    	  0.0000    	  14.712    	  264.60    	  21.695    
   182.000    	       -    	  1989.0    	  16.250    	  6.9200    	 0.68379    	 0.39108    	  15460.    	  3068.1    	  156.43    	  4446.0    	  0.0000    	  1655.3    	 -1655.3    	 0.35621    	 2.50000E-03	  648.79    	  4.7289    	  1.0000    	  3068.1    	  3224.5    	  1.5600    	  4635.8    	 0.22097    	 3.91455E-02	 0.17715    	 0.56232    	  1.1979    	 0.13878    	  55.513    	  10.200    	  325.30    	  2.7000    	  190.25    	  123.06    	  184.58    	  107.88    	  0.0000    	  4.7972    	  347.67    	  22.781    
   183.000    	       -    	  1989.0    	  16.350    	  9.6000    	 0.68306    	 0.38149    	  15393.    	  3068.1    	  152.60    	  4453.5    	  0.0000    	  1656.5    	 -1656.5    	 0.35666    	 2.50000E-03	  649.51    	  4.7236    	  1.0000    	  3068.1    	  3220.7    	  1.5300    	  4633.1    	 0.50041    	 0.13510    	 0.26998    	 0.95235    	  1.7229    	 0.16253    	  65.014    	 0.30000    	  335.50    	  2.9000    	  190.43    	  123.10    	  185.78    	  108.44    	  0.0000    	  14.742    	  335.30    	  24.203    
   184.000    	       -    	  1989.0    	  17.100    	  23.050    	 0.68226    	 0.39735    	  15326.    	  3068.1    	  158.94    	  4458.7    	  0.0000    	  1659.6    	 -1659.6    	 0.35661    	 2.50000E-03	  650.49    	  4.7165    	  1.0000    	  3068.1    	  3227.0    	  1.2300    	  4642.6    	 0.47444    	 0.37660    	 0.79379    	  2.2468    	  4.1226    	 0.16033    	  64.131    	  0.0000    	  335.80    	  2.7000    	  190.70    	  123.23    	  187.50    	  109.39    	  0.0000    	  24.654    	  343.66    	  25.630    
   185.000    	       -    	  1989.0    	  18.000    	  27.120    	 0.68139    	 0.43148    	  15258.    	  3068.1    	  172.59    	  4464.4    	  0.0000    	  1665.0    	 -1665.0    	 0.35631    	 2.50000E-03	  652.94    	  4.6989    	  1.0000    	  3068.1    	  3240.7    	  1.3900    	  4661.6    	 0.39728    	 0.42695    	  1.0747    	  2.6437    	  5.0645    	 0.15377    	  61.508    	  0.0000    	  335.80    	  3.3000    	  191.49    	  123.61    	  191.63    	  111.64    	  0.0000    	  22.768    	  355.51    	  27.094    
   186.000    	       -    	  1989.0    	  22.550    	  25.430    	 0.68045    	 0.45867    	  15189.    	  3068.1    	  183.47    	  4471.2    	  0.0000    	  1670.1    	 -1670.1    	 0.35618    	 2.50000E-03	  656.03    	  4.6767    	  1.0000    	  3068.1    	  3251.5    	  1.9000    	  4677.6    	 0.30697    	 0.34533    	  1.1250    	  2.4580    	  4.9650    	 0.14609    	  58.437    	  0.0000    	  335.80    	  3.1000    	  192.57    	  124.03    	  196.69    	  114.28    	  0.0000    	  18.463    	  402.43    	  28.601    
   187.000    	       -    	  1989.0    	  24.350    	  24.870    	 0.67945    	 0.47405    	  15119.    	  3068.1    	  189.62    	  4479.2    	  0.0000    	  1674.4    	 -1674.4    	 0.35630    	 2.50000E-03	  659.09    	  4.6550    	  1.0000    	  3068.1    	  3257.7    	  1.8300    	  4688.0    	 0.22452    	 0.25024    	  1.1146    	  2.2420    	  4.7655    	 0.13908    	  55.634    	  0.0000    	  335.80    	  2.8000    	  193.69    	  124.38    	  201.66    	  116.74    	  0.0000    	  13.849    	  420.07    	  30.294    
   188.000    	       -    	  1989.0    	  22.100    	  23.000    	 0.67838    	 0.47776    	  15045.    	  3068.1    	  191.10    	  4488.2    	  0.0000    	  1677.7    	 -1677.7    	 0.35665    	 2.50000E-03	  662.17    	  4.6334    	  1.0000    	  3068.1    	  3259.2    	  1.9200    	  4692.9    	 0.15122    	 0.14852    	 0.98215    	  1.9719    	  4.3957    	 0.13285    	  53.141    	  5.4000    	  335.80    	  3.0000    	  194.81    	  124.63    	  206.42    	  118.98    	  0.0000    	  9.2273    	  402.70    	  32.052    
   189.000    	       -    	  1989.0    	  18.300    	  17.160    	 0.67724    	 0.47070    	  14967.    	  3068.1    	  188.28    	  4498.0    	  0.0000    	  1680.0    	 -1680.0    	 0.35718    	 2.50000E-03	  665.03    	  4.6134    	  1.0000    	  3068.1    	  3256.3    	  1.8200    	  4692.3    	 0.24416    	 0.14633    	 0.59933    	  1.3601    	  2.8555    	 0.14075    	  56.301    	  7.6000    	  341.20    	 0.40000    	  195.79    	  124.78    	  210.82    	  120.95    	  0.0000    	  12.990    	  358.86    	  33.729    
   190.000    	       -    	  1989.0    	  17.650    	  10.090    	 0.67605    	 0.47344    	  14887.    	  3068.1    	  189.38    	  4506.8    	  0.0000    	  1683.1    	 -1683.1    	 0.35752    	 2.50000E-03	  667.15    	  4.5988    	  1.0000    	  3068.1    	  3257.4    	  1.7900    	  4696.5    	 0.41992    	 0.14151    	 0.33699    	 0.89933    	  1.7009    	 0.15569    	  62.277    	  22.100    	  348.80    	  1.8000    	  196.39    	  124.92    	  213.67    	  122.31    	  0.0000    	  15.684    	  342.14    	  35.249    
   191.000    	       -    	  1989.0    	  15.650    	  10.080    	 0.67479    	 0.48584    	  14807.    	  3068.1    	  194.34    	  4514.0    	  0.0000    	  1686.6    	 -1686.6    	 0.35762    	 2.50000E-03	  668.39    	  4.5902    	  1.0000    	  3068.1    	  3262.4    	  1.3000    	  4705.0    	  1.0000    	 0.33570    	 0.33570    	  1.0177    	  1.4285    	 0.20805    	  83.218    	  0.0000    	  370.90    	  1.7000    	  196.73    	  125.07    	  215.37    	  123.21    	  0.0000    	  38.165    	  295.88    	  36.739    
   192.000    	       -    	  1989.0    	  16.500    	  18.000    	 0.67347    	 0.56068    	  14726.    	  3068.1    	  224.27    	  4515.9    	  0.0000    	  1692.9    	 -1692.9    	 0.35621    	 2.50000E-03	  669.67    	  4.5815    	  1.0000    	  3068.1    	  3292.3    	  1.4500    	  4741.2    	 0.99602    	 0.75429    	 0.75731    	  1.8942    	  2.7037    	 0.20466    	  81.865    	  0.0000    	  370.90    	  1.1000    	  197.06    	  125.40    	  216.80    	  124.23    	  0.0000    	  63.098    	  303.70    	  38.130    
   193.000    	       -    	  1989.0    	  16.950    	  20.590    	 0.67209    	 0.68664    	  14646.    	  3068.1    	  274.66    	  4518.2    	  0.0000    	  1703.3    	 -1703.3    	 0.35387    	 2.50000E-03	  672.24    	  4.5640    	  1.0000    	  3068.1    	  3342.7    	  1.4600    	  4802.0    	 0.91813    	  1.0383    	  1.1309    	  2.1367    	  3.1546    	 0.19804    	  79.216    	  0.0000    	  370.90    	  2.3000    	  197.82    	  126.16    	  219.50    	  126.13    	  0.0000    	  73.104    	  309.59    	  39.564    
   194.000    	       -    	  1989.0    	  15.200    	  16.120    	 0.67065    	 0.82817    	  14567.    	  3079.3    	  331.27    	  4522.1    	  0.0000    	  1716.0    	 -1716.0    	 0.35144    	 2.50000E-03	  675.71    	  4.5571    	  1.0000    	  3068.1    	  3399.3    	  1.2700    	  4871.3    	 0.82474    	 0.85295    	  1.0342    	  1.4894    	  2.2932    	 0.19010    	  76.041    	  0.0000    	  370.90    	  3.0000    	  198.95    	  127.19    	  222.66    	  128.26    	  0.0000    	  67.418    	  292.03    	  41.021    
   195.000    	       -    	  1989.0    	  13.350    	  15.740    	 0.66916    	 0.95062    	  14487.    	  3128.3    	  380.25    	  4528.2    	  0.0000    	  1728.2    	 -1728.2    	 0.34956    	 2.50000E-03	  678.87    	  4.6081    	  1.0000    	  3068.1    	  3448.3    	  1.1100    	  4932.5    	 0.75585    	 0.72397    	 0.95782    	  1.2470    	  1.9827    	 0.18425    	  73.699    	 0.20000    	  370.90    	  2.7000    	  199.99    	  128.05    	  224.95    	  129.75    	  0.0000    	  67.628    	  269.77    	  42.387    
   196.000    	       -    	  1989.0    	  15.850    	  18.970    	 0.66761    	  1.0669    	  14409.    	  3174.8    	  426.75    	  4536.6    	  0.0000    	  1741.0    	 -1741.0    	 0.34797    	 2.50000E-03	  682.29    	  4.6532    	  1.0000    	  3068.1    	  3494.8    	  1.3200    	  4991.8    	 0.69788    	  1.1110    	  1.5919    	  1.5610    	  2.5521    	 0.17932    	  71.728    	  0.0000    	  371.10    	  3.8000    	  200.94    	  128.77    	  226.94    	  131.00    	  0.0000    	  75.076    	  300.79    	  43.646    
   197.000    	       -    	  1989.0    	  13.950    	  17.420    	 0.66601    	  1.1916    	  14333.    	  3224.7    	  476.63    	  4547.1    	  0.0000    	  1755.6    	 -1755.6    	 0.34642    	 2.50000E-03	  686.78    	  4.6954    	  1.0000    	  3068.1    	  3544.7    	  1.2100    	  5056.3    	 0.61929    	 0.78249    	  1.2635    	  1.1630    	  1.9772    	 0.17264    	  69.056    	  1.9000    	  371.10    	  2.6000    	  202.54    	  129.88    	  229.49    	  132.56    	  0.0000    	  68.958    	  279.23    	  45.047    
   198.000    	       -    	  1989.0    	  13.000    	  6.6200    	 0.66436    	  1.2950    	  14256.    	  3266.1    	  518.00    	  4560.8    	  0.0000    	  1769.6    	 -1769.6    	 0.34540    	 2.50000E-03	  691.22    	  4.7250    	  1.0000    	  3068.1    	  3586.1    	  1.3800    	  5111.6    	 0.60919    	 0.28239    	 0.46355    	 0.38019    	 0.64968    	 0.17178    	  68.713    	 0.10000    	  373.00    	  1.1000    	  203.80    	  130.66    	  231.46    	  133.72    	  0.0000    	  32.679    	  265.51    	  46.342    
   199.000    	       -    	  1989.0    	  15.000    	  15.410    	 0.66266    	  1.3224    	  14181.    	  3277.0    	  528.96    	  4575.9    	  0.0000    	  1776.2    	 -1776.2    	 0.34551    	 2.50000E-03	  693.01    	  4.7287    	  1.0000    	  3068.1    	  3597.0    	  1.1700    	  5129.2    	 0.58971    	 0.76855    	  1.3033    	 0.95606    	  1.6501    	 0.17012    	  68.050    	 0.10000    	  373.10    	  2.7000    	  204.26    	  130.95    	  232.11    	  134.10    	  0.0000    	  65.638    	  290.18    	  47.578    
   200.000    	       -    	  1989.0    	  14.550    	  24.550    	 0.66090    	  1.4131    	  14108.    	  3313.3    	  565.23    	  4591.8    	  0.0000    	  1789.7    	 -1789.7    	 0.34480    	 2.50000E-03	  697.23    	  4.7521    	  1.0000    	  3068.1    	  3633.3    	  1.1400    	  5179.0    	 0.53898    	  1.1532    	  2.1396    	  1.3509    	  2.3941    	 0.16581    	  66.325    	  0.0000    	  373.20    	  1.6000    	  205.57    	  131.72    	  233.76    	  135.06    	  0.0000    	  0.0000    	  0.0000    	  48.933    
   201.000    	       -    	  1989.0    	  15.800    	  24.750    	 0.65910    	 0.80000    	  14035.    	  3313.3    	  320.00    	  4591.8    	  0.0000    	  1789.7    	 -1789.7    	 0.34480    	 2.50000E-03	  704.25    	  4.7047    	  1.0000    	  3313.3    	  3633.3    	  1.3000    	  5179.0    	 0.46533    	 0.65821    	  1.4145    	  1.7966    	  3.3130    	 0.15955    	  63.821    	  0.0000    	  373.20    	  1.1000    	  207.71    	  132.87    	  236.16    	  136.41    	  0.0000    	  44.162    	  300.94    	  0.0000    
   202.000    	       -    	  1989.0    	  17.300    	  24.880    	 0.65726    	 0.85755    	  13963.    	  3336.3    	  343.02    	  4603.3    	  0.0000    	  1799.3    	 -1799.3    	 0.34448    	 2.50000E-03	  708.97    	  4.7059    	  1.0000    	  3313.3    	  3656.3    	  1.2600    	  5211.6    	 0.39313    	 0.63820    	  1.6234    	  1.8081    	  3.4721    	 0.15342    	  61.366    	  0.0000    	  373.20    	  2.3000    	  209.12    	  133.53    	  239.47    	  138.21    	  0.0000    	  39.401    	  318.39    	  1.3984    
   203.000    	       -    	  1989.0    	  23.450    	  21.440    	 0.65537    	 0.90003    	  14505.    	  3353.3    	  360.01    	  4616.9    	  0.0000    	  1808.1    	 -1808.1    	 0.34447    	 2.50000E-03	  713.97    	  4.6967    	  1.0000    	  3313.3    	  3673.3    	  1.3500    	  5237.4    	 0.32118    	 0.46830    	  1.4581    	  1.4865    	  2.9771    	 0.14730    	  58.920    	  0.0000    	  373.20    	  2.3000    	  210.74    	  134.17    	  242.94    	  140.01    	  0.0000    	  32.088    	  390.97    	  2.8721    
   204.000    	       -    	  1989.0    	  21.050    	  13.790    	 0.65343    	 0.92299    	  14428.    	  3362.5    	  369.20    	  4632.3    	  0.0000    	  1815.6    	 -1815.6    	 0.34479    	 2.50000E-03	  718.44    	  4.6802    	  1.0000    	  3313.3    	  3682.5    	  1.9700    	  5254.1    	 0.26369    	 0.21385    	 0.81098    	 0.88322    	  1.8318    	 0.14241    	  56.965    	  10.400    	  373.20    	  1.4000    	  212.20    	  134.63    	  245.92    	  141.50    	  0.0000    	  21.231    	  371.44    	  4.5982    
   205.000    	       -    	  1989.0    	  19.450    	  23.730    	 0.65146    	 0.92126    	  14348.    	  3361.8    	  368.51    	  4649.2    	  0.0000    	  1820.6    	 -1820.6    	 0.34547    	 2.50000E-03	  721.38    	  4.6603    	  1.0000    	  3313.3    	  3681.8    	  1.7000    	  5258.4    	 0.53052    	 0.89233    	  1.6820    	  1.8524    	  3.2976    	 0.16509    	  66.038    	  0.0000    	  383.60    	  1.7000    	  213.01    	  134.85    	  247.75    	  142.38    	  0.0000    	  55.599    	  342.81    	  6.2348    
   206.000    	       -    	  1989.0    	  18.800    	  9.0800    	 0.64944    	  1.0006    	  14265.    	  3393.5    	  400.24    	  4661.4    	  0.0000    	  1832.3    	 -1832.3    	 0.34485    	 2.50000E-03	  726.41    	  4.6716    	  1.0000    	  3313.3    	  3713.5    	  1.7700    	  5301.9    	 0.44979    	 0.23715    	 0.52725    	 0.56068    	  1.0428    	 0.15823    	  63.293    	 0.10000    	  383.60    	  1.2000    	  214.69    	  135.74    	  251.05    	  144.24    	  0.0000    	  27.653    	  338.10    	  7.8057    
   207.000    	       -    	  1989.0    	  18.850    	  18.640    	 0.64739    	  1.0178    	  14181.    	  3400.4    	  407.10    	  4676.1    	  0.0000    	  1838.4    	 -1838.4    	 0.34515    	 2.50000E-03	  728.46    	  4.6679    	  1.0000    	  3313.3    	  3720.4    	  1.7500    	  5314.8    	 0.42632    	 0.62647    	  1.4695    	  1.3415    	  2.5281    	 0.15624    	  62.495    	  0.0000    	  383.70    	  2.4000    	  215.22    	  135.98    	  252.09    	  144.80    	  0.0000    	  43.964    	  337.58    	  9.3484    
   208.000    	       -    	  1989.0    	  16.500    	  18.270    	 0.64530    	  1.0647    	  14096.    	  3419.2    	  425.90    	  4691.5    	  0.0000    	  1848.1    	 -1848.1    	 0.34513    	 2.50000E-03	  732.72    	  4.6664    	  1.0000    	  3313.3    	  3739.2    	  1.3100    	  5343.3    	 0.36844    	 0.46295    	  1.2565    	  1.0648    	  2.0741    	 0.15132    	  60.527    	  0.0000    	  383.70    	  1.3000    	  216.69    	  136.60    	  254.62    	  146.14    	  0.0000    	  38.864    	  313.84    	  10.893    
   209.000    	       -    	  1989.0    	  16.800    	  17.840    	 0.64317    	  1.0965    	  14011.    	  3431.9    	  438.60    	  4708.9    	  0.0000    	  1856.9    	 -1856.9    	 0.34539    	 2.50000E-03	  737.04    	  4.6563    	  1.0000    	  3313.3    	  3751.9    	  1.3200    	  5364.8    	 0.32351    	 0.41983    	  1.2978    	  1.0272    	  2.0544    	 0.14750    	  58.999    	  0.0000    	  383.70    	  1.7000    	  217.95    	  137.07    	  256.70    	  147.20    	  0.0000    	  34.425    	  316.99    	  12.328    
   210.000    	       -    	  1989.0    	  18.300    	  18.070    	 0.64101    	  1.1156    	  13926.    	  3439.5    	  446.25    	  4727.7    	  0.0000    	  1864.9    	 -1864.9    	 0.34586    	 2.50000E-03	  741.34    	  4.6397    	  1.0000    	  3313.3    	  3759.5    	  1.4600    	  5380.4    	 0.28095    	 0.38049    	  1.3543    	  1.0231    	  2.0995    	 0.14388    	  57.552    	  0.0000    	  383.70    	  1.6000    	  219.25    	  137.49    	  258.75    	  148.23    	  0.0000    	  30.462    	  332.30    	  13.777    
   211.000    	       -    	  1989.0    	  16.450    	  6.0700    	 0.63882    	  1.1237    	  15455.    	  3442.8    	  449.50    	  4747.7    	  0.0000    	  1872.1    	 -1872.1    	 0.34652    	 2.50000E-03	  745.74    	  4.6166    	  1.0000    	  3313.3    	  3762.8    	  1.5800    	  5390.9    	 0.23967    	 0.10195    	 0.42537    	 0.40035    	 0.84286    	 0.14037    	  56.149    	  4.1000    	  383.70    	  4.1000    	  220.60    	  137.87    	  260.85    	  149.25    	  0.0000    	  10.703    	  349.18    	  15.297    
   212.000    	       -    	  1989.0    	  14.550    	  16.450    	 0.63659    	  1.0914    	  15359.    	  3429.9    	  436.57    	  4768.8    	  0.0000    	  1874.6    	 -1874.6    	 0.34767    	 2.50000E-03	  747.23    	  4.5901    	  1.0000    	  3313.3    	  3749.9    	  1.2500    	  5380.5    	 0.33722    	 0.41339    	  1.2259    	  1.0693    	  2.1214    	 0.14866    	  59.465    	  6.1000    	  387.80    	  3.7000    	  221.03    	  137.97    	  261.69    	  149.65    	  0.0000    	  34.221    	  318.34    	  16.729    
   213.000    	       -    	  1989.0    	  14.200    	  16.100    	 0.63433    	  1.1112    	  15265.    	  3437.8    	  444.48    	  4787.2    	  0.0000    	  1882.5    	 -1882.5    	 0.34811    	 2.50000E-03	  751.19    	  4.5765    	  1.0000    	  3313.3    	  3757.8    	  1.2200    	  5396.3    	 0.46499    	 0.56421    	  1.2134    	  1.1143    	  2.0551    	 0.15952    	  63.810    	  2.7000    	  393.90    	  3.8000    	  222.25    	  138.38    	  263.81    	  150.72    	  0.0000    	  47.200    	  306.58    	  18.059    
   214.000    	       -    	  1989.0    	  12.550    	  12.010    	 0.63205    	  1.1635    	  15172.    	  3458.7    	  465.38    	  4803.3    	  0.0000    	  1892.8    	 -1892.8    	 0.34800    	 2.50000E-03	  755.10    	  4.5804    	  1.0000    	  3313.3    	  3778.7    	  1.1500    	  5427.4    	 0.48687    	 0.43807    	 0.89977    	 0.75067    	  1.3681    	 0.16138    	  64.554    	 0.10000    	  396.60    	  3.0000    	  223.46    	  138.95    	  265.87    	  151.84    	  0.0000    	  42.092    	  280.10    	  19.369    
   215.000    	       -    	  1989.0    	  15.450    	  14.090    	 0.62973    	  1.2053    	  15080.    	  3475.4    	  482.11    	  4819.6    	  0.0000    	  1901.8    	 -1901.8    	 0.34802    	 2.50000E-03	  758.12    	  4.5842    	  1.0000    	  3313.3    	  3795.4    	  1.4900    	  5453.2    	 0.45191    	 0.54225    	  1.1999    	 0.88963    	  1.6527    	 0.15841    	  63.365    	  0.0000    	  396.70    	  2.6000    	  224.36    	  139.38    	  267.24    	  152.59    	  0.0000    	  44.676    	  319.60    	  20.576    
   216.000    	       -    	  1989.0    	  15.000    	  18.750    	 0.62739    	  1.2483    	  14992.    	  3492.6    	  499.32    	  4837.3    	  0.0000    	  1911.6    	 -1911.6    	 0.34809    	 2.50000E-03	  761.75    	  4.5850    	  1.0000    	  3313.3    	  3812.6    	  1.2300    	  5480.2    	 0.40979    	 0.60126    	  1.4672    	  1.0268    	  1.9531    	 0.15483    	  61.933    	  0.0000    	  396.70    	  1.5000    	  225.56    	  139.93    	  268.89    	  153.48    	  0.0000    	  48.883    	  313.72    	  21.956    
   217.000    	       -    	  1989.0    	  14.900    	  23.120    	 0.62502    	  1.2949    	  14903.    	  3511.3    	  517.96    	  4856.6    	  0.0000    	  1922.5    	 -1922.5    	 0.34820    	 2.50000E-03	  766.69    	  4.5798    	  1.0000    	  3313.3    	  3831.3    	  1.2400    	  5509.7    	 0.36191    	 0.64981    	  1.7955    	  1.1964    	  2.3393    	 0.15076    	  60.305    	 0.10000    	  396.70    	 0.90000    	  227.03    	  140.53    	  270.84    	  154.51    	  0.0000    	  47.933    	  312.48    	  23.311    
   218.000    	       -    	  1989.0    	  17.350    	  22.060    	 0.62263    	  1.3343    	  14816.    	  3527.0    	  533.73    	  4877.9    	  0.0000    	  1933.4    	 -1933.4    	 0.34849    	 2.50000E-03	  772.93    	  4.5632    	  1.0000    	  3313.3    	  3847.0    	  1.3800    	  5536.4    	 0.30761    	 0.59481    	  1.9337    	  1.1617    	  2.3458    	 0.14615    	  58.459    	  0.0000    	  396.80    	  1.7000    	  228.83    	  141.18    	  273.18    	  155.70    	  0.0000    	  40.974    	  342.09    	  24.661    
   219.000    	       -    	  1989.0    	  18.500    	  9.2100    	 0.62022    	  1.3547    	  14729.    	  3535.2    	  541.88    	  4901.2    	  0.0000    	  1942.9    	 -1942.9    	 0.34910    	 2.50000E-03	  779.01    	  4.5380    	  1.0000    	  3313.3    	  3855.2    	  1.8300    	  5554.1    	 0.25594    	 0.15317    	 0.59844    	 0.44266    	 0.92251    	 0.14176    	  56.702    	  4.2000    	  396.80    	  1.0000    	  230.76    	  141.77    	  275.53    	  156.86    	  0.0000    	  19.673    	  354.69    	  26.137    
   220.000    	       -    	  1989.0    	  17.600    	  11.800    	 0.61778    	  1.3297    	  14641.    	  3525.2    	  531.88    	  4926.2    	  0.0000    	  1947.6    	 -1947.6    	 0.35028    	 2.50000E-03	  781.57    	  4.5104    	  1.0000    	  3313.3    	  3845.2    	  1.7100    	  5548.8    	 0.35199    	 0.30947    	 0.87919    	 0.64723    	  1.2729    	 0.14992    	  59.968    	 0.50000    	  401.00    	  1.7000    	  231.36    	  141.93    	  276.45    	  157.31    	  0.0000    	  32.870    	  338.86    	  27.667    
   221.000    	       -    	  1989.0    	  18.650    	  17.500    	 0.61532    	  1.3379    	  14552.    	  3528.5    	  535.16    	  4948.2    	  0.0000    	  1955.1    	 -1955.1    	 0.35095    	 2.50000E-03	  784.82    	  4.4959    	  1.0000    	  3313.3    	  3848.5    	  1.6300    	  5559.6    	 0.32878    	 0.47189    	  1.4353    	 0.96928    	  1.9325    	 0.14795    	  59.178    	  1.8000    	  401.50    	  2.0000    	  232.24    	  142.24    	  277.72    	  157.95    	  0.0000    	  39.653    	  348.72    	  29.154    
   222.000    	       -    	  1989.0    	  20.150    	  18.930    	 0.61284    	  1.3571    	  14463.    	  3536.1    	  542.85    	  4971.1    	  0.0000    	  1964.3    	 -1964.3    	 0.35153    	 2.50000E-03	  789.64    	  4.4781    	  1.0000    	  3313.3    	  3856.1    	  1.5400    	  5576.4    	 0.32949    	 0.54072    	  1.6411    	  1.0734    	  2.1392    	 0.14801    	  59.203    	  2.2000    	  403.30    	  2.5000    	  233.67    	  142.71    	  279.66    	  158.92    	  0.0000    	  41.723    	  361.02    	  30.691    
   223.000    	       -    	  1989.0    	  14.950    	  6.0000    	 0.61034    	  1.3796    	  14372.    	  3545.1    	  551.83    	  4994.2    	  0.0000    	  1973.9    	 -1973.9    	 0.35208    	 2.50000E-03	  794.92    	  4.4597    	  1.0000    	  3313.3    	  3865.1    	  1.5500    	  5595.0    	 0.33675    	 0.13898    	 0.41271    	 0.33612    	 0.66699    	 0.14862    	  59.449    	  2.0000    	  405.50    	  3.5000    	  235.31    	  143.25    	  281.79    	  160.00    	  0.0000    	  17.062    	  302.93    	  32.291    
   224.000    	       -    	  1989.0    	  17.100    	  10.570    	 0.60782    	  1.3541    	  14279.    	  3534.9    	  541.66    	  5017.5    	  0.0000    	  1977.8    	 -1977.8    	 0.35318    	 2.50000E-03	  796.61    	  4.4375    	  1.0000    	  3313.3    	  3854.9    	  1.5600    	  5588.8    	 0.37145    	 0.39359    	  1.0596    	 0.63757    	  1.2397    	 0.15157    	  60.629    	  0.0000    	  407.50    	  3.5000    	  235.73    	  143.39    	  282.46    	  160.33    	  0.0000    	  32.342    	  324.37    	  33.643    
   225.000    	       -    	  1989.0    	  16.200    	  20.380    	 0.60529    	  1.3617    	  14188.    	  3538.0    	  544.69    	  5039.5    	  0.0000    	  1985.2    	 -1985.2    	 0.35383    	 2.50000E-03	  799.55    	  4.4250    	  1.0000    	  3313.3    	  3858.0    	  1.4100    	  5599.1    	 0.34113    	 0.63044    	  1.8481    	  1.0955    	  2.1683    	 0.14900    	  59.598    	  0.0000    	  407.50    	  2.0000    	  236.79    	  143.78    	  283.70    	  160.97    	  0.0000    	  44.721    	  313.61    	  35.107    
   226.000    	       -    	  1989.0    	  19.600    	  19.240    	 0.60274    	  1.3906    	  14096.    	  3549.5    	  556.25    	  5062.4    	  0.0000    	  1995.4    	 -1995.4    	 0.35428    	 2.50000E-03	  805.23    	  4.4081    	  1.0000    	  3313.3    	  3869.5    	  1.4700    	  5621.0    	 0.29036    	 0.53007    	  1.8256    	  1.0485    	  2.1393    	 0.14468    	  57.872    	 0.10000    	  407.50    	  2.6000    	  238.63    	  144.41    	  285.87    	  162.07    	  0.0000    	  37.632    	  348.56    	  36.527    
   227.000    	       -    	  1989.0    	  21.600    	  13.950    	 0.60017    	  1.4008    	  14005.    	  3553.6    	  560.32    	  5087.1    	  0.0000    	  2004.2    	 -2004.2    	 0.35504    	 2.50000E-03	  810.68    	  4.3835    	  1.0000    	  3313.3    	  3873.6    	  1.6500    	  5633.9    	 0.24393    	 0.35493    	  1.4550    	 0.80305    	  1.6862    	 0.14073    	  56.294    	 0.10000    	  407.60    	  3.4000    	  240.46    	  144.94    	  288.01    	  163.11    	  0.0000    	  26.458    	  366.19    	  38.104    
   228.000    	       -    	  1989.0    	  21.100    	  14.790    	 0.59759    	  1.3857    	  13913.    	  3547.6    	  554.30    	  5113.3    	  0.0000    	  2010.6    	 -2010.6    	 0.35614    	 2.50000E-03	  814.64    	  4.3548    	  1.0000    	  3313.3    	  3867.6    	  1.6800    	  5634.2    	 0.20988    	 0.23588    	  1.1239    	 0.67090    	  1.4394    	 0.13784    	  55.136    	 0.20000    	  407.70    	  1.4000    	  241.92    	  145.30    	  289.69    	  163.92    	  0.0000    	  23.475    	  361.09    	  39.762    
   229.000    	       -    	  1989.0    	  17.250    	  17.670    	 0.59499    	  1.3633    	  15316.    	  3538.6    	  545.31    	  5140.0    	  0.0000    	  2016.3    	 -2016.3    	 0.35736    	 2.50000E-03	  818.82    	  4.3216    	  1.0000    	  3313.3    	  3858.6    	  1.5000    	  5630.9    	 0.18321    	 0.30314    	  1.6547    	 0.88687    	  1.9358    	 0.13557    	  54.229    	  0.0000    	  407.90    	  2.4000    	  243.04    	  145.53    	  291.13    	  164.59    	  0.0000    	  22.481    	  358.18    	  41.400    
   230.000    	       -    	  1989.0    	  16.500    	  19.910    	 0.59238    	  1.3381    	  15208.    	  3528.5    	  535.25    	  5167.1    	  0.0000    	  2021.8    	 -2021.8    	 0.35863    	 2.50000E-03	  823.75    	  4.2835    	  1.0000    	  3313.3    	  3848.5    	  1.2900    	  5626.3    	 0.14821    	 0.25529    	  1.7225    	 0.93171    	  2.0811    	 0.13260    	  53.039    	  0.0000    	  407.90    	  1.9000    	  244.69    	  145.83    	  293.07    	  165.47    	  0.0000    	  19.024    	  348.32    	  42.872    
   231.000    	       -    	  1989.0    	  17.650    	  20.370    	 0.58975    	  1.3053    	  15101.    	  3515.4    	  522.13    	  5194.5    	  0.0000    	  2026.5    	 -2026.5    	 0.36001    	 2.50000E-03	  829.25    	  4.2393    	  1.0000    	  3313.3    	  3835.4    	  1.2300    	  5617.9    	 0.11329    	 0.18756    	  1.6555    	 0.91308    	  2.0880    	 0.12963    	  51.852    	  0.0000    	  407.90    	  1.6000    	  246.42    	  146.09    	  295.15    	  166.41    	  0.0000    	  14.445    	  360.99    	  44.306    
   232.000    	       -    	  1989.0    	  20.100    	  20.750    	 0.58712    	  1.2633    	  14994.    	  3498.6    	  505.32    	  5222.1    	  0.0000    	  2030.1    	 -2030.1    	 0.36150    	 2.50000E-03	  834.78    	  4.1911    	  1.0000    	  3313.3    	  3818.6    	  1.5300    	  5604.7    	 8.09218E-02	 0.13707    	  1.6939    	 0.95726    	  2.2384    	 0.12688    	  50.751    	  0.0000    	  407.90    	  1.3000    	  248.07    	  146.28    	  297.24    	  167.32    	  0.0000    	  10.171    	  386.03    	  45.796    
   233.000    	       -    	  1989.0    	  19.850    	  18.420    	 0.58447    	  1.2135    	  14888.    	  3478.7    	  485.40    	  5249.6    	  0.0000    	  2032.7    	 -2032.7    	 0.36309    	 2.50000E-03	  840.29    	  4.1399    	  1.0000    	  3313.3    	  3798.7    	  1.7700    	  5587.4    	 4.87356E-02	 7.81122E-02	  1.6028    	 0.92232    	  2.2063    	 0.12414    	  49.657    	  0.0000    	  407.90    	  1.9000    	  249.77    	  146.41    	  299.48    	  168.28    	  0.0000    	  5.6545    	  382.43    	  47.394    
   234.000    	       -    	  1989.0    	  17.850    	  17.850    	 0.58181    	  1.1561    	  14781.    	  3455.7    	  462.44    	  5276.7    	  0.0000    	  2034.2    	 -2034.2    	 0.36475    	 2.50000E-03	  845.06    	  4.0894    	  1.0000    	  3313.3    	  3775.7    	  1.5100    	  5565.9    	 1.93111E-02	 2.87669E-02	  1.4897    	 0.89148    	  2.1782    	 0.12164    	  48.657    	  0.0000    	  407.90    	  2.4000    	  251.37    	  146.49    	  301.68    	  169.20    	  0.0000    	  2.1331    	  359.99    	  48.982    
   235.000    	       -    	  1989.0    	  15.800    	  17.690    	 0.57915    	  1.0938    	  14672.    	  3430.8    	  437.51    	  5303.2    	  0.0000    	  2034.8    	 -2034.8    	 0.36646    	 2.50000E-03	  849.52    	  4.0385    	  1.0000    	  3313.3    	  3750.8    	  1.3100    	  5541.5    	  0.0000    	  0.0000    	  1.2893    	 0.81886    	  2.0411    	 0.11934    	  47.736    	  0.0000    	  407.90    	  1.7000    	  252.86    	  146.52    	  303.86    	  170.09    	  0.0000    	  0.0000    	  334.07    	  50.482    
   236.000    	       -    	  1989.0    	  15.950    	  15.650    	 0.57647    	  1.0301    	  14564.    	  3405.3    	  412.03    	  5328.7    	  0.0000    	  2034.8    	 -2034.8    	 0.36815    	 2.50000E-03	  853.78    	  3.9885    	  1.0000    	  3313.3    	  3725.3    	  1.3900    	  5516.1    	  0.0000    	  0.0000    	  1.1764    	 0.78538    	  1.9933    	 0.11729    	  46.917    	  0.0000    	  407.90    	  2.6000    	  254.15    	  146.52    	  305.90    	  170.91    	  0.0000    	  0.0000    	  333.46    	  51.880    
   237.000    	       -    	  1989.0    	  12.400    	  8.7600    	 0.57378    	 0.97008    	  14457.    	  3381.3    	  388.03    	  5352.7    	  0.0000    	  2034.8    	 -2034.8    	 0.36976    	 2.50000E-03	  857.38    	  3.9438    	  1.0000    	  3313.3    	  3701.3    	  1.3600    	  5492.1    	  0.0000    	  0.0000    	 0.47144    	 0.41854    	  1.0812    	 0.11533    	  46.132    	  1.1000    	  407.90    	  2.0000    	  255.32    	  146.52    	  307.90    	  171.69    	  0.0000    	  0.0000    	  281.83    	  53.287    
   238.000    	       -    	  1989.0    	  11.850    	  11.890    	 0.57108    	 0.91359    	  14351.    	  3358.7    	  365.44    	  5375.3    	  0.0000    	  2034.8    	 -2034.8    	 0.37129    	 2.50000E-03	  859.32    	  3.9086    	  1.0000    	  3313.3    	  3678.7    	  1.1100    	  5469.5    	  0.0000    	  0.0000    	 0.56420    	 0.52902    	  1.3531    	 0.11643    	  46.571    	  2.9000    	  409.00    	  1.5000    	  255.80    	  146.52    	  308.98    	  172.11    	  0.0000    	  0.0000    	  270.97    	  54.484    
   239.000    	       -    	  1989.0    	  13.600    	  6.6200    	 0.56838    	 0.86039    	  14249.    	  3337.4    	  344.15    	  5396.6    	  0.0000    	  2034.8    	 -2034.8    	 0.37274    	 2.50000E-03	  861.83    	  3.8725    	  1.0000    	  3313.3    	  3657.4    	  1.3200    	  5448.2    	 2.09885E-02	 6.65904E-03	 0.31727    	 0.36813    	 0.89840    	 0.12178    	  48.714    	  19.900    	  411.90    	  3.1000    	  256.36    	  146.52    	  310.33    	  172.64    	  0.0000    	 0.84040    	  294.75    	  55.643    
   240.000    	       -    	  1989.0    	  14.050    	  14.870    	 0.56567    	 0.81268    	  14151.    	  3318.4    	  325.07    	  5416.3    	  0.0000    	  2035.0    	 -2035.0    	 0.37407    	 2.50000E-03	  863.16    	  3.8444    	  1.0000    	  3313.3    	  3638.4    	  1.1500    	  5429.3    	 0.58893    	 0.48414    	 0.82207    	  1.2126    	  2.0937    	 0.17006    	  68.024    	  2.1000    	  431.80    	  3.1000    	  256.68    	  146.53    	  311.23    	  173.01    	  0.0000    	  0.0000    	  0.0000    	  56.917    
   241.000    	       -    	  1989.0    	  14.350    	  13.300    	 0.56295    	 0.80000    	  14055.    	  3318.4    	  320.00    	  5416.3    	  0.0000    	  2035.0    	 -2035.0    	 0.37407    	 2.50000E-03	  866.03    	  3.8317    	  1.0000    	  3318.4    	  3638.4    	  1.1800    	  5429.3    	 0.59482    	 0.42766    	 0.71897    	 0.98145    	  1.6895    	 0.17056    	  68.224    	  0.0000    	  433.90    	  1.9000    	  257.50    	  147.01    	  313.32    	  174.22    	  0.0000    	  41.904    	  279.62    	  0.0000    
   242.000    	       -    	  1989.0    	  16.750    	  4.8100    	 0.56023    	 0.85947    	  13960.    	  3342.2    	  343.79    	  5425.8    	  0.0000    	  2043.5    	 -2043.5    	 0.37343    	 2.50000E-03	  868.56    	  3.8479    	  1.0000    	  3318.4    	  3662.2    	  1.6600    	  5461.7    	 0.55337    	 0.10259    	 0.18540    	 0.35790    	 0.62950    	 0.16704    	  66.815    	 0.50000    	  433.90    	  2.4000    	  258.22    	  147.44    	  315.01    	  175.20    	  0.0000    	  16.086    	  306.33    	  1.3185    
   243.000    	       -    	  1989.0    	  17.750    	  6.7000    	 0.55749    	 0.86395    	  14483.    	  3343.9    	  345.58    	  5436.8    	  0.0000    	  2046.9    	 -2046.9    	 0.37369    	 2.50000E-03	  869.53    	  3.8457    	  1.0000    	  3318.4    	  3663.9    	  1.6000    	  5466.8    	 0.54822    	 0.14162    	 0.25833    	 0.45196    	 0.79710    	 0.16660    	  66.639    	  5.8000    	  434.40    	  1.9000    	  258.40    	  147.54    	  315.64    	  175.56    	  0.0000    	  22.287    	  328.59    	  2.7654    
   244.000    	       -    	  1989.0    	  13.300    	  15.680    	 0.55476    	 0.88030    	  14385.    	  3350.5    	  352.12    	  5447.9    	  0.0000    	  2051.6    	 -2051.6    	 0.37378    	 2.50000E-03	  870.89    	  3.8472    	  1.0000    	  3318.4    	  3670.5    	  1.2300    	  5478.1    	 0.69499    	 0.57927    	 0.83349    	  1.1849    	  1.9400    	 0.17907    	  71.630    	 0.20000    	  440.20    	  1.5000    	  258.66    	  147.68    	  316.44    	  176.01    	  0.0000    	  58.564    	  269.17    	  4.2604    
   245.000    	       -    	  1989.0    	  11.900    	  6.4900    	 0.55202    	 0.97623    	  14286.    	  3388.9    	  390.49    	  5456.6    	  0.0000    	  2063.0    	 -2063.0    	 0.37248    	 2.50000E-03	  874.11    	  3.8769    	  1.0000    	  3318.4    	  3708.9    	  1.1700    	  5527.8    	 0.64310    	 0.14374    	 0.22351    	 0.38411    	 0.64523    	 0.17466    	  69.866    	  6.2000    	  440.40    	  1.2000    	  259.50    	  148.26    	  318.38    	  177.20    	  0.0000    	  27.754    	  249.24    	  5.5158    
   246.000    	       -    	  1989.0    	  10.500    	  15.880    	 0.54927    	  1.0049    	  14189.    	  3400.3    	  401.97    	  5467.4    	  0.0000    	  2068.5    	 -2068.5    	 0.37233    	 2.50000E-03	  875.54    	  3.8837    	  1.0000    	  3318.4    	  3720.3    	 0.99000    	  5544.9    	 0.80275    	 0.77689    	 0.96777    	  1.0970    	  1.7063    	 0.18823    	  75.294    	  0.0000    	  446.60    	  1.4000    	  259.72    	  148.41    	  319.02    	  177.58    	  0.0000    	  75.214    	  221.11    	  6.6790    
   247.000    	       -    	  1989.0    	  10.050    	  13.630    	 0.54652    	  1.1385    	  14095.    	  3453.8    	  455.42    	  5475.3    	  0.0000    	  2082.4    	 -2082.4    	 0.37034    	 2.50000E-03	  879.14    	  3.9286    	  1.0000    	  3318.4    	  3773.8    	 0.96000    	  5612.2    	 0.74764    	 0.63822    	 0.85364    	 0.80850    	  1.2905    	 0.18355    	  73.420    	  0.0000    	  446.60    	  1.0000    	  260.69    	  149.18    	  320.73    	  178.68    	  0.0000    	  69.524    	  213.52    	  7.7382    
   248.000    	       -    	  1989.0    	  12.550    	  8.9000    	 0.54376    	  1.2539    	  14004.    	  3499.9    	  501.56    	  5485.5    	  0.0000    	  2095.6    	 -2095.6    	 0.36879    	 2.50000E-03	  882.51    	  3.9659    	  1.0000    	  3318.4    	  3819.9    	  1.1600    	  5671.5    	 0.70509    	 0.41215    	 0.58453    	 0.48301    	 0.78692    	 0.17993    	  71.973    	  0.0000    	  446.60    	  1.1000    	  261.54    	  149.82    	  322.02    	  179.49    	  0.0000    	  49.770    	  251.67    	  8.7611    
   249.000    	       -    	  1989.0    	  14.350    	  15.240    	 0.54100    	  1.3236    	  13916.    	  3527.8    	  529.42    	  5497.7    	  0.0000    	  2105.2    	 -2105.2    	 0.36806    	 2.50000E-03	  884.87    	  3.9868    	  1.0000    	  3318.4    	  3847.8    	  1.2300    	  5709.0    	 0.67876    	 0.77374    	  1.1399    	 0.89015    	  1.4690    	 0.17769    	  71.078    	 0.10000    	  446.60    	  1.3000    	  262.12    	  150.23    	  322.81    	  179.97    	  0.0000    	  75.084    	  274.02    	  9.9683    
   250.000    	       -    	  1989.0    	  16.050    	  14.620    	 0.53823    	  1.4403    	  15074.    	  3574.5    	  576.14    	  5511.3    	  0.0000    	  2120.0    	 -2120.0    	 0.36669    	 2.50000E-03	  889.04    	  4.0206    	  1.0000    	  3318.4    	  3894.5    	  1.2600    	  5770.5    	 0.62982    	 0.71938    	  1.1422    	 0.75174    	  1.2712    	 0.17354    	  69.414    	  0.0000    	  446.70    	  1.1000    	  263.26    	  151.01    	  324.28    	  180.86    	  0.0000    	  71.672    	  319.64    	  11.287    
   251.000    	       -    	  1989.0    	  16.600    	  16.400    	 0.53547    	  1.5430    	  14980.    	  3615.6    	  617.19    	  5527.5    	  0.0000    	  2134.4    	 -2134.4    	 0.36568    	 2.50000E-03	  893.27    	  4.0475    	  1.0000    	  3318.4    	  3935.6    	  1.2800    	  5826.0    	 0.58656    	 0.87894    	  1.4985    	 0.86273    	  1.4915    	 0.16986    	  67.943    	  0.0000    	  446.70    	  1.8000    	  264.41    	  151.73    	  325.55    	  181.61    	  0.0000    	  74.668    	  325.68    	  12.698    
   252.000    	       -    	  1989.0    	  16.350    	  13.920    	 0.53270    	  1.6447    	  14885.    	  3656.2    	  657.87    	  5546.2    	  0.0000    	  2149.8    	 -2149.8    	 0.36480    	 2.50000E-03	  898.22    	  4.0705    	  1.0000    	  3318.4    	  3976.2    	  1.5100    	  5882.0    	 0.53533    	 0.80096    	  1.4962    	 0.75221    	  1.3357    	 0.16550    	  66.201    	  0.0000    	  446.70    	  2.8000    	  265.91    	  152.61    	  327.04    	  182.48    	  0.0000    	  63.972    	  322.82    	  14.138    
   253.000    	       -    	  1989.0    	  17.100    	  11.260    	 0.52992    	  1.7172    	  14789.    	  3685.2    	  686.87    	  5567.7    	  0.0000    	  2163.2    	 -2163.2    	 0.36446    	 2.50000E-03	  902.59    	  4.0830    	  1.0000    	  3318.4    	  4005.2    	  1.5500    	  5924.5    	 0.48965    	 0.62468    	  1.2758    	 0.58647    	  1.0672    	 0.16162    	  64.648    	  0.0000    	  446.70    	  3.1000    	  267.40    	  153.41    	  328.37    	  183.23    	  0.0000    	  51.689    	  330.99    	  15.565    
   254.000    	       -    	  1989.0    	  17.900    	  13.080    	 0.52715    	  1.7587    	  14692.    	  3701.8    	  703.48    	  5591.6    	  0.0000    	  2174.3    	 -2174.3    	 0.36463    	 2.50000E-03	  906.21    	  4.0850    	  1.0000    	  3318.4    	  4021.8    	  1.4400    	  5952.2    	 0.45403    	 0.73343    	  1.6154    	 0.69804    	  1.2953    	 0.15859    	  63.437    	  0.0000    	  446.70    	  3.7000    	  268.68    	  154.03    	  329.44    	  183.82    	  0.0000    	  54.075    	  338.85    	  17.029    
   255.000    	       -    	  1989.0    	  17.850    	  13.080    	 0.52437    	  1.7999    	  14594.    	  3718.3    	  719.98    	  5617.4    	  0.0000    	  2186.2    	 -2186.2    	 0.36488    	 2.50000E-03	  910.47    	  4.0840    	  1.0000    	  3318.4    	  4038.3    	  1.5300    	  5980.5    	 0.41192    	 0.48718    	  1.1827    	 0.58444    	  1.1103    	 0.15501    	  62.005    	  9.5000    	  446.70    	  2.2000    	  270.29    	  154.77    	  330.74    	  184.51    	  0.0000    	  49.701    	  337.84    	  18.531    
   256.000    	       -    	  1989.0    	  16.400    	  4.1500    	 0.52159    	  1.8270    	  14494.    	  3729.2    	  730.80    	  5645.2    	  0.0000    	  2197.2    	 -2197.2    	 0.36539    	 2.50000E-03	  914.79    	  4.0765    	  1.0000    	  3318.4    	  4049.2    	  1.6100    	  6002.4    	 0.64658    	 0.11643    	 0.18007    	 0.18961    	 0.31795    	 0.17496    	  69.984    	  23.800    	  456.20    	  2.3000    	  271.48    	  155.25    	  331.85    	  185.10    	  0.0000    	  26.801    	  310.60    	  20.030    
   257.000    	       -    	  1989.0    	  13.250    	  12.540    	 0.51881    	  1.8308    	  14392.    	  3730.7    	  732.30    	  5665.2    	  0.0000    	  2202.6    	 -2202.6    	 0.36587    	 2.50000E-03	  916.17    	  4.0720    	  1.0000    	  3318.4    	  4050.7    	  1.1600    	  6009.2    	  1.0000    	  1.1356    	  1.1356    	 0.82726    	  1.0361    	 0.23255    	  93.021    	  8.5000    	  480.00    	  3.0000    	  271.66    	  155.37    	  332.17    	  185.29    	  0.0000    	  118.28    	  259.02    	  21.460    
   258.000    	       -    	  1989.0    	  13.800    	  7.2800    	 0.51602    	  2.0594    	  14290.    	  3822.1    	  823.78    	  5672.4    	  0.0000    	  2222.1    	 -2222.1    	 0.36242    	 2.50000E-03	  920.35    	  4.1529    	  1.0000    	  3318.4    	  4142.1    	  1.4900    	  6120.2    	  1.0000    	 0.61701    	 0.61701    	 0.46957    	 0.55130    	 0.24775    	  99.100    	  8.5000    	  488.50    	  3.0000    	  272.79    	  156.50    	  333.20    	  186.11    	  0.0000    	  77.462    	  264.12    	  22.712    
   259.000    	       -    	  1989.0    	  18.500    	  9.6700    	 0.51324    	  2.2007    	  14190.    	  3878.6    	  880.26    	  5680.6    	  0.0000    	  2234.9    	 -2234.9    	 0.36043    	 2.50000E-03	  922.93    	  4.2025    	  1.0000    	  3318.4    	  4198.6    	  1.6100    	  6189.5    	  1.0000    	  1.1197    	  1.1197    	 0.71609    	 0.78495    	 0.26500    	  106.00    	  7.7000    	  497.00    	  3.8000    	  273.41    	  157.12    	  333.75    	  186.58    	  0.0000    	  106.32    	  311.88    	  23.998    
   260.000    	       -    	  1989.0    	  19.300    	  13.500    	 0.51045    	  2.4007    	  14092.    	  3958.6    	  960.28    	  5689.4    	  0.0000    	  2252.4    	 -2252.4    	 0.35763    	 2.50000E-03	  926.48    	  4.2728    	  1.0000    	  3318.4    	  4278.6    	  1.7300    	  6287.1    	  1.0000    	  1.7765    	  1.7765    	 0.84361    	 0.87978    	 0.27828    	  111.31    	  0.0000    	  504.70    	  2.2000    	  274.53    	  158.24    	  334.54    	  187.30    	  0.0000    	  142.46    	  316.83    	  25.527    
   261.000    	       -    	  1989.0    	  19.700    	  14.420    	 0.50766    	  2.6742    	  13991.    	  4068.0    	  1069.7    	  5699.0    	  0.0000    	  2275.9    	 -2275.9    	 0.35388    	 2.50000E-03	  931.63    	  4.3666    	  1.0000    	  3318.4    	  4388.0    	  1.6800    	  6420.0    	  1.0000    	  2.0080    	  2.0080    	 0.76978    	 0.82250    	 0.27173    	  108.69    	  0.0000    	  504.70    	  2.3000    	  276.30    	  160.02    	  335.42    	  188.14    	  0.0000    	  155.77    	  318.00    	  27.092    
   262.000    	       -    	  1989.0    	  14.950    	  4.4400    	 0.50488    	  2.9728    	  14732.    	  4187.5    	  1189.1    	  5709.6    	  0.0000    	  2301.6    	 -2301.6    	 0.34998    	 2.50000E-03	  937.39    	  4.4672    	  1.0000    	  3318.4    	  4507.5    	  1.6600    	  6565.1    	  1.0000    	 0.27108    	 0.27108    	 0.19492    	 0.21384    	 0.26479    	  105.92    	  11.700    	  504.70    	  2.0000    	  278.31    	  162.03    	  336.24    	  188.91    	  0.0000    	  55.410    	  286.36    	  28.673    
   263.000    	       -    	  1989.0    	  15.450    	  15.250    	 0.50209    	  3.0588    	  14621.    	  4221.9    	  1223.5    	  5721.4    	  0.0000    	  2310.8    	 -2310.8    	 0.34905    	 2.50000E-03	  939.24    	  4.4950    	  1.0000    	  3318.4    	  4541.9    	  1.7300    	  6608.7    	  1.0000    	  2.2279    	  2.2279    	 0.73027    	 0.73027    	 0.29000    	  116.00    	 0.20000    	  516.40    	  2.1000    	  278.58    	  162.30    	  336.45    	  189.11    	  0.0000    	  169.71    	  289.93    	  30.026    
   264.000    	       -    	  1989.0    	  16.450    	  14.270    	 0.49930    	  3.3827    	  14511.    	  4351.4    	  1353.1    	  5733.6    	  0.0000    	  2338.8    	 -2338.8    	 0.34506    	 2.50000E-03	  945.65    	  4.6015    	  1.0000    	  3318.4    	  4671.4    	  1.6700    	  6766.2    	  1.0000    	  2.1924    	  2.1924    	 0.55079    	 0.56546    	 0.28260    	  113.04    	  0.0000    	  516.60    	  1.8000    	  280.81    	  164.53    	  337.18    	  189.84    	  0.0000    	  168.20    	  298.60    	  31.406    
   265.000    	       -    	  1989.0    	  20.200    	  11.800    	 0.49651    	  3.7001    	  14402.    	  4478.4    	  1480.0    	  5747.1    	  0.0000    	  2366.5    	 -2366.5    	 0.34136    	 2.50000E-03	  951.84    	  4.7050    	  1.0000    	  3318.4    	  4798.4    	  1.7900    	  6920.9    	  1.0000    	  1.8408    	  1.8408    	 0.37667    	 0.39650    	 0.27575    	  110.30    	  0.0000    	  516.60    	  2.2000    	  283.00    	  166.72    	  337.75    	  190.39    	  0.0000    	  151.43    	  331.63    	  32.837    
   266.000    	       -    	  1989.0    	  15.200    	  6.2000    	 0.49373    	  3.9794    	  14293.    	  4590.1    	  1591.8    	  5761.8    	  0.0000    	  2391.5    	 -2391.5    	 0.33829    	 2.50000E-03	  957.10    	  4.7959    	  1.0000    	  3318.4    	  4910.1    	  1.3600    	  7057.6    	  1.0000    	 0.29397    	 0.29397    	 0.13716    	 0.14740    	 0.27020    	  108.08    	  1.7000    	  516.60    	  1.9000    	  284.84    	  168.56    	  338.15    	  190.77    	  0.0000    	  84.458    	  280.64    	  34.440    
   267.000    	       -    	  1989.0    	  15.000    	  11.180    	 0.49094    	  4.1161    	  14181.    	  4644.8    	  1646.5    	  5777.6    	  0.0000    	  2405.4    	 -2405.4    	 0.33698    	 2.50000E-03	  959.92    	  4.8388    	  1.0000    	  3318.4    	  4964.8    	  1.2900    	  7126.3    	  1.0000    	 0.87539    	 0.87539    	 0.22433    	 0.24045    	 0.27089    	  108.36    	  3.9000    	  518.30    	 0.80000    	  285.14    	  168.85    	  338.29    	  190.90    	  0.0000    	  149.47    	  276.20    	  35.806    
   268.000    	       -    	  1989.0    	  13.600    	  6.8000    	 0.48815    	  4.3836    	  14071.    	  4751.8    	  1753.5    	  5795.4    	  0.0000    	  2430.1    	 -2430.1    	 0.33427    	 2.50000E-03	  965.03    	  4.9240    	  1.0000    	  3318.4    	  5071.8    	  1.4100    	  7257.9    	  1.0000    	 0.81301    	 0.81301    	 0.13296    	 0.14019    	 0.27532    	  110.13    	 0.30000    	  522.20    	  1.0000    	  286.01    	  169.73    	  338.53    	  191.13    	  0.0000    	  94.649    	  257.61    	  37.161    
   269.000    	       -    	  1989.0    	  11.450    	  7.0300    	 0.48537    	  4.5251    	  13962.    	  4808.4    	  1810.1    	  5817.9    	  0.0000    	  2445.7    	 -2445.7    	 0.33311    	 2.50000E-03	  968.19    	  4.9664    	  1.0000    	  3318.4    	  5128.4    	  1.3200    	  7330.1    	  1.0000    	 0.93722    	 0.93722    	 0.13516    	 0.14376    	 0.27295    	  109.18    	 0.30000    	  522.50    	  1.1000    	  286.83    	  170.54    	  338.67    	  191.26    	  0.0000    	  98.469    	  226.96    	  38.435    
   270.000    	       -    	  1989.0    	  10.900    	  14.800    	 0.48258    	  4.6681    	  13942.    	  4865.6    	  1867.2    	  5842.9    	  0.0000    	  2462.0    	 -2462.0    	 0.33200    	 2.50000E-03	  971.47    	  5.0085    	  1.0000    	  3318.4    	  5185.6    	 0.93000    	  7403.6    	  1.0000    	  1.8663    	  1.8663    	 0.21781    	 0.23401    	 0.27027    	  108.11    	  0.0000    	  522.80    	 0.90000    	  287.76    	  171.48    	  338.82    	  191.40    	  0.0000    	  186.16    	  218.45    	  39.566    
   271.000    	       -    	  1989.0    	  11.050    	  6.6500    	 0.47980    	  4.9871    	  13866.    	  4993.2    	  1994.8    	  5870.7    	  0.0000    	  2492.7    	 -2492.7    	 0.32911    	 2.50000E-03	  978.42    	  5.1033    	  1.0000    	  3318.4    	  5313.2    	  1.1400    	  7561.9    	  1.0000    	 0.33104    	 0.33104    	 9.02703E-02	 9.89274E-02	 0.26506    	  106.02    	  5.1000    	  522.80    	  2.0000    	  289.63    	  173.34    	  339.05    	  191.61    	  0.0000    	  94.745    	  219.51    	  40.657    
   272.000    	       -    	  1989.0    	  11.450    	  4.5300    	 0.47702    	  5.0989    	  13765.    	  5037.9    	  2039.5    	  5905.2    	  0.0000    	  2508.3    	 -2508.3    	 0.32855    	 2.50000E-03	  981.58    	  5.1324    	  1.0000    	  3318.4    	  5357.9    	  1.1900    	  7622.2    	  1.0000    	  0.0000    	  0.0000    	 5.83739E-02	 6.19290E-02	 0.27364    	  109.46    	  1.8000    	  527.90    	  2.0000    	  289.96    	  173.68    	  339.15    	  191.70    	  0.0000    	  64.762    	  223.76    	  41.758    
   273.000    	       -    	  1989.0    	  13.700    	  4.6600    	 0.47424    	  5.1419    	  13668.    	  5055.1    	  2056.8    	  5942.0    	  0.0000    	  2519.0    	 -2519.0    	 0.32875    	 2.50000E-03	  983.74    	  5.1387    	  1.0000    	  3318.4    	  5375.1    	  1.3800    	  7650.1    	  1.0000    	 0.68080    	 0.68080    	 6.18515E-02	 6.53345E-02	 0.27481    	  109.92    	  0.0000    	  529.70    	  2.0000    	  289.96    	  173.68    	  339.21    	  191.76    	  0.0000    	  66.704    	  251.43    	  42.889    
   274.000    	       -    	  1989.0    	  13.700    	  5.7800    	 0.47146    	  5.1865    	  13573.    	  5073.0    	  2074.6    	  5979.9    	  0.0000    	  2530.0    	 -2530.0    	 0.32895    	 2.50000E-03	  985.96    	  5.1452    	  1.0000    	  3318.4    	  5393.0    	  1.2500    	  7679.0    	  1.0000    	 0.77056    	 0.77056    	 6.87761E-02	 7.31524E-02	 0.27295    	  109.18    	  0.0000    	  529.70    	  1.9000    	  290.64    	  174.36    	  339.28    	  191.82    	  0.0000    	  82.841    	  249.68    	  44.169    
   275.000    	       -    	  1989.0    	  11.950    	  5.3800    	 0.46869    	  5.2624    	  13479.    	  5103.3    	  2105.0    	  6018.7    	  0.0000    	  2543.7    	 -2543.7    	 0.32885    	 2.50000E-03	  988.72    	  5.1615    	  1.0000    	  3318.4    	  5423.3    	  1.2100    	  7723.0    	  1.0000    	 0.82234    	 0.82234    	 6.82354E-02	 7.31502E-02	 0.27085    	  108.34    	  0.0000    	  529.70    	  2.5000    	  291.41    	  175.13    	  339.35    	  191.89    	  0.0000    	  77.267    	  225.98    	  45.450    
   276.000    	       -    	  1989.0    	  9.3500    	  10.860    	 0.46591    	  5.3222    	  13385.    	  5127.3    	  2128.9    	  6059.3    	  0.0000    	  2556.4    	 -2556.4    	 0.32893    	 2.50000E-03	  991.30    	  5.1723    	  1.0000    	  3318.4    	  5447.3    	  1.0800    	  7759.7    	  1.0000    	  1.5945    	  1.5945    	 0.12665    	 0.13691    	 0.26863    	  107.45    	  0.0000    	  529.70    	  1.2000    	  292.24    	  175.95    	  339.42    	  191.96    	  0.0000    	  153.22    	  185.24    	  46.616    
   277.000    	       -    	  1989.0    	  8.1500    	  12.760    	 0.46315    	  5.5371    	  13294.    	  5213.2    	  2214.8    	  6101.3    	  0.0000    	  2581.7    	 -2581.7    	 0.32750    	 2.50000E-03	  996.51    	  5.2315    	  1.0000    	  3318.4    	  5533.2    	 0.81000    	  7870.9    	  1.0000    	  1.2546    	  1.2546    	 0.11976    	 0.13162    	 0.26432    	  105.73    	 0.90000    	  529.70    	  1.7000    	  293.83    	  177.54    	  339.56    	  192.09    	  0.0000    	  162.19    	  162.19    	  47.579    
   278.000    	       -    	  1989.0    	  12.450    	  12.620    	 0.46038    	  5.7577    	  13206.    	  5301.5    	  2303.1    	  6148.4    	  10.932    	  2608.5    	 -2608.5    	 0.32569    	 2.50000E-03	  1002.7    	  5.2874    	  1.0000    	  3318.4    	  5621.5    	  1.0900    	  7996.9    	  1.0000    	  2.0066    	  2.0066    	 0.12284    	 0.13682    	 0.26089    	  104.35    	  0.0000    	  530.60    	  2.4000    	  295.08    	  178.80    	  339.69    	  192.21    	  0.0000    	  183.52    	  227.86    	  48.428    
   279.000    	       -    	  1989.0    	  12.350    	  7.0600    	 0.45762    	  6.0089    	  13122.    	  5401.9    	  2403.6    	  6201.2    	  0.0000    	  2638.8    	 -2638.8    	 0.32461    	 2.50000E-03	  1008.8    	  5.3550    	  1.0000    	  3318.4    	  5721.9    	  1.2500    	  8116.7    	  1.0000    	 0.49759    	 0.49759    	 6.47550E-02	 7.36548E-02	 0.25556    	  102.23    	  8.4000    	  530.60    	  3.5000    	  297.09    	  180.80    	  339.83    	  192.33    	  0.0000    	  103.02    	  225.14    	  49.629    
   280.000    	       -    	  1989.0    	  10.200    	  8.8000    	 0.45486    	  6.0752    	  13038.    	  5428.4    	  2430.1    	  6260.7    	  0.0000    	  2655.8    	 -2655.8    	 0.32496    	 2.50000E-03	  1012.2    	  5.3630    	  1.0000    	  3318.4    	  5748.4    	  1.0700    	  8160.2    	  1.0000    	 0.65773    	 0.65773    	 7.58290E-02	 8.11229E-02	 0.27140    	  108.56    	  7.6000    	  539.00    	  2.9000    	  297.59    	  181.30    	  339.90    	  192.40    	  0.0000    	  0.0000    	  0.0000    	  50.823    
   281.000    	       -    	  1989.0    	  10.450    	  9.4200    	 0.45210    	 0.80000    	  12955.    	  5428.4    	  320.00    	  6260.7    	  0.0000    	  2655.8    	 -2655.8    	 0.32496    	 2.50000E-03	  1016.5    	  5.3404    	  1.0000    	  5428.4    	  5748.4    	  1.0800    	  8160.2    	  1.0000    	 0.39015    	 0.39015    	  1.1225    	  1.1434    	 0.28477    	  113.91    	  1.4000    	  546.60    	  1.9000    	  298.25    	  181.96    	  339.98    	  192.47    	  0.0000    	  53.866    	  196.47    	  0.0000    
   282.000    	       -    	  1989.0    	  10.900    	  5.5100    	 0.44935    	 0.90448    	  13334.    	  5470.2    	  361.79    	  6263.9    	  0.0000    	  2664.6    	 -2664.6    	 0.32404    	 2.50000E-03	  1018.3    	  5.3720    	  1.0000    	  5428.4    	  5790.2    	  1.1300    	  8210.9    	  1.0000    	 0.17567    	 0.17567    	 0.57501    	 0.58740    	 0.28399    	  113.60    	  3.2000    	  548.00    	  1.6000    	  298.64    	  182.35    	  341.13    	  193.59    	  0.0000    	  34.615    	  208.93    	  1.0553    
   283.000    	       -    	  1989.0    	  10.100    	  7.2000    	 0.44661    	 0.96774    	  13706.    	  5495.5    	  387.10    	  6267.5    	  0.0000    	  2670.3    	 -2670.3    	 0.32351    	 2.50000E-03	  1019.4    	  5.3908    	  1.0000    	  5428.4    	  5815.5    	 0.99000    	  8241.9    	  1.0000    	 0.40964    	 0.40964    	 0.75929    	 0.76050    	 0.28955    	  115.82    	  0.0000    	  551.20    	  2.1000    	  298.81    	  182.53    	  341.72    	  194.17    	  0.0000    	  47.570    	  202.30    	  2.1456    
   284.000    	       -    	  1989.0    	  10.800    	  9.6300    	 0.44387    	  1.0574    	  14077.    	  5531.4    	  422.97    	  6271.3    	  0.0000    	  2678.2    	 -2678.2    	 0.32275    	 2.50000E-03	  1021.0    	  5.4175    	  1.0000    	  5428.4    	  5851.4    	  1.0700    	  8285.6    	  1.0000    	 0.50921    	 0.50921    	  1.0413    	  1.0538    	 0.28662    	  114.65    	  2.7000    	  551.20    	  2.3000    	  299.22    	  182.94    	  342.48    	  194.93    	  0.0000    	  67.859    	  219.01    	  3.1726    
   285.000    	       -    	  1989.0    	  11.950    	  3.2800    	 0.44114    	  1.1886    	  13992.    	  5583.9    	  475.42    	  6275.6    	  0.0000    	  2689.4    	 -2689.4    	 0.32163    	 2.50000E-03	  1023.3    	  5.4568    	  1.0000    	  5428.4    	  5903.9    	  1.3992    	  8349.3    	  1.0000    	 0.26621    	 0.26621    	 0.37016    	 0.37168    	 0.28884    	  115.54    	  0.0000    	  553.90    	  3.1000    	  299.73    	  183.44    	  343.53    	  195.97    	  0.0000    	  25.087    	  234.59    	  4.2552    
   286.000    	       -    	  1989.0    	  12.850    	  4.4100    	 0.43841    	  1.2291    	  14335.    	  5600.1    	  491.64    	  6280.3    	  0.0000    	  2693.5    	 -2693.5    	 0.32134    	 2.50000E-03	  1024.1    	  5.4682    	  1.0000    	  5428.4    	  5920.1    	  1.4400    	  8369.6    	  1.0000    	 0.23047    	 0.23047    	 0.50644    	 0.51139    	 0.28725    	  114.90    	  5.7000    	  553.90    	  4.1000    	  300.00    	  183.71    	  343.90    	  196.34    	  0.0000    	  34.509    	  252.75    	  5.4218    
   287.000    	       -    	  1989.0    	  9.9000    	  6.6500    	 0.43569    	  1.2889    	  14249.    	  5624.0    	  515.56    	  6285.2    	  0.0000    	  2699.2    	 -2699.2    	 0.32089    	 2.50000E-03	  1025.3    	  5.4854    	  1.0000    	  5428.4    	  5944.0    	  1.0700    	  8399.2    	  1.0000    	 0.41315    	 0.41315    	 0.71461    	 0.71461    	 0.29000    	  116.00    	  3.2000    	  559.60    	  3.9000    	  300.23    	  183.94    	  344.41    	  196.85    	  0.0000    	  53.718    	  206.91    	  6.6487    
   288.000    	       -    	  1989.0    	  9.8000    	  8.5800    	 0.43297    	  1.3882    	  14163.    	  5663.7    	  555.29    	  6290.3    	  0.0000    	  2708.1    	 -2708.1    	 0.32009    	 2.50000E-03	  1027.1    	  5.5145    	  1.0000    	  5428.4    	  5983.7    	  1.0100    	  8447.8    	  1.0000    	 0.62029    	 0.62029    	 0.76699    	 0.76699    	 0.29000    	  116.00    	 0.10000    	  562.80    	  2.2000    	  300.64    	  184.35    	  345.13    	  197.56    	  0.0000    	  72.745    	  203.95    	  7.6591    
   289.000    	       -    	  1989.0    	  11.100    	  7.2500    	 0.43026    	  1.5263    	  14079.    	  5719.0    	  610.50    	  6295.8    	  0.0000    	  2720.1    	 -2720.1    	 0.31898    	 2.50000E-03	  1029.5    	  5.5552    	  1.0000    	  5428.4    	  6039.0    	  1.1900    	  8515.0    	  1.0000    	 0.67524    	 0.67524    	 0.66152    	 0.66967    	 0.28653    	  114.61    	  0.0000    	  562.90    	  3.0000    	  301.26    	  184.97    	  345.89    	  198.33    	  0.0000    	  65.227    	  223.65    	  8.6610    
   290.000    	       -    	  1989.0    	  11.650    	  9.9400    	 0.42756    	  1.6472    	  13997.    	  5767.3    	  658.89    	  6301.9    	  0.0000    	  2730.9    	 -2730.9    	 0.31803    	 2.50000E-03	  1031.7    	  5.5904    	  1.0000    	  5428.4    	  6087.3    	  1.1600    	  8574.2    	  1.0000    	 0.87592    	 0.87592    	 0.77072    	 0.78958    	 0.28319    	  113.28    	  0.0000    	  562.90    	  1.5000    	  301.94    	  185.65    	  346.56    	  198.99    	  0.0000    	  93.606    	  230.42    	  9.7664    
   291.000    	       -    	  1989.0    	  12.500    	  9.0600    	 0.42487    	  1.8262    	  14829.    	  5838.9    	  730.50    	  6308.5    	  0.0000    	  2746.3    	 -2746.3    	 0.31662    	 2.50000E-03	  1034.8    	  5.6427    	  1.0000    	  5428.4    	  6158.9    	  1.1800    	  8661.2    	  1.0000    	 0.82470    	 0.82470    	 0.61709    	 0.64170    	 0.27907    	  111.63    	  0.0000    	  562.90    	  1.5000    	  302.81    	  186.53    	  347.35    	  199.76    	  0.0000    	  90.470    	  256.58    	  10.912    
   292.000    	       -    	  1989.0    	  13.800    	  6.7300    	 0.42219    	  1.9969    	  14742.    	  5907.2    	  798.77    	  6315.7    	  0.0000    	  2761.2    	 -2761.2    	 0.31531    	 2.50000E-03	  1037.8    	  5.6921    	  1.0000    	  5428.4    	  6227.2    	  1.4500    	  8744.4    	  1.0000    	 0.74719    	 0.74719    	 0.47304    	 0.49845    	 0.27547    	  110.19    	  0.0000    	  562.90    	  2.1000    	  303.64    	  187.35    	  348.00    	  200.38    	  0.0000    	  70.488    	  272.47    	  12.116    
   293.000    	       -    	  1989.0    	  12.500    	  6.8700    	 0.41952    	  2.1242    	  14655.    	  5958.1    	  849.68    	  6323.7    	  0.0000    	  2772.9    	 -2772.9    	 0.31439    	 2.50000E-03	  1040.1    	  5.7282    	  1.0000    	  5428.4    	  6278.1    	  1.2600    	  8807.0    	  1.0000    	 0.70591    	 0.70591    	 0.53620    	 0.57146    	 0.27242    	  108.97    	  6.2000    	  562.90    	  5.3000    	  304.38    	  188.10    	  348.49    	  200.85    	  0.0000    	  74.241    	  253.56    	  13.402    
   294.000    	       -    	  1989.0    	  16.350    	  4.8300    	 0.41685    	  2.2580    	  14566.    	  6011.7    	  903.22    	  6332.1    	  0.0000    	  2785.1    	 -2785.1    	 0.31344    	 2.50000E-03	  1042.6    	  5.7659    	  1.0000    	  5428.4    	  6331.7    	  1.5700    	  8872.8    	  1.0000    	 0.64149    	 0.64149    	 0.47199    	 0.48303    	 0.28349    	  113.39    	 0.80000    	  569.10    	  6.1000    	  305.09    	  188.80    	  349.07    	  201.39    	  0.0000    	  53.758    	  298.67    	  14.606    
   295.000    	       -    	  1989.0    	  17.200    	  8.3600    	 0.41420    	  2.3478    	  14477.    	  6047.6    	  939.12    	  6341.1    	  0.0000    	  2794.0    	 -2794.0    	 0.31286    	 2.50000E-03	  1044.4    	  5.7904    	  1.0000    	  5428.4    	  6367.6    	  1.4000    	  8917.5    	  1.0000    	  1.2998    	  1.2998    	 0.63179    	 0.65171    	 0.28129    	  112.52    	  0.0000    	  569.90    	  4.1000    	  305.73    	  189.45    	  349.55    	  201.86    	  0.0000    	  94.744    	  305.60    	  16.033    
   296.000    	       -    	  1989.0    	  14.400    	  2.1900    	 0.41156    	  2.5222    	  14384.    	  6117.3    	  1008.9    	  6350.5    	  0.0000    	  2809.6    	 -2809.6    	 0.31163    	 2.50000E-03	  1047.6    	  5.8395    	  1.0000    	  5428.4    	  6437.3    	  1.5200    	  9002.9    	  1.0000    	 0.14698    	 0.14698    	 8.92882E-02	 9.37413E-02	 0.27646    	  110.58    	 0.10000    	  569.90    	  1.2000    	  307.03    	  190.75    	  350.20    	  202.49    	  0.0000    	  25.617    	  273.16    	  17.502    
   297.000    	       -    	  1989.0    	  12.550    	  8.5400    	 0.40893    	  2.5506    	  14289.    	  6128.7    	  1020.2    	  6360.5    	  0.0000    	  2813.8    	 -2813.8    	 0.31156    	 2.50000E-03	  1048.4    	  5.8456    	  1.0000    	  5428.4    	  6448.7    	  1.3200    	  9018.5    	  1.0000    	  1.0024    	  1.0024    	 0.46170    	 0.48578    	 0.27587    	  110.35    	 0.20000    	  570.00    	  2.8000    	  307.18    	  190.89    	  350.29    	  202.58    	  0.0000    	  100.37    	  247.91    	  18.823    
   298.000    	       -    	  1989.0    	  11.800    	  4.4600    	 0.40631    	  2.7347    	  14192.    	  6202.3    	  1093.9    	  6370.7    	  0.0000    	  2830.4    	 -2830.4    	 0.31030    	 2.50000E-03	  1051.8    	  5.8971    	  1.0000    	  5428.4    	  6522.3    	  1.2700    	  9108.7    	  1.0000    	 0.54422    	 0.54422    	 0.20008    	 0.21340    	 0.27221    	  108.88    	  0.0000    	  570.20    	  2.2000    	  308.18    	  191.89    	  350.78    	  203.04    	  0.0000    	  53.934    	  235.80    	  20.030    
   299.000    	       -    	  1989.0    	  12.950    	  2.4500    	 0.40371    	  2.8201    	  14097.    	  6236.5    	  1128.0    	  6381.5    	  0.0000    	  2839.3    	 -2839.3    	 0.30981    	 2.50000E-03	  1053.6    	  5.9194    	  1.0000    	  5428.4    	  6556.5    	  1.4700    	  9151.8    	  1.0000    	 3.06832E-02	 3.06832E-02	 0.11321    	 0.12160    	 0.27035    	  108.14    	 0.60000    	  570.20    	  2.1000    	  308.72    	  192.44    	  350.99    	  203.24    	  0.0000    	  29.983    	  249.85    	  21.186    
   300.000    	       -    	  1989.0    	  14.650    	  5.3100    	 0.40112    	  2.8546    	  14002.    	  6250.3    	  1141.9    	  6392.8    	  0.0000    	  2844.2    	 -2844.2    	 0.30971    	 2.50000E-03	  1054.6    	  5.9269    	  1.0000    	  5428.4    	  6570.3    	  1.3800    	  9170.6    	  1.0000    	 0.74606    	 0.74606    	 0.24945    	 0.26829    	 0.26999    	  108.00    	  0.0000    	  570.80    	  3.1000    	  308.76    	  192.47    	  351.11    	  203.35    	  0.0000    	  65.284    	  268.78    	  22.420    
   301.000    	       -    	  1989.0    	  13.150    	  3.1900    	 0.39854    	  2.9625    	  13908.    	  6293.5    	  1185.0    	  6404.1    	  0.0000    	  2855.0    	 -2855.0    	 0.30907    	 2.50000E-03	  1056.7    	  5.9555    	  1.0000    	  5428.4    	  6613.5    	  1.0800    	  9224.5    	  1.0000    	 0.27738    	 0.27738    	 0.19214    	 0.20861    	 0.26750    	  107.00    	  2.1000    	  570.80    	  4.3000    	  309.50    	  193.22    	  351.38    	  203.60    	  0.0000    	  39.761    	  249.05    	  23.755    
   302.000    	       -    	  1989.0    	  11.350    	  1.4100    	 0.39598    	  3.0160    	  14401.    	  6314.9    	  1206.4    	  6415.9    	  0.0000    	  2861.6    	 -2861.6    	 0.30885    	 2.50000E-03	  1058.1    	  5.9683    	  1.0000    	  5428.4    	  6634.9    	  1.1300    	  9252.4    	  1.0000    	 6.70088E-02	 6.70088E-02	 0.12414    	 0.13365    	 0.26973    	  107.89    	  5.5000    	  572.90    	  5.7000    	  309.78    	  193.49    	  351.59    	  203.80    	  0.0000    	  17.687    	  232.60    	  25.001    
   303.000    	       -    	  1989.0    	  13.250    	  1.8600    	 0.39344    	  3.0230    	  14302.    	  6317.6    	  1209.2    	  6427.9    	  0.0000    	  2864.5    	 -2864.5    	 0.30897    	 2.50000E-03	  1058.7    	  5.9676    	  1.0000    	  5428.4    	  6637.6    	  1.3600    	  9258.1    	  1.0000    	 7.37385E-02	 7.37385E-02	 0.13373    	 0.13803    	 0.28111    	  112.45    	  12.000    	  578.40    	  5.8000    	  309.85    	  193.56    	  351.73    	  203.92    	  0.0000    	  23.351    	  257.40    	  26.125    
   304.000    	       -    	  1989.0    	  9.8500    	  1.3300    	 0.39091    	  3.0416    	  14205.    	  6325.1    	  1216.6    	  6439.9    	  0.0000    	  2868.4    	 -2868.4    	 0.30901    	 2.50000E-03	  1059.4    	  5.9702    	  1.0000    	  5428.4    	  6645.1    	  1.2166    	  9269.4    	  1.0000    	  0.0000    	  0.0000    	 5.65578E-02	 5.65578E-02	 0.29000    	  116.00    	  8.5000    	  590.40    	  2.5000    	  309.92    	  193.63    	  351.86    	  204.05    	  0.0000    	  16.734    	  205.41    	  27.378    
   305.000    	       -    	  1989.0    	  12.100    	  3.9900    	 0.38840    	  3.0463    	  14108.    	  6327.0    	  1218.5    	  6452.1    	  0.0000    	  2871.1    	 -2871.1    	 0.30915    	 2.50000E-03	  1060.0    	  5.9689    	  1.0000    	  5428.4    	  6647.0    	  1.2000    	  9274.1    	  1.0000    	 0.35070    	 0.35070    	 0.11887    	 0.11887    	 0.29000    	  116.00    	  0.0000    	  598.90    	  1.1000    	  309.92    	  193.63    	  351.92    	  204.11    	  0.0000    	  50.228    	  238.62    	  28.384    
   306.000    	       -    	  1989.0    	  11.900    	  4.7200    	 0.38591    	  3.1208    	  14013.    	  6356.8    	  1248.3    	  6464.2    	  0.0000    	  2879.4    	 -2879.4    	 0.30878    	 2.50000E-03	  1061.7    	  5.9875    	  1.0000    	  5428.4    	  6676.8    	  1.1900    	  9312.2    	  1.0000    	 0.29596    	 0.29596    	 0.20549    	 0.20634    	 0.28883    	  115.53    	  2.5000    	  598.90    	  3.4000    	  310.27    	  193.98    	  352.04    	  204.23    	  0.0000    	  59.915    	  234.24    	  29.561    
   307.000    	       -    	  1989.0    	  8.3500    	  3.7600    	 0.38344    	  3.2148    	  13919.    	  6394.4    	  1285.9    	  6476.6    	  0.0000    	  2889.3    	 -2889.3    	 0.30827    	 2.50000E-03	  1063.7    	  6.0117    	  1.0000    	  5428.4    	  6714.4    	  1.0000    	  9359.7    	  1.0000    	 0.48089    	 0.48089    	 0.13708    	 0.13708    	 0.29000    	  116.00    	  0.0000    	  601.40    	  2.9000    	  310.57    	  194.28    	  352.24    	  204.43    	  0.0000    	  48.205    	  173.85    	  30.724    
   308.000    	       -    	  1989.0    	  8.4000    	  4.5400    	 0.38100    	  3.2835    	  14311.    	  6421.8    	  1313.4    	  6489.4    	  0.0000    	  2897.2    	 -2897.2    	 0.30795    	 2.50000E-03	  1065.3    	  6.0284    	  1.0000    	  5428.4    	  6741.8    	 0.98000    	  9395.1    	  1.0000    	 0.28856    	 0.28856    	 0.18619    	 0.18720    	 0.28846    	  115.38    	  2.2000    	  601.40    	  4.6000    	  311.05    	  194.76    	  352.38    	  204.57    	  0.0000    	  58.604    	  179.76    	  31.593    
   309.000    	       -    	  1989.0    	  6.2000    	  4.0300    	 0.37857    	  3.3731    	  14218.    	  6457.7    	  1349.3    	  6502.5    	  0.0000    	  2906.9    	 -2906.9    	 0.30749    	 2.50000E-03	  1067.2    	  6.0509    	  1.0000    	  5428.4    	  6777.7    	 0.85000    	  9440.6    	  1.0000    	 5.11849E-02	 5.11849E-02	 0.12282    	 0.12282    	 0.29000    	  116.00    	  2.5000    	  603.60    	  2.5000    	  311.34    	  195.05    	  352.57    	  204.76    	  0.0000    	  52.462    	  127.09    	  32.467    
   310.000    	       -    	  1989.0    	  3.7500    	  2.3400    	 0.37617    	  3.4491    	  14129.    	  6488.1    	  1379.6    	  6515.9    	  0.0000    	  2915.6    	 -2915.6    	 0.30714    	 2.50000E-03	  1069.0    	  6.0695    	  1.0000    	  5428.4    	  6808.1    	 0.77000    	  9479.7    	  1.0000    	 0.24242    	 0.24242    	 6.05307E-02	 6.05307E-02	 0.29000    	  116.00    	  0.0000    	  606.10    	  1.3000    	  311.39    	  195.10    	  352.69    	  204.88    	  0.0000    	  30.668    	  41.556    	  33.089    
   311.000    	       -    	  1989.0    	  6.4000    	  4.2700    	 0.37379    	  3.4788    	  14044.    	  6500.0    	  1391.5    	  6529.6    	  0.0000    	  2920.6    	 -2920.6    	 0.30712    	 2.50000E-03	  1070.0    	  6.0748    	  1.0000    	  5428.4    	  6820.0    	 0.80000    	  9496.6    	  1.0000    	 0.32040    	 0.32040    	 0.11546    	 0.11577    	 0.28924    	  115.70    	 0.30000    	  606.10    	  2.3000    	  311.63    	  195.34    	  352.75    	  204.94    	  0.0000    	  56.106    	  130.86    	  33.294    
   312.000    	       -    	  1989.0    	  8.5500    	  1.8200    	 0.37143    	  3.5613    	  13966.    	  6533.0    	  1424.5    	  6543.5    	  0.0000    	  2929.9    	 -2929.9    	 0.30673    	 2.50000E-03	  1071.9    	  6.0949    	  1.0000    	  5428.4    	  6853.0    	 0.84000    	  9538.9    	  1.0000    	 0.18954    	 0.18954    	 0.13454    	 0.13542    	 0.28815    	  115.26    	 0.90000    	  606.40    	  5.7000    	  311.95    	  195.66    	  352.87    	  205.06    	  0.0000    	  24.078    	  178.37    	  33.942    
   313.000    	       -    	  1989.0    	  7.8000    	  5.1400    	 0.36910    	  3.5761    	  14192.    	  6538.9    	  1430.5    	  6557.6    	  0.0000    	  2933.9    	 -2933.9    	 0.30683    	 2.50000E-03	  1072.7    	  6.0959    	  1.0000    	  5428.4    	  6858.9    	 0.84000    	  9548.8    	  1.0000    	 0.45212    	 0.45212    	 0.19738    	 0.19922    	 0.28737    	  114.95    	  4.8000    	  607.30    	  4.8000    	  312.14    	  195.85    	  353.00    	  205.19    	  0.0000    	  68.080    	  165.72    	  34.831    
   314.000    	       -    	  1989.0    	  7.8500    	 0.92000    	 0.36680    	  3.6827    	  14116.    	  6581.5    	  1473.1    	  6571.9    	  0.0000    	  2945.1    	 -2945.1    	 0.30628    	 2.50000E-03	  1074.9    	  6.1227    	  1.0000    	  5428.4    	  6901.5    	 0.98000    	  9602.6    	  1.0000    	  0.0000    	  0.0000    	 4.77930E-02	 4.77930E-02	 0.29000    	  116.00    	  3.2000    	  612.10    	  5.5000    	  312.59    	  196.31    	  353.20    	  205.39    	  0.0000    	  12.286    	  165.91    	  35.643    
   315.000    	       -    	  1989.0    	  9.1500    	  5.3300    	 0.36453    	  3.6717    	  14043.    	  6577.1    	  1468.7    	  6586.5    	  0.0000    	  2947.1    	 -2947.1    	 0.30657    	 2.50000E-03	  1075.3    	  6.1163    	  1.0000    	  5428.4    	  6897.1    	 0.85000    	  9600.2    	  1.0000    	 0.72129    	 0.72129    	 0.15595    	 0.15595    	 0.29000    	  116.00    	  0.0000    	  615.30    	  3.0000    	  312.59    	  196.31    	  353.25    	  205.44    	  0.0000    	  71.118    	  190.72    	  36.461    
   316.000    	       -    	  1989.0    	  6.3000    	  4.4900    	 0.36229    	  3.7836    	  13971.    	  6621.9    	  1513.4    	  6601.1    	  0.0000    	  2958.9    	 -2958.9    	 0.30599    	 2.50000E-03	  1077.7    	  6.1444    	  1.0000    	  5428.4    	  6941.9    	 0.80000    	  9656.7    	  1.0000    	 0.43025    	 0.43025    	 8.97100E-02	 9.04056E-02	 0.28781    	  115.12    	  0.0000    	  615.30    	  1.4000    	  313.31    	  197.03    	  353.41    	  205.59    	  0.0000    	  60.393    	  127.55    	  37.406    
   317.000    	       -    	  1989.0    	  5.1500    	  5.0100    	 0.36008    	  3.8720    	  14130.    	  6657.3    	  1548.8    	  6616.2    	  0.0000    	  2968.8    	 -2968.8    	 0.30559    	 2.50000E-03	  1079.7    	  6.1657    	  1.0000    	  5428.4    	  6977.3    	 0.71000    	  9702.1    	  1.0000    	 0.38283    	 0.38283    	 7.79972E-02	 7.89650E-02	 0.28651    	  114.60    	  0.0000    	  615.30    	 0.70000    	  313.74    	  197.46    	  353.50    	  205.68    	  0.0000    	  67.788    	  95.027    	  38.041    
   318.000    	       -    	  1989.0    	  4.2000    	  5.2500    	 0.35790    	  3.9750    	  14060.    	  6698.4    	  1590.0    	  6631.6    	  0.0000    	  2980.0    	 -2980.0    	 0.30509    	 2.50000E-03	  1082.0    	  6.1909    	  1.0000    	  5428.4    	  7018.4    	 0.82000    	  9754.5    	  1.0000    	 0.65010    	 0.65010    	 0.11524    	 0.11715    	 0.28535    	  114.14    	  0.0000    	  615.30    	  1.0000    	  314.13    	  197.84    	  353.58    	  205.76    	  0.0000    	  60.359    	  60.359    	  38.509    
   319.000    	       -    	  1989.0    	  7.6000    	  3.0000    	 0.35576    	  4.0614    	  13993.    	  6733.0    	  1624.6    	  6647.4    	  11.139    	  2990.0    	 -2990.0    	 0.30438    	 2.50000E-03	  1084.4    	  6.2091    	  1.0000    	  5428.4    	  7053.0    	 0.87000    	  9810.1    	  1.0000    	 0.23803    	 0.23803    	 4.34012E-02	 4.44235E-02	 0.28344    	  113.38    	  0.0000    	  615.30    	  1.4000    	  314.78    	  198.49    	  353.69    	  205.88    	  0.0000    	  52.204    	  159.06    	  38.808    
   320.000    	       -    	  1989.0    	  4.6500    	  5.9000    	 0.35365    	  4.1282    	  14074.    	  6759.7    	  1651.3    	  6664.3    	  0.0000    	  2998.6    	 -2998.6    	 0.30450    	 2.50000E-03	  1085.7    	  6.2259    	  1.0000    	  5428.4    	  7079.7    	 0.62000    	  9834.3    	  1.0000    	 0.82535    	 0.82535    	 0.13126    	 0.13470    	 0.28274    	  113.10    	  0.0000    	  615.30    	  3.5000    	  315.01    	  198.73    	  353.74    	  205.92    	  0.0000    	  77.506    	  77.506    	  39.599    
   321.000    	       -    	  1989.0    	  3.4500    	  5.4400    	 0.35158    	  4.2450    	  14011.    	  6806.4    	  1698.0    	  6682.3    	  3.5595    	  3011.4    	 -3011.4    	 0.30386    	 2.50000E-03	  1088.4    	  6.2533    	  1.0000    	  5428.4    	  7126.4    	 0.53000    	  9897.4    	  1.0000    	 0.89819    	 0.89819    	 0.12990    	 0.13445    	 0.28035    	  112.14    	  0.0000    	  615.30    	  4.3000    	  315.84    	  199.55    	  353.87    	  206.05    	  0.0000    	  27.274    	  27.274    	  39.982    
   322.000    	       -    	  1989.0    	  2.5000    	  5.2100    	 0.34954    	  4.2519    	  13951.    	  6809.2    	  1700.8    	  6702.3    	  49.347    	  3015.9    	 -3015.9    	 0.30269    	 2.50000E-03	  1091.0    	  6.2415    	  1.0000    	  5428.4    	  7129.2    	 0.44000    	  9950.4    	  1.0000    	 0.73167    	 0.73167    	 0.10573    	 0.11047    	 0.27778    	  111.11    	  0.0000    	  615.30    	  3.5000    	  316.74    	  200.45    	  354.01    	  206.18    	  0.0000    	  0.0000    	  0.0000    	  40.118    
   323.000    	       -    	  1989.0    	  3.3500    	  5.0000    	 0.34755    	  4.2017    	  13976.    	  6789.1    	  1680.7    	  6722.4    	  112.99    	  3015.9    	 -3015.9    	 0.30137    	 2.50000E-03	  1093.4    	  6.2094    	  1.0000    	  5428.4    	  7109.1    	 0.54000    	  9994.0    	  1.0000    	 0.48552    	 0.48552    	 7.52035E-02	 7.91812E-02	 0.27568    	  110.27    	  0.0000    	  615.30    	  2.2000    	  317.47    	  201.18    	  354.12    	  206.29    	  0.0000    	  22.303    	  22.303    	  40.118    
   324.000    	       -    	  1989.0    	  6.9000    	  3.5700    	 0.34559    	  4.2001    	  13998.    	  6788.5    	  1680.1    	  6741.7    	  144.83    	  3019.5    	 -3019.5    	 0.30069    	 2.50000E-03	  1095.7    	  6.1958    	  1.0000    	  5428.4    	  7108.5    	 0.73000    	  10029.    	  1.0000    	 0.37584    	 0.37584    	 5.82486E-02	 6.16488E-02	 0.27428    	  109.71    	  0.0000    	  615.30    	  2.4000    	  317.95    	  201.67    	  354.20    	  206.36    	  0.0000    	  142.99    	  142.99    	  40.229    
   325.000    	       -    	  1989.0    	  7.0500    	  1.8600    	 0.34368    	  4.4506    	  14013.    	  6888.7    	  1780.2    	  6760.9    	  36.978    	  3043.1    	 -3043.1    	 0.30256    	 2.50000E-03	  1097.3    	  6.2779    	  1.0000    	  5428.4    	  7208.7    	 0.85000    	  10045.    	  1.0000    	 0.10183    	 0.10183    	 2.70045E-02	 2.86965E-02	 0.27320    	  109.28    	 0.20000    	  615.30    	  2.5000    	  318.33    	  202.04    	  354.26    	  206.42    	  0.0000    	  55.678    	  146.73    	  40.939    
   326.000    	       -    	  1989.0    	  3.1000    	  4.9400    	 0.34181    	  4.5077    	  13963.    	  6911.5    	  1803.1    	  6784.5    	  0.0000    	  3052.3    	 -3052.3    	 0.30362    	 2.50000E-03	  1098.2    	  6.2937    	  1.0000    	  5428.4    	  7231.5    	 0.66000    	  10040.    	  1.0000    	 0.32233    	 0.32233    	 6.66744E-02	 7.09371E-02	 0.27287    	  109.15    	 0.40000    	  615.50    	  1.7000    	  318.43    	  202.15    	  354.29    	  206.45    	  0.0000    	  9.3635    	  9.3635    	  41.668    
   327.000    	       -    	  1989.0    	  5.1500    	  2.5600    	 0.33999    	  4.4654    	  13940.    	  6894.6    	  1786.2    	  6809.3    	  41.050    	  3053.9    	 -3053.9    	 0.30300    	 2.50000E-03	  1100.5    	  6.2652    	  1.0000    	  5428.4    	  7214.6    	 0.70000    	  10066.    	  1.0000    	 0.13498    	 0.13498    	 3.71864E-02	 3.97080E-02	 0.27190    	  108.76    	 0.30000    	  615.90    	  2.6000    	  318.75    	  202.47    	  354.36    	  206.51    	  0.0000    	  64.590    	  93.754    	  41.715    
   328.000    	       -    	  1989.0    	  2.5000    	  2.3200    	 0.33821    	  4.5404    	  13921.    	  6924.6    	  1816.2    	  6833.2    	  0.0000    	  3064.5    	 -3064.5    	 0.30407    	 2.50000E-03	  1101.7    	  6.2856    	  1.0000    	  5428.4    	  7244.6    	 0.47000    	  10065.    	  1.0000    	  0.0000    	  0.0000    	 2.68117E-02	 2.86761E-02	 0.27147    	  108.59    	  3.0000    	  616.20    	  2.6000    	  318.89    	  202.60    	  354.40    	  206.55    	  0.0000    	  0.0000    	  0.0000    	  42.183    
   329.000    	       -    	  1989.0    	 -2.5500    	  5.5400    	 0.33648    	  4.4770    	  13894.    	  6899.3    	  1790.8    	  6858.5    	  20.661    	  3064.5    	 -3064.5    	 0.30421    	 2.50000E-03	  1102.7    	  6.2565    	  1.0000    	  5428.4    	  7219.3    	 0.41000    	  10060.    	  1.0000    	 0.49072    	 0.49072    	 6.41239E-02	 6.74201E-02	 0.27607    	  110.43    	  0.0000    	  619.20    	  2.0000    	  318.89    	  202.60    	  354.43    	  206.58    	  0.0000    	  0.0000    	  0.0000    	  42.183    
   330.000    	       -    	  1989.0    	  3.2500    	 0.99000    	 0.33481    	  4.4167    	  13872.    	  6875.1    	  1766.7    	  6882.7    	  64.169    	  3064.5    	 -3064.5    	 0.30363    	 2.50000E-03	  1105.3    	  6.2200    	  1.0000    	  5428.4    	  7195.1    	 0.70000    	  10080.    	  1.0000    	  0.0000    	  0.0000    	 2.32833E-02	 2.46061E-02	 0.27468    	  109.87    	  1.0000    	  619.20    	  4.2000    	  319.38    	  203.09    	  354.49    	  206.64    	  0.0000    	  17.122    	  17.122    	  42.183    
   331.000    	       -    	  1989.0    	  7.2500    	  1.1500    	 0.33318    	  4.3948    	  13850.    	  6866.4    	  1757.9    	  6905.7    	  52.494    	  3067.4    	 -3067.4    	 0.30444    	 2.50000E-03	  1105.8    	  6.2095    	  1.0000    	  5428.4    	  7186.4    	 0.90000    	  10062.    	  1.0000    	 6.03752E-02	 6.03752E-02	 2.15331E-02	 2.27614E-02	 0.27462    	  109.85    	 0.20000    	  620.20    	  3.1000    	  319.38    	  203.09    	  354.52    	  206.66    	  0.0000    	  58.263    	  149.65    	  42.268    
   332.000    	       -    	  1989.0    	  2.0000    	  4.7500    	 0.33160    	  4.4598    	  13829.    	  6892.4    	  1783.9    	  6928.4    	  0.0000    	  3077.0    	 -3077.0    	 0.30591    	 2.50000E-03	  1106.3    	  6.2300    	  1.0000    	  5428.4    	  7212.4    	 0.64000    	  10045.    	  1.0000    	 0.49450    	 0.49450    	 6.49780E-02	 6.87366E-02	 0.27442    	  109.77    	  0.0000    	  620.40    	  1.4000    	  319.44    	  203.15    	  354.54    	  206.69    	  0.0000    	  0.0000    	  0.0000    	  43.020    
   333.000    	       -    	  1989.0    	 -1.2000    	  4.7700    	 0.33008    	  4.4003    	  13806.    	  6868.6    	  1760.1    	  6952.2    	  27.147    	  3077.0    	 -3077.0    	 0.30581    	 2.50000E-03	  1108.5    	  6.1961    	  1.0000    	  5428.4    	  7188.6    	 0.47000    	  10049.    	  1.0000    	 0.37943    	 0.37943    	 5.23363E-02	 5.56526E-02	 0.27302    	  109.21    	  0.0000    	  620.40    	  1.1000    	  319.94    	  203.65    	  354.61    	  206.75    	  0.0000    	  0.0000    	  0.0000    	  43.020    
   334.000    	       -    	  1989.0    	 -3.5000    	  4.2600    	 0.32862    	  4.3434    	  13784.    	  6845.8    	  1737.4    	  6974.9    	  50.287    	  3077.0    	 -3077.0    	 0.30580    	 2.50000E-03	  1110.7    	  6.1633    	  1.0000    	  5428.4    	  7165.8    	 0.43000    	  10049.    	  1.0000    	 0.35895    	 0.35895    	 4.97990E-02	 5.31686E-02	 0.27194    	  108.78    	  0.0000    	  620.40    	  1.4000    	  320.31    	  204.03    	  354.67    	  206.80    	  0.0000    	  0.0000    	  0.0000    	  43.020    
   335.000    	       -    	  1989.0    	 -2.6000    	  3.9200    	 0.32721    	  4.2891    	  13762.    	  6824.1    	  1715.7    	  6996.6    	  63.865    	  3077.0    	 -3077.0    	 0.30604    	 2.50000E-03	  1112.7    	  6.1328    	  1.0000    	  5428.4    	  7144.1    	 0.42000    	  10041.    	  1.0000    	 0.28376    	 0.28376    	 4.15309E-02	 4.45115E-02	 0.27092    	  108.37    	  0.0000    	  620.40    	  1.3000    	  320.67    	  204.39    	  354.72    	  206.85    	  0.0000    	  0.0000    	  0.0000    	  43.020    
   336.000    	       -    	  1989.0    	-0.15000    	  4.4500    	 0.32586    	  4.2373    	  13740.    	  6803.4    	  1694.9    	  7017.4    	  68.019    	  3077.0    	 -3077.0    	 0.30655    	 2.50000E-03	  1114.5    	  6.1043    	  1.0000    	  5428.4    	  7123.4    	 0.42000    	  10024.    	  1.0000    	 0.38624    	 0.38624    	 5.73057E-02	 6.16068E-02	 0.27010    	  108.04    	  0.0000    	  620.40    	  2.2000    	  320.96    	  204.67    	  354.76    	  206.89    	  0.0000    	  0.0000    	  0.0000    	  43.020    
   337.000    	       -    	  1989.0    	  1.7500    	  4.2200    	 0.32457    	  4.1877    	  13740.    	  6783.5    	  1675.1    	  7037.2    	  68.019    	  3077.0    	 -3077.0    	 0.30716    	 2.50000E-03	  1116.6    	  6.0753    	  1.0000    	  5428.4    	  7103.5    	 0.45000    	  10004.    	  1.0000    	 0.16743    	 0.16743    	 3.03468E-02	 3.27615E-02	 0.26899    	  107.60    	  0.0000    	  620.40    	  1.1000    	  321.34    	  205.06    	  354.82    	  206.95    	  0.0000    	  0.0000    	  0.0000    	  43.020    
   338.000    	       -    	  1989.0    	 -1.6000    	  1.6100    	 0.32335    	  4.1402    	  13740.    	  6764.5    	  1656.1    	  7056.2    	  68.019    	  3077.0    	 -3077.0    	 0.30774    	 2.50000E-03	  1118.5    	  6.0478    	  1.0000    	  5428.4    	  7084.5    	 0.54339    	  9985.5    	  1.0000    	 1.45982E-02	 1.45982E-02	 2.49041E-02	 2.69362E-02	 0.26850    	  107.40    	 0.30000    	  620.40    	 0.90000    	  321.51    	  205.23    	  354.86    	  206.98    	  0.0000    	  0.0000    	  0.0000    	  43.020    
   339.000    	       -    	  1989.0    	  3.4000    	  2.9600    	 0.32218    	  4.0947    	  13740.    	  6746.3    	  1637.9    	  7074.4    	  68.019    	  3077.0    	 -3077.0    	 0.30830    	 2.50000E-03	  1119.3    	  6.0275    	  1.0000    	  5428.4    	  7066.3    	 0.72000    	  9967.3    	  1.0000    	 0.12778    	 0.12778    	 4.46959E-02	 4.83611E-02	 0.26840    	  107.36    	 0.30000    	  620.70    	 0.90000    	  321.53    	  205.24    	  354.88    	  207.01    	  0.0000    	  24.353    	  24.353    	  43.020    
   340.000    	       -    	  1989.0    	  5.8000    	  1.5100    	 0.32108    	  4.1019    	  13740.    	  6749.2    	  1640.7    	  7091.9    	  43.666    	  3081.0    	 -3081.0    	 0.30925    	 2.50000E-03	  1120.6    	  6.0228    	  1.0000    	  5428.4    	  7069.2    	 0.87000    	  9949.8    	  1.0000    	  0.0000    	  0.0000    	 2.33182E-02	 2.52717E-02	 0.26797    	  107.19    	  1.2000    	  621.00    	  1.4000    	  321.65    	  205.37    	  354.93    	  207.05    	  0.0000    	  43.666    	  111.88    	  43.144    
   341.000    	       -    	  1989.0    	  3.8000    	  2.1700    	 0.32004    	  4.1491    	  13740.    	  6768.1    	  1659.6    	  7109.4    	  0.0000    	  3088.2    	 -3088.2    	 0.31052    	 2.50000E-03	  1121.3    	  6.0359    	  1.0000    	  5428.4    	  7088.1    	 0.74000    	  9932.3    	  1.0000    	 0.19053    	 0.19053    	 3.00976E-02	 3.25723E-02	 0.26835    	  107.34    	  0.0000    	  622.20    	  1.1000    	  321.65    	  205.37    	  354.96    	  207.07    	  0.0000    	  0.0000    	  42.582    	  43.710    
   342.000    	       -    	  1989.0    	  2.8000    	  1.6700    	 0.31907    	  4.1032    	  13740.    	  6749.7    	  1641.3    	  7127.8    	  0.0000    	  3088.2    	 -3088.2    	 0.31110    	 2.50000E-03	  1122.3    	  6.0142    	  1.0000    	  5428.4    	  7069.7    	 0.69000    	  9913.9    	  1.0000    	 0.11400    	 0.11400    	 1.91513E-02	 2.07695E-02	 0.26780    	  107.12    	  0.0000    	  622.20    	 0.80000    	  321.84    	  205.56    	  354.99    	  207.10    	  0.0000    	  0.0000    	  0.0000    	  43.926    
   343.000    	       -    	  1989.0    	  1.5000    	  2.0100    	 0.31816    	  4.0593    	  13740.    	  6732.2    	  1623.7    	  7145.4    	  0.0000    	  3088.2    	 -3088.2    	 0.31165    	 2.50000E-03	  1123.1    	  5.9945    	  1.0000    	  5428.4    	  7052.2    	 0.68104    	  9896.3    	  1.0000    	 0.23037    	 0.23037    	 3.63690E-02	 3.94919E-02	 0.26746    	  106.99    	  0.0000    	  622.20    	  1.0000    	  321.96    	  205.67    	  355.01    	  207.12    	  0.0000    	  0.0000    	  0.0000    	  43.926    
   344.000    	       -    	  1989.0    	 -3.1000    	  1.2500    	 0.31733    	  4.0171    	  13740.    	  6715.3    	  1606.8    	  7162.3    	  0.0000    	  3088.2    	 -3088.2    	 0.31218    	 2.50000E-03	  1124.0    	  5.9746    	  1.0000    	  5428.4    	  7035.3    	 0.48611    	  9879.5    	  1.0000    	 0.11891    	 0.11891    	 1.91846E-02	 2.08850E-02	 0.26680    	  106.72    	  0.0000    	  622.20    	  1.6000    	  322.19    	  205.90    	  355.05    	  207.16    	  0.0000    	  0.0000    	  0.0000    	  43.926    
   345.000    	       -    	  1989.0    	  2.4500    	  2.0700    	 0.31656    	  3.9766    	  13740.    	  6699.1    	  1590.6    	  7178.5    	  0.0000    	  3088.2    	 -3088.2    	 0.31269    	 2.50000E-03	  1124.5    	  5.9572    	  1.0000    	  5428.4    	  7019.1    	 0.66000    	  9863.3    	  1.0000    	 0.16820    	 0.16820    	 2.92150E-02	 3.18464E-02	 0.26645    	  106.58    	  0.0000    	  622.20    	  1.4000    	  322.31    	  206.02    	  355.07    	  207.18    	  0.0000    	  0.0000    	  0.0000    	  43.926    
   346.000    	       -    	  1989.0    	  3.2000    	 0.38000    	 0.31587    	  3.9370    	  13740.    	  6683.3    	  1574.8    	  7194.3    	  0.0000    	  3088.2    	 -3088.2    	 0.31320    	 2.50000E-03	  1125.5    	  5.9381    	  1.0000    	  5428.4    	  7003.3    	 0.71000    	  9847.5    	  1.0000    	  0.0000    	  0.0000    	 7.63791E-03	 8.34162E-03	 0.26596    	  106.38    	  5.1000    	  622.20    	  3.0000    	  322.48    	  206.19    	  355.10    	  207.21    	  0.0000    	  0.0000    	  14.417    	  43.926    
   347.000    	       -    	  1989.0    	  6.7500    	 0.42000    	 0.31524    	  3.8979    	  13740.    	  6667.6    	  1559.1    	  7209.9    	  0.0000    	  3088.2    	 -3088.2    	 0.31370    	 2.50000E-03	  1125.7    	  5.9233    	  1.0000    	  5428.4    	  6987.6    	 0.85000    	  9831.8    	  1.0000    	  0.0000    	  0.0000    	  0.0000    	  0.0000    	 0.27623    	  110.49    	  15.400    	  627.30    	  2.2000    	  322.48    	  206.19    	  355.11    	  207.22    	  0.0000    	  0.0000    	  136.74    	  43.999    
   348.000    	       -    	  1989.0    	  10.550    	 0.53000    	 0.31469    	  3.8591    	  13740.    	  6652.1    	  1543.6    	  7225.5    	  0.0000    	  3088.2    	 -3088.2    	 0.31419    	 2.50000E-03	  1125.8    	  5.9085    	  1.0000    	  5428.4    	  6972.1    	  1.0400    	  9816.3    	  1.0000    	  0.0000    	  0.0000    	 7.20402E-02	 7.20402E-02	 0.29000    	  116.00    	  15.200    	  642.70    	  5.9000    	  322.48    	  206.19    	  355.11    	  207.22    	  0.0000    	  0.0000    	  209.93    	  44.691    
   349.000    	       -    	  1989.0    	  7.0000    	 0.55000    	 0.31421    	  3.8207    	  13740.    	  6636.7    	  1528.3    	  7240.8    	  0.0000    	  3088.2    	 -3088.2    	 0.31468    	 2.50000E-03	  1126.1    	  5.8936    	  1.0000    	  5428.4    	  6956.7    	 0.82000    	  9800.9    	  1.0000    	 5.16082E-02	 5.16082E-02	 3.67493E-02	 3.67493E-02	 0.29000    	  116.00    	 0.30000    	  657.90    	  4.3000    	  322.48    	  206.19    	  355.18    	  207.29    	  0.0000    	 0.59338    	  142.70    	  45.755    
   350.000    	       -    	  1989.0    	  8.6000    	  1.2200    	 0.31380    	  3.7839    	  13720.    	  6622.0    	  1513.6    	  7256.0    	  0.0000    	  3088.3    	 -3088.3    	 0.31516    	 2.50000E-03	  1126.3    	  5.8793    	  1.0000    	  5428.4    	  6942.0    	  1.0100    	  9786.3    	  1.0000    	  0.0000    	  0.0000    	 4.23925E-02	 4.24254E-02	 0.28978    	  115.91    	  9.3000    	  658.20    	  3.9000    	  322.53    	  206.24    	  355.22    	  207.33    	  0.0000    	  2.4944    	  176.19    	  46.477    
   351.000    	       -    	  1989.0    	  11.450    	  2.3300    	 0.31346    	  3.7515    	  13706.    	  6609.0    	  1500.6    	  7271.1    	  0.0000    	  3088.7    	 -3088.7    	 0.31561    	 2.50000E-03	  1126.9    	  5.8649    	  1.0000    	  5428.4    	  6929.0    	  1.0000    	  9773.7    	  1.0000    	 0.67177    	 0.67177    	 0.21496    	 0.21496    	 0.29000    	  116.00    	  1.3000    	  667.50    	  7.6000    	  322.53    	  206.24    	  355.26    	  207.37    	  0.0000    	  7.7800    	  222.80    	  47.371    
   352.000    	       -    	  1989.0    	  10.400    	 0.79000    	 0.31320    	  3.7304    	  13700.    	  6600.6    	  1492.1    	  7286.0    	  0.0000    	  3090.0    	 -3090.0    	 0.31597    	 2.50000E-03	  1127.9    	  5.8520    	  1.0000    	  5428.4    	  6920.6    	  1.0400    	  9766.6    	  1.0000    	  0.0000    	  0.0000    	 4.69863E-02	 4.72036E-02	 0.28869    	  115.48    	  5.6000    	  668.80    	  4.3000    	  323.20    	  206.91    	  355.48    	  207.58    	  0.0000    	  4.1596    	  206.98    	  48.502    
   353.000    	       -    	  1989.0    	  7.2000    	 0.73000    	 0.31302    	  3.7019    	  13712.    	  6589.2    	  1480.8    	  7300.9    	  0.0000    	  3090.7    	 -3090.7    	 0.31639    	 2.50000E-03	  1128.3    	  5.8401    	  1.0000    	  5428.4    	  6909.2    	 0.83000    	  9755.9    	  1.0000    	  0.0000    	  0.0000    	 5.86803E-02	 5.86803E-02	 0.29000    	  116.00    	 0.90000    	  674.40    	  5.0000    	  323.20    	  206.91    	  355.53    	  207.63    	  0.0000    	  4.8970    	  147.02    	  49.553    
   354.000    	       -    	  1989.0    	  8.6500    	 0.28000    	 0.31290    	  3.6753    	  13742.    	  6578.6    	  1470.1    	  7315.6    	  0.0000    	  3091.5    	 -3091.5    	 0.31679    	 2.50000E-03	  1128.6    	  5.8290    	  1.0000    	  5428.4    	  6898.6    	  1.0700    	  9746.1    	  1.0000    	  0.0000    	  0.0000    	 2.05966E-02	 2.06072E-02	 0.28985    	  115.94    	  11.800    	  675.30    	  5.4000    	  323.20    	  206.91    	  355.58    	  207.69    	  0.0000    	  2.0011    	  177.41    	  50.299    
   355.000    	       -    	  1989.0    	  12.800    	  1.6400    	 0.31287    	  3.6429    	  13780.    	  6565.6    	  1457.2    	  7330.2    	  0.0000    	  3091.8    	 -3091.8    	 0.31724    	 2.50000E-03	  1128.7    	  5.8169    	  1.0000    	  5428.4    	  6885.6    	  1.0700    	  9733.4    	  1.0000    	 0.86977    	 0.86977    	 0.17442    	 0.17442    	 0.29000    	  116.00    	  0.0000    	  687.10    	  6.4000    	  323.20    	  206.91    	  355.60    	  207.71    	  0.0000    	  12.990    	  242.32    	  51.198    
   356.000    	       -    	  1989.0    	  8.0000    	 0.66000    	 0.31290    	  3.6338    	  13832.    	  6562.0    	  1453.5    	  7344.7    	  0.0000    	  3093.9    	 -3093.9    	 0.31751    	 2.50000E-03	  1129.4    	  5.8099    	  1.0000    	  5428.4    	  6882.0    	  1.0000    	  9731.9    	  1.0000    	  0.0000    	  0.0000    	 1.91637E-02	 1.93408E-02	 0.28739    	  114.96    	  6.8000    	  687.10    	  3.1000    	  324.07    	  207.78    	  355.78    	  207.88    	  0.0000    	  6.4228    	  165.69    	  52.421    
   357.000    	       -    	  1989.0    	  5.4500    	  2.2600    	 0.31302    	  3.6111    	  13917.    	  6552.9    	  1444.4    	  7359.2    	  0.0000    	  3095.0    	 -3095.0    	 0.31788    	 2.50000E-03	  1129.7    	  5.8003    	  1.0000    	  5428.4    	  6872.9    	 0.78000    	  9723.9    	  1.0000    	  0.0000    	  0.0000    	 8.56657E-02	 8.56657E-02	 0.29000    	  116.00    	  1.8000    	  693.90    	  4.6000    	  324.07    	  207.78    	  355.80    	  207.90    	  0.0000    	  22.761    	  102.99    	  53.255    
   358.000    	       -    	  1989.0    	  8.5000    	  2.0500    	 0.31320    	  3.6226    	  14012.    	  6557.5    	  1449.1    	  7373.6    	  0.0000    	  3098.8    	 -3098.8    	 0.31799    	 2.50000E-03	  1130.7    	  5.7993    	  1.0000    	  5428.4    	  6877.5    	 0.87000    	  9732.3    	  1.0000    	 3.59274E-02	 3.59274E-02	 0.10288    	 0.10288    	 0.29000    	  116.00    	  1.2000    	  695.70    	  4.7000    	  324.07    	  207.78    	  355.88    	  207.99    	  0.0000    	  19.933    	  177.98    	  53.770    
   359.000    	       -    	  1989.0    	  8.9000    	  1.8500    	 0.31346    	  3.6282    	  13960.    	  6559.7    	  1451.3    	  7388.0    	  0.0000    	  3102.1    	 -3102.1    	 0.31815    	 2.50000E-03	  1131.7    	  5.7966    	  1.0000    	  5428.4    	  6879.7    	 0.72000    	  9737.8    	  1.0000    	 0.28507    	 0.28507    	 6.22362E-02	 6.22362E-02	 0.29000    	  116.00    	  0.0000    	  696.90    	  3.3000    	  324.10    	  207.82    	  355.99    	  208.09    	  0.0000    	  18.903    	  184.98    	  54.654    
   360.000    	       -    	  1989.0    	  3.7500    	  1.3800    	 0.31380    	  3.6316    	  14056.    	  6561.1    	  1452.6    	  7402.4    	  0.0000    	  3105.2    	 -3105.2    	 0.31832    	 2.50000E-03	  1132.5    	  5.7936    	  1.0000    	  5428.4    	  6881.1    	 0.66000    	  9742.2    	  1.0000    	 1.82845E-02	 1.82845E-02	 7.80619E-03	 7.83004E-03	 0.28913    	  115.65    	  0.0000    	  696.90    	  1.4000    	  324.39    	  208.10    	  356.05    	  208.15    	  0.0000    	  14.860    	  41.341    	  55.576    
   361.000    	       -    	  1989.0    	  0.0000    	  1.2600    	 0.31421    	  3.6264    	  14000.    	  6559.0    	  1450.6    	  7416.9    	  0.0000    	  3107.6    	 -3107.6    	 0.31856    	 2.50000E-03	  1133.1    	  5.7887    	  1.0000    	  5428.4    	  6879.0    	 0.61000    	  9742.6    	  1.0000    	 0.13018    	 0.13018    	 2.86989E-02	 2.87932E-02	 0.28907    	  115.63    	  0.0000    	  696.90    	  1.1000    	  324.41    	  208.12    	  356.06    	  208.16    	  0.0000    	  0.0000    	  0.0000    	  55.780    
   362.000    	       -    	  1989.0    	  1.4000    	 0.40000    	 0.31469    	  3.5904    	  13948.    	  6544.6    	  1436.1    	  7431.3    	  12.458    	  3107.6    	 -3107.6    	 0.31863    	 2.50000E-03	  1133.6    	  5.7731    	  1.0000    	  5428.4    	  6864.6    	 0.63000    	  9740.7    	  1.0000    	  0.0000    	  0.0000    	 1.94397E-03	 1.95309E-03	 0.28867    	  115.47    	 0.30000    	  696.90    	  1.7000    	  324.54    	  208.25    	  356.09    	  208.19    	  0.0000    	  0.0000    	  0.0000    	  55.780    
   363.000    	       -    	  1989.0    	 0.20000    	 0.89000    	 0.31524    	  3.5546    	  14009.    	  6530.3    	  1421.9    	  7445.6    	  15.689    	  3107.6    	 -3107.6    	 0.31899    	 2.50000E-03	  1133.8    	  5.7596    	  1.0000    	  5428.4    	  6850.3    	 0.54000    	  9729.6    	  1.0000    	 9.15907E-02	 9.15907E-02	 2.10610E-02	 2.11602E-02	 0.28866    	  115.47    	  0.0000    	  697.20    	  2.9000    	  324.54    	  208.25    	  356.09    	  208.19    	  0.0000    	  0.0000    	  0.0000    	  55.780    
   364.000    	       -    	  1989.0    	 0.35000    	 0.56000    	 0.31587    	  3.5193    	  13965.    	  6516.2    	  1407.7    	  7459.7    	  21.764    	  3107.6    	 -3107.6    	 0.31925    	 2.50000E-03	  1134.2    	  5.7451    	  1.0000    	  5428.4    	  6836.2    	 0.55000    	  9721.5    	  1.0000    	  0.0000    	  0.0000    	 1.00812E-02	 1.01388E-02	 0.28838    	  115.35    	 0.30000    	  697.20    	  2.6000    	  324.63    	  208.34    	  356.11    	  208.21    	  0.0000    	  0.0000    	  0.0000    	  55.780    
   365.000    	       -    	  1989.0    	 0.30000    	 0.39000    	 0.31656    	  3.4842    	  13990.    	  6502.1    	  1393.7    	  7473.8    	  24.781    	  3107.6    	 -3107.6    	 0.31961    	 2.50000E-03	  1134.5    	  5.7315    	  1.0000    	  5428.4    	  6822.1    	 0.59000    	  9710.6    	  1.0000    	  0.0000    	  0.0000    	 7.03123E-03	 7.07198E-03	 0.28836    	  115.34    	 0.30000    	  697.50    	  2.4000    	  324.63    	  208.34    	  356.12    	  208.22    	  0.0000    	  0.0000    	  0.0000    	  55.780    




